ID	A*24:02	A*32:01	B*14:01	B*44:02	C*05:01	C*08:02	Gene	AA Change	Num Passing Transcripts	Best Peptide class1	Best Transcript class1	TSL	Allele	Pos	Prob Pos	Num Passing Peptides	IC50 MT class1	IC50 WT class1	percentile MT class1	percentile WT class1	RNA Expr	RNA VAF	Allele Expr	RNA Depth	DNA VAF	Tier	Ref Match	Evaluation	Comments	Best Peptide class2	Best Transcript class2	IC50 MT class2	IC50 WT class2	percentile MT class2	percentile WT class2	DPA1*01:03-DPB1*02:01	DPA1*01:03-DPB1*04:01	DQA1*02:01-DQB1*02:02	DQA1*02:01-DQB1*03:01	DQA1*05:05-DQB1*02:02	DQA1*05:05-DQB1*03:01	DRB1*07:01	DRB1*11:04	DRB3*02:02	DRB4*01:01	Transcript Support Level	Transcript Length	Biotype	Ensembl Gene ID	Variant Type	Mutation	Protein Position	Gene Name	HGVSc	HGVSp	Peptide Length	Sub-peptide Position	Mutation Position	WT Epitope Seq	Best MT IC50 Score Method	Best MT IC50 Score	Corresponding WT IC50 Score	Corresponding Fold Change	Best MT Percentile Method	Best MT Percentile	Corresponding WT Percentile	Tumor DNA Depth	Tumor DNA VAF	Tumor RNA Depth	Tumor RNA VAF	Normal Depth	Normal VAF	Gene Expression	Transcript Expression	Median MT IC50 Score	Median WT IC50 Score	Median Fold Change	Median MT Percentile	Median WT Percentile	BigMHC_EL WT Score	BigMHC_EL MT Score	BigMHC_IM WT Score	BigMHC_IM MT Score	MHCflurryEL Processing WT Score	MHCflurryEL Processing MT Score	MHCflurryEL Presentation WT Score	MHCflurryEL Presentation MT Score	MHCflurryEL Presentation WT Percentile	MHCflurryEL Presentation MT Percentile	MHCflurry WT IC50 Score	MHCflurry MT IC50 Score	MHCflurry WT Percentile	MHCflurry MT Percentile	MHCnuggetsI WT IC50 Score	MHCnuggetsI MT IC50 Score	MHCnuggetsI WT Percentile	MHCnuggetsI MT Percentile	NetMHC WT IC50 Score	NetMHC MT IC50 Score	NetMHC WT Percentile	NetMHC MT Percentile	NetMHCcons WT IC50 Score	NetMHCcons MT IC50 Score	NetMHCcons WT Percentile	NetMHCcons MT Percentile	NetMHCpan WT IC50 Score	NetMHCpan MT IC50 Score	NetMHCpan WT Percentile	NetMHCpan MT Percentile	NetMHCpanEL WT Score	NetMHCpanEL MT Score	NetMHCpanEL WT Percentile	NetMHCpanEL MT Percentile	PickPocket WT IC50 Score	PickPocket MT IC50 Score	PickPocket WT Percentile	PickPocket MT Percentile	SMM WT IC50 Score	SMM MT IC50 Score	SMM WT Percentile	SMM MT Percentile	SMMPMBEC WT IC50 Score	SMMPMBEC MT IC50 Score	SMMPMBEC WT Percentile	SMMPMBEC MT Percentile	Index	DeepImmuno WT Score	DeepImmuno MT Score	Problematic Positions	cterm_7mer_gravy_score	max_7mer_gravy_score	difficult_n_terminal_residue	c_terminal_cysteine	c_terminal_proline	cysteine_count	n_terminal_asparagine	asparagine_proline_bond_count
chr7-152146678-152146695-AGCATTTCAGACTTTTTT-A	2.0	1.0	1.0				KMT2C	FS4645-4651	13	GTHSGITSW	ENST00000262189.11	1.0	HLA-A*32:01	1-9		4	236.67		0.345		301.554	0.406	122.431	401	0.238	Pass	False	Pending	No comments	VSPAFPSVFKRRGSVWPD	ENST00000262189.11	1022.39		39.0		22.0			138.0	5.0	42.0	44.0	4.0			1.0	4911	protein_coding	ENSG00000055609	FS	RKKSEML/SX	4645-4651	KMT2C	ENST00000262189.11:c.13935_13951del	ENSP00000262189.6:p.Arg4645SerfsTer32	9	30	1-9		MHCflurry	38.711			MHCflurry	0.006		437	0.238	401	0.406	211	0.0	301.554	0.099	236.67			0.345			0.9701737		0.30001637		0.9062450155615808		0.98163794384377		0.006168478260875		38.71109816412957		0.066625		229.72		0.73		232.14		0.19		241.2		1.2		159.8		0.16		0.82387		0.02		751.2243258762381		0.5		399.88949916863174		2.5		512.8141498875078		2.9	88.KMT2C.ENST00000262189.11.FS.4645-4651AGCATTTCAGACTTTTTT/A				-0.3285714285714286	-0.2428571428571429	False	False	False	0	False	0
chr3-112827455-112827456-G-A					3.0	2.0	CD200R1L	P114L	3	LVDTTHDGY	ENST00000398214.5	1.0	HLA-C*05:01	1		3	223.535	3025.297	0.71	3.674	0.012	0.671	0.008	70	0.318	LowExpr	False	Pending	No comments	DLQIRLVDTTHDGYY	ENST00000398214.5	228.71	668.23	4.0	9.0				9.0	1.0	1.0	3.0	1.0		47.0	1.0	271	protein_coding	ENSG00000206531	missense	P/L	114	CD200R1L	ENST00000398214.5:c.341C>T	ENSP00000381272.1:p.Pro114Leu	9	9	1	PVDTTHDGY	SMM	2.677	2.696	1.007	NetMHC	0.14	1.9	644	0.318	70	0.671	408	0.0	0.012	0.0	223.535	3025.297	13.534	0.71	3.674	0.0007707017	0.019625228	0.096764766	0.4064248	0.1177867352962493	0.5381470061838627	0.0446777932725188	0.7492131386140275	5.671874999999957	0.3592934782608381	3082.082370575448	197.3391446910332	3.448375	0.7736249999999991	23130.14	11223.33	75.08	40.22	6648.16	219.8	1.9	0.14	2327.08	227.27	2.6	0.63	17662.85	2660.58	5.5	0.75	0.009878	0.128888	3.0	0.67	2968.5121663285818	1262.7582159361314	12.0	3.8	2.695690325435015	2.677133323762562	0.3	0.3	32.30501894020072	11.594979896760382	3.9	1.6	31.CD200R1L.ENST00000398214.5.missense.114P/L				-1.9000000000000004	-0.5142857142857143	False	False	False	0	False	0
chr11-65585072-65585073-G-A	2.0	3.0					EHBP1L1	A1139T	4	TYLCQIRTF	ENST00000309295.9	1.0	HLA-A*24:02	8	4.0	5	52.811	101.635	0.04	0.15	142.388	0.487	69.343	1004	0.185	Subclonal	False	Pending	No comments	LIVMTYLCQIRTFCT	ENST00000309295.9	197.5	119.25	17.0	11.0	77.0	42.0	28.0	36.0	32.0		68.0	25.0		59.0	1.0	1523	protein_coding	ENSG00000173442	missense	A/T	1139	EHBP1L1	ENST00000309295.9:c.3415G>A	ENSP00000312671.4:p.Ala1139Thr	9	2	8	TYLCQIRAF	NetMHCpan	10.3	30.34	2.946	MHCflurry	0.008	0.018	1121	0.185	1004	0.487	431	0.0	142.388	79.685	52.811	101.635	1.924	0.04	0.15	0.5827214	0.9029816	0.47034097	0.4053564	0.7715625390410423	0.7924474403262138	0.9715718644894936	0.979096725479606	0.0176630434782936	0.0084239130434866	37.5676637407968	29.304241195671416	0.040625	0.00775	1667.66	710.78	0.11	0.04	106.07	23.33	0.19	0.04	79.57	19.49	0.31	0.07	30.34	10.3	0.05	0.02	0.76246	0.947717	0.07	0.01	97.19956287694896	84.44573144366122	0.2	0.2	162.04289741419848	76.31853058575487	0.3	0.3	190.96773626809497	87.89415595934145	0.4	0.3	170.EHBP1L1.ENST00000309295.9.missense.1139A/T	0.3106534	0.31683755	4	0.7	0.7	False	False	False	1	False	0
chr11-20100975-20100976-C-T		1.0		1.0	2.0	2.0	NAV2	S2074F	5	SLDSLVFEF	ENST00000349880.9	1.0	HLA-C*05:01	9		3	142.465	1101.595	0.16	3.25	50.454	0.234	11.806	734	0.099	Subclonal	False	Pending	No comments	SLVFEFLIPKPIL	ENST00000349880.9	18.55	21.55	1.6	1.9	94.0	78.0	34.0	28.0	70.0	10.0	64.0	51.0	22.0	74.0	1.0	2429	protein_coding	ENSG00000166833	missense	S/F	2074	NAV2	ENST00000349880.9:c.6221C>T	ENSP00000309577.6:p.Ser2074Phe	9	1	9	SLDSLVFES	MHCnuggetsI	4.61	151.04	32.764	MHCflurry	0.045	1.577	728	0.099	734	0.234	269	0.0	50.454	4.238	142.465	1101.595	7.732	0.16	3.25	0.00057703565	0.26511317	0.19933577	0.20460115	0.022276584059	0.5898570008575916	0.1282447259977537	0.9510674604258356	2.4632608695651186	0.0451630434782828	668.921190086575	34.65091918051207	1.5768749999999985	0.0715	151.04	4.61	3.41	0.05	12899.82	533.63	3.3	0.22	6646.79	153.95	5.4	0.57	10716.03	130.98	2.8	0.1	0.008898	0.795573	3.2	0.09	1534.2695396588344	942.861739365281	4.8	2.7	20.496041889216688	13.386591166189838	2.7	1.8	206.66645976973172	156.05223749125537	13.0	9.9	160.NAV2.ENST00000349880.9.missense.2074S/F				0.8285714285714285	1.3571428571428572	False	False	False	0	False	0
chr3-147413414-147413415-C-T	1.0			1.0	1.0	1.0	ZIC1	S403F	2	YEFSTPPTI	ENST00000282928.5	1.0	HLA-B*44:02	3		3	305.566	355.209	0.3	0.362	102.589	0.216	22.159	1962	0.072	Subclonal	False	Pending	No comments	ASSGYEFSTPPTIVS	ENST00000282928.5	51.12	94.1	3.6	4.8	8.0			98.0		46.0	49.0		20.0		1.0	447	protein_coding	ENSG00000152977	missense	S/F	403	ZIC1	ENST00000282928.5:c.1208C>T	ENSP00000282928.4:p.Ser403Phe	9	7	3	YESSTPPTI	MHCflurry	93.816	107.112	1.142	MHCflurry	0.085	0.324	1685	0.072	1962	0.216	415	0.0	102.589	12.283	305.566	355.209	1.162	0.3	0.362	0.13696192	0.1568173	0.006945488	0.006221746	0.3156453445553779	0.7325449399650097	0.7110991337775189	0.9244576386926188	0.4195652173912947	0.0847826086956331	107.11160043282078	93.81585165032926	0.3239999999999999	0.2759999999999999	4814.5	4880.94	3.3300000000000005	4.5600000000000005	539.52	448.18	0.47	0.41	161.63	169.69	0.24	0.25	799.84	638.13	0.4	0.34	0.513514	0.506945	0.19	0.19	371.82329261838333	299.47266837663403	0.3	0.3	278.35562375774316	238.56130399309157	0.3	0.3	338.5945784974072	311.6592347758843	0.5	0.4	38.ZIC1.ENST00000282928.5.missense.403S/F	0.34465417	0.35930994		0.2714285714285713	0.2714285714285713	False	False	False	0	False	0
chr6-70556811-70556812-C-G	1.0					1.0	FAM135A	H1431D	6	RYVPYDSARI	ENST00000370479.7	1.0	HLA-A*24:02	6		2	163.881	190.227	0.226	0.234	36.901	0.302	11.144	609	0.147	Subclonal	False	Pending	No comments	LQDRYVPYDSARIEM	ENST00000370479.7	176.215	42.325	13.0	2.9	6.0			55.0	24.0	7.0	50.0	13.0		16.0	1.0	1515	protein_coding	ENSG00000082269	missense	H/D	1431	FAM135A	ENST00000370479.7:c.4291C>G	ENSP00000359510.4:p.His1431Asp	10	5	6	RYVPYHSARI	NetMHC	40.7	29.14	0.716	MHCnuggetsI	0.06	0.06	539	0.147	609	0.302	213	0.0	36.901	0.0	163.881	190.227	1.161	0.226	0.234	0.17936037	0.27002296	0.21740188	0.16075121	0.437132004648447	0.5470630154013634	0.8068040090848032	0.8852570256259708	0.2683967391303952	0.1447826086956638	96.7514513354612	76.75789627213268	0.2951249999999998	0.2228749999999999	860.06	861.93	0.06	0.06	29.14	40.7	0.06	0.08	57.2	107.14	0.09	0.23	71.17	105.98	0.11	0.15	0.377865	0.349095	0.27	0.3	283.7019639618546	375.8681811436352	0.2	0.3	312.4064558841124	250.4494025429836	0.7	0.6	288.17081846576895	220.6226008282323	0.7	0.5	58.FAM135A.ENST00000370479.7.missense.1431H/D	0.15911585	0.38019568		-0.7714285714285715	-0.3571428571428571	False	False	False	0	False	0
chr8-120413990-120413991-G-A		2.0	1.0				MRPL13	P172L	2	DAFPRLWTL	ENST00000306185.8	1.0	HLA-B*14:01	9		3	147.34	8441.82	0.023	3.787	46.377	0.144	6.678	890	0.088	Subclonal	False	Pending	No comments	DAFPRLWTLPEDYRL	ENST00000306185.8	643.36	1599.77	16.0	37.0	30.0	6.0		2.0	23.0			4.0		2.0	1.0	178	protein_coding	ENSG00000172172	missense	P/L	172	MRPL13	ENST00000306185.8:c.515C>T	ENSP00000306548.3:p.Pro172Leu	9	3	9	DAFPRLWTP	MHCflurry	51.229	4679.411	91.343	NetMHCpanEL	0.01	0.61	1072	0.088	890	0.144	185	0.0	46.377	16.43	147.34	8441.82	57.295	0.023	3.787	0.037578344	0.6943578	0.11117708	0.065079145	0.8463143408298492	0.8212293907999992	0.2909959418870392	0.9678909669159436	1.3987771739129613	0.0225815217391556	4679.4107820127765	51.22924439861601	3.786999999999999	0.028375	34892.78	21587.02	81.69	36.25					8441.82	135.37	6.8	0.02	7946.11	147.34	1.4	0.02	0.111582	0.811676	0.61	0.01	17505.314347699696	5869.132896433324	43.0	9.6									110.MRPL13.ENST00000306185.8.missense.172P/L				0.3857142857142856	0.3857142857142856	False	False	False	0	False	0
chr7-135189439-135189440-G-C		1.0			2.0	2.0	WDR91	L558V	5	SVDPEPIAI	ENST00000354475.5	1.0	HLA-C*08:02	2		3	148.798	178.342	0.2	0.275	86.087	0.071	6.112	1266	0.06	Subclonal	False	Pending	No comments	TKTMKQQLQFSVDPE	ENST00000354475.5	136.33	123.29	6.1	5.6	10.0	7.0	37.0	107.0	49.0	40.0	31.0	21.0	5.0	53.0	1.0	747	protein_coding	ENSG00000105875	missense	L/V	558	WDR91	ENST00000354475.5:c.1672C>G	ENSP00000346466.4:p.Leu558Val	9	8	2	SLDPEPIAI	MHCflurry	26.475	29.185	1.102	MHCflurry	0.005	0.013	581	0.06	1266	0.071	203	0.0	86.087	0.0	148.798	178.342	1.199	0.2	0.275	0.6042509	0.8421725	0.26774138	0.1469604	0.6199836656451225	0.6619400717318058	0.9623296825859454	0.9702177393062298	0.0298641304348024	0.018722826087	29.18504154415533	26.474669968400782	0.01275	0.0049999999999999	515.57	189.29	42.22	23.65	2135.42	2614.49	0.15	0.2	874.09	942.86	0.47	0.49	144.46	101.68	0.08	0.06	0.951742	0.975496	0.03	0.01	184.0363206720129	108.30637289985418	0.4	0.2	172.6473831303842	220.3738200673435	1.7	2.7	72.78133208071381	71.12462670001878	0.4	0.4	73.WDR91.ENST00000354475.5.missense.558L/V				0.0857142857142857	0.0857142857142857	False	False	False	0	False	0
chr19-746460-746461-C-T		1.0					PALM	R271W	4	RTTPSRWEI	ENST00000338448.10	1.0	HLA-A*32:01	7		1	326.177	1787.72	0.31	3.55	42.701	0.225	9.608	338	0.078	Subclonal	False	Pending	No comments	SRWEITGVQAQPGEAT	ENST00000338448.10	49.29	71.33	4.16	7.71				91.0	3.0	11.0	9.0			34.0	1.0	387	protein_coding	ENSG00000099864	missense	R/W	271	PALM	ENST00000338448.10:c.811C>T	ENSP00000341911.4:p.Arg271Trp	9	3	7	RTTPSRREI	MHCnuggetsI	40.3	13027.95	323.274	NetMHCpan	0.1	0.84	614	0.078	338	0.225	188	0.0	42.701	1.872	326.177	1787.72	5.481	0.31	3.55	0.0044407668	0.08702798	0.0027307898	0.013714722	0.0476330816745758	0.3082087785005569	0.4233067194793735	0.8232592930746145	0.999320652173779	0.2409510869564997	140.22781264246976	54.061000763740175	0.5237499999999999	0.1525	13027.95	40.3	9.44	0.2799999999999999	7167.75	482.7	3.4	0.34	3325.66	454.22	5.7	1.7	1475.67	82.19	0.84	0.1	0.183395	0.514446	0.42	0.1	2099.770321630722	1017.0464840378708	3.7	1.1	977.1022199701232	479.6671755895266	4.6	2.8	749.8251447039386	198.1344528825882	3.8	1.4	258.PALM.ENST00000338448.10.missense.271R/W				-1.0714285714285714	-1.0714285714285714	False	False	False	0	False	0
chr6-88144730-88144731-G-A	1.0				2.0	2.0	CNR1	R182C	6	CKDSRNVFL	ENST00000369501.3	1.0	HLA-C*05:01	1	1.0	3	273.226	382.472	1.206	1.074	4.604	0.468	2.155	389	0.181	Subclonal	False	Pending	No comments	FVYSFIDFHVFHCKD	ENST00000369501.3	95.105	41.175	1.77	0.64	69.0	53.0	2.0	4.0	6.0	1.0	78.0	36.0		18.0	1.0	472	protein_coding	ENSG00000118432	missense	R/C	182	CNR1	ENST00000369501.3:c.544C>T	ENSP00000358513.2:p.Arg182Cys	9	9	1	RKDSRNVFL	SMM	55.42	54.534	0.984	NetMHC	0.28	0.15	1134	0.181	389	0.468	335	0.0	4.604	0.066	273.226	382.472	1.4	1.206	1.074	0.02466728	0.0045919167	0.10914206	0.11559188	0.4910823106765747	0.0837941206991672	0.5218994351012245	0.3800760810348343	0.7749456521737841	1.111657608695495	468.6936029852614	192.54013361336428	1.2977499999999986	0.7632499999999992	1818.97	198.0	13.14	4.03	283.21	787.37	0.15	0.28	1936.11	5099.03	2.3	4.3	3111.84	3547.95	0.85	0.95	0.148743	0.045106	0.61	1.3	296.2499067258409	348.4518481772322	0.5	0.7	54.53433228132507	55.42044389747279	5.5	5.6	111.2423103536646	115.94979896760375	8.4	8.6	67.CNR1.ENST00000369501.3.missense.182R/C			1	-0.2142857142857145	-0.2142857142857145	True	False	False	1	False	0
chr17-42856295-42856296-G-T	1.0	1.0					AOC3	A680S	4	AWVTSGFLHI	ENST00000308423.7	1.0	HLA-A*24:02	5		2	424.122	379.969	0.74	0.685	6.324	0.16	1.012	100	0.211	Subclonal	False	Pending	No comments	VAWVTSGFLHIPHA	ENST00000308423.7	23.75	58.525	0.03	0.19	57.0	53.0	3.0	86.0	35.0	37.0	75.0	14.0	1.0	10.0	1.0	763	protein_coding	ENSG00000131471	missense	A/S	680	AOC3	ENST00000308423.7:c.2038G>T	ENSP00000312326.1:p.Ala680Ser	10	6	5	AWVTAGFLHI	MHCflurry	167.78	181.324	1.081	NetMHCpan	0.39	0.36	818	0.211	100	0.16	310	0.0	6.324	2.472	424.122	379.969	0.896	0.74	0.685	0.611596	0.61857736	0.094461195	0.09434248	0.2714258059859276	0.3077412508428097	0.5579732982420247	0.6075046950716493	0.6995923913042361	0.6017663043477768	181.3237827506238	167.78018236994453	0.4929999999999995	0.4658749999999995	5026.16	4867.72	0.67	0.52	287.15	607.35	0.46	0.87	312.72	398.91	0.5	0.61	376.54	437.36	0.36	0.39	0.038474	0.05792	1.5	1.2	1121.0669072114465	1145.5906828097525	0.9	1.0	397.8505840979133	410.88472851595384	0.9	1.0	383.3981385601453	406.1159064958722	0.9	1.0	252.AOC3.ENST00000308423.7.missense.680A/S	0.65668255	0.5041828		0.857142857142857	1.1428571428571428	False	False	False	0	False	0
chr11-65617661-65617662-C-T		1.0			1.0	1.0	PCNX3	S178F	1	FADREMLKL	ENST00000355703.4	5.0	HLA-C*05:01	1		2	59.098	253.732	0.13	0.67	102.852	0.236	24.273	1324	0.077	Poor	False	Pending	No comments	NNVIVTFADREMLKL	ENST00000355703.4	183.57	2743.45	8.1	46.0	56.0	13.0	23.0	52.0	48.0	2.0	46.0	28.0		24.0	5.0	2034	protein_coding	ENSG00000197136	missense	S/F	178	PCNX3	ENST00000355703.4:c.533C>T	ENSP00000347931.3:p.Ser178Phe	9	9	1	SADREMLKL	NetMHCpan	12.01	64.42	5.364	MHCflurry	0.008	0.015	910	0.077	1324	0.236	320	0.0	102.852	72.796	59.098	253.732	4.293	0.13	0.67	0.771527	0.942245	0.078587994	0.16015851	0.4558850973844528	0.6838147416710854	0.9401836472455368	0.9736949244933308	0.0617934782608813	0.0153804347826422	26.468191271588378	25.137754692962123	0.0145	0.008	135.64	70.26	3.19	2.03	2074.46	121.78	0.64	0.09	386.17	25.41	0.82	0.17	64.42	12.01	0.06	0.02	0.965119	0.991743	0.02	0.01	371.82329261838333	228.49828361491845	0.7	0.3	58.03232895069697	47.93690601562205	5.7	5.1	474.5369122104366	142.32133209776742	19.0	9.4	174.PCNX3.ENST00000355703.4.missense.178S/F				-0.8428571428571427	-0.1714285714285714	False	False	False	0	False	0
chr8-143921424-143921425-C-T					1.0	1.0	PLEC	R2936Q	14	IVQEHGIRL	ENST00000322810.8	1.0	HLA-C*08:02	3		1	519.031	5267.56	1.7	4.15	408.989	0.188	76.89	6067	0.147	Poor	False	Pending	No comments	IVQEHGIRLLEAQIA	ENST00000322810.8	54.905	51.675	1.47	1.25	36.0	35.0	6.0	76.0	19.0	21.0	85.0	81.0	5.0	102.0	1.0	4684	protein_coding	ENSG00000178209	missense	R/Q	2936	PLEC	ENST00000322810.8:c.8807G>A	ENSP00000323856.4:p.Arg2936Gln	9	7	3	IVREHGIRL	MHCnuggetsI	50.47	61.53	1.219	MHCflurry	0.135	1.238	4113	0.147	6067	0.188	852	0.0	408.989	49.926	519.031	5267.56	10.149	1.7	4.15	9.5263626e-05	0.00616763	0.008307064	0.02767149	0.0825127437710762	0.149346474558115	0.0949903536513393	0.7088490713753134	3.037282608695577	0.4232336956521578	1179.249183315315	59.10890298106235	1.2382499999999994	0.1345	61.53	50.47	8.05	6.16	16858.81	10090.49	4.8	1.9	5324.55	2352.4	3.5	1.5	12433.23	2880.18	2.7	0.6	0.045122	0.336717	1.2	0.29	5210.570464861065	618.2842486218158	25.0	2.3	2183.534207407752	325.2070860363459	36.0	4.5	11885.5696124754	419.7783150517023	93.0	6.0	116.PLEC.ENST00000322810.8.missense.2936R/Q				-0.9714285714285714	0.3714285714285713	False	False	False	0	False	0
chr17-4596878-4596879-G-A			1.0				SMTNL2	A337T	2	TRLKRSQSF	ENST00000389313.9	1.0	HLA-B*14:01	1		1	508.61	1629.15	0.186	0.587	19.972	0.97	19.373	67	0.389	Poor	False	Pending	No comments	EARTRLKRSQSFGVA	ENST00000389313.9	13.15	13.35	0.64	0.73				35.0		15.0	35.0	20.0	1.0	28.0	1.0	461	protein_coding	ENSG00000188176	missense	A/T	337	SMTNL2	ENST00000389313.9:c.1009G>A	ENSP00000373964.4:p.Ala337Thr	9	9	1	ARLKRSQSF	MHCflurry	90.875	155.641	1.713	NetMHCpanEL	0.02	0.05	974	0.389	67	0.97	274	0.004	19.972	7.701	508.61	1629.15	3.203	0.186	0.587	0.39129496	0.81737345	0.0644881	0.1343692	0.2966201417148113	0.5115520395338535	0.6154881581459642	0.8523991834502257	0.5868206521738557	0.196277173913046	155.64059142535982	90.87548666196392	0.4072499999999997	0.185625	22768.33	23521.82	39.32	41.36					1629.15	438.79	0.84	0.16	1565.86	508.61	0.15	0.05	0.504797	0.710338	0.05	0.02	5099.027255984747	3380.0760613847024	7.8	3.9									231.SMTNL2.ENST00000389313.9.missense.337A/T				-0.9857142857142857	-0.9857142857142857	False	False	False	0	False	0
chr8-132814840-132814841-G-T	1.0						PHF20L1	D379Y	4	EYLTLVSQL	ENST00000395386.7	5.0	HLA-A*24:02	2		1	670.075	33422.164	0.76	34.0	148.939	0.257	38.277	1243	0.182	Poor	False	Pending	No comments	PELIQVEYLTLVSQL	ENST00000395386.7	30.81	527.94	0.99	17.0	83.0	76.0	48.0	64.0	61.0	20.0	72.0	41.0	9.0	103.0	5.0	1017	protein_coding	ENSG00000129292	missense	D/Y	379	PHF20L1	ENST00000395386.7:c.1135G>T	ENSP00000378784.2:p.Asp379Tyr	9	8	2	EDLTLVSQL	MHCflurry	46.113	19360.785	419.854	MHCnuggetsI	0.04	30.11	598	0.182	1243	0.257	141	0.0	148.939	0.0	670.075	33422.164	49.878	0.76	34.0	0.005208376	0.85161465	0.08065154	0.48748562	0.018982570618391	0.4976162612438202	0.0055018402547538	0.9139773621694656	46.22467391304348	0.099510869565222	19360.78491019997	46.113149730400494	7.6168749999999985	0.084625	5359.07	676.82	30.11	0.04	34348.01	636.6	37.0	0.91	33144.32	663.33	36.0	1.3	35499.65	873.06	31.0	0.61	0.001181	0.695612	7.5	0.11	20149.140442405565	514.4056055406149	37.0	1.2	33700.007692099294	754.4491959021827	34.0	1.3	34116.14880405748	716.0774540047117	34.0	1.2	113.PHF20L1.ENST00000395386.7.missense.379D/Y	0.54607105	0.33601546		1.514285714285714	1.514285714285714	True	False	False	0	False	0
chr7-150371970-150371971-C-T	1.0						REPIN1	R244C	6	CFRHKPNLI	ENST00000444957.3	1.0	HLA-A*24:02	1	1.0	1	1354.942	643.68	1.85	0.8	171.165	0.786	134.536	2193	0.376	Poor	False	Pending	No comments	ACCGKCFRHKPNLIA	ENST00000444957.3	74.92	153.275	11.0	19.0				2.0			45.0	34.0	28.0	13.0	1.0	567	protein_coding	ENSG00000214022	missense	R/C	244	REPIN1	ENST00000444957.3:c.730C>T	ENSP00000407714.1:p.Arg244Cys	9	9	1	RFRHKPNLI	MHCflurry	586.222	418.817	0.714	MHCflurry	0.936	0.795	1494	0.376	2193	0.786	475	0.0	171.165	0.0	1354.942	643.68	0.475	1.85	0.8	0.11866381	0.020421956	0.19241747	0.1442632	0.0576323010027408	0.0089732035994529	0.2080605485269128	0.1375903045887764	1.789619565217322	2.356766304347744	418.816730576393	586.2218608487078	0.7952499999999989	0.9364999999999988	4825.56	5382.03	0.5	50.77	583.35	1592.45	0.84	1.9	704.01	1376.93	1.4	1.9	1090.58	3437.76	0.7	1.7	0.173265	0.028531	0.56	1.8	784.45046119223	1332.953664331198	1.8	3.2	452.5118951902739	844.5590110442355	0.8	1.5	445.61520383033826	1037.432860320021	0.8	1.8	84.REPIN1.ENST00000444957.3.missense.244R/C	0.3332994	0.5006498	1	-1.1999999999999995	-1.1999999999999995	True	False	False	1	False	0
chr14-65077834-65077836-ACT-A	1.0	2.0				1.0	MAX	FS124-125	2	SVAGLVLLL	ENST00000284165.10	1.0	HLA-A*32:01	1-9		4	516.004		1.31		81.037	0.119	9.643	67	0.114	Poor	False	Pending	No comments	QSWSMCSVAGLVL	ENST00000284165.10	56.155		4.7		28.0			136.0	19.0	85.0	93.0	2.0			1.0	134	protein_coding	ENSG00000125952	FS	RV/SX	124-125	MAX	ENST00000284165.10:c.372_373del	ENSP00000284165.6:p.Arg124SerfsTer21	9	18	1-9		MHCflurry	61.898			NetMHCpanEL	0.18		491	0.114	67	0.119	167	0.0	81.037	2.097	516.004			1.31			0.0018727193		0.0010926406		0.3656925372779369		0.8334773799744697		0.2252989130434741		61.89801843303873		0.192125		5439.98		4.54		1018.45		0.62		628.4		2.0		316.12		0.27		0.361534		0.18		2812.1856201345004		5.9		295.0801530207412		2.0		403.608217565033		2.5	211.MAX.ENST00000284165.10.FS.124-125ACT/A				2.9714285714285715	3.0285714285714285	False	False	False	0	False	0
chr17-7674887-7674888-T-C		1.0					TP53	S215G	20	NTFRHGVVVPY	ENST00000269305.9	1.0	HLA-A*32:01	6		1	1475.089	1902.783	2.149	2.986	233.976	0.923	215.96	1201	0.419	Poor	False	Pending	No comments	DRNTFRHGVVVPYEPPE	ENST00000269305.9	170.35	227.465	9.0	18.0	1.0			44.0	30.0	5.0	34.0	7.0			1.0	393	protein_coding	ENSG00000141510	missense	S/G	215	TP53	ENST00000269305.9:c.643A>G	ENSP00000269305.4:p.Ser215Gly	11	6	6	NTFRHSVVVPY	MHCnuggetsI	27.4	247.71	9.041	MHCnuggetsI	0.22	0.77	766	0.419	1201	0.923	223	0.0	233.976	18.476	1475.089	1902.783	1.29	2.149	2.986	0.0049637533	0.026027858	0.0024993855	0.0051092072	0.2151654362678527	0.2212504968047142	0.0815460969103161	0.1386134916572846	3.3897826086955547	2.3454619565216603	2271.295798984752	1258.987804094793	2.5827500000000003	1.9520000000000013	247.71	27.4	0.77	0.22	9588.33	7684.01	4.5	3.7	209.55	352.24	0.78	1.3	7675.37	8012.24	3.6	3.7	0.008093	0.008676	3.9	3.8	1534.2695396588344	1691.1899649121788	0.4	0.5									232.TP53.ENST00000269305.9.missense.215S/G				0.8714285714285716	1.042857142857143	False	False	False	0	True	0
chr9-108900327-108900328-G-T			1.0				ELP1	L688M	18	NHVSHGEVM	ENST00000374647.10	1.0	HLA-B*14:01	9		1	1079.87	735.01	0.1	0.07	29.441	0.737	21.698	605	0.253	Poor	False	Pending	No comments	EVMRKVERGSRIVTVVP	ENST00000374647.10	109.83	105.27	13.0	13.0			1.0	76.0	1.0	35.0	40.0	33.0	4.0	26.0	1.0	1332	protein_coding	ENSG00000070061	missense	L/M	688	ELP1	ENST00000374647.10:c.2062C>A	ENSP00000363779.5:p.Leu688Met	9	1	9	NHVSHGEVL	MHCflurry	46.903	41.582	0.887	MHCflurry	0.016	0.007	363	0.253	605	0.737	172	0.0	29.441	0.0	1079.87	735.01	0.681	0.1	0.07	0.05859018	0.006219627	0.10609072	0.044488482	0.9056051820516586	0.7868180051445961	0.9802990778055612	0.9667516702142944	0.0072554347826212	0.0240489130435008	41.58150664499582	46.90273078145252	0.0075	0.016125	7181.74	16706.68	9.1	25.2					1719.85	1964.0	0.92	1.2	735.01	1079.87	0.07	0.1	0.603883	0.469374	0.02	0.05	401.07850032761297	392.4925723107973	0.2	0.2									136.ELP1.ENST00000374647.10.missense.688L/M				0.3428571428571429	0.3428571428571429	False	False	False	0	True	0
chr11-61485338-61485339-G-T				1.0			PPP1R32	G171V	2	RENFRHVPRF	ENST00000338608.7	1.0	HLA-B*44:02	7		1	149.65	181.88	0.3	0.3	4.04	0.125	0.505	48	0.082	Poor	False	Pending	No comments	PLERENFRHVPRFMT	ENST00000338608.7	212.065	1056.41	17.0	44.0	73.0	9.0		8.0			54.0	33.0	3.0	2.0	1.0	425	protein_coding	ENSG00000162148	missense	G/V	171	PPP1R32	ENST00000338608.7:c.512G>T	ENSP00000344140.2:p.Gly171Val	10	4	7	RENFRHGPRF	NetMHC	86.41	130.18	1.507	NetMHC	0.13	0.17	462	0.082	48	0.125	147	0.0	4.04	1.139	149.65	181.88	1.215	0.3	0.3	0.10763355	0.2123826	0.02238294	0.017766923	0.17591168358922	0.2651080191135406	0.6497402440365361	0.6903585832458035	0.5244836956521368	0.4548369565217172	86.14799898126006	98.65609652700124	0.2432499999999999	0.2941249999999999	4728.15	4754.88	2.0500000000000003	2.42	130.18	86.41	0.17	0.13	375.87	253.23	0.49	0.36	233.58	176.05	0.17	0.14	0.541656	0.453733	0.17	0.23	801.6106208174193	625.0102685141759	0.3	0.3	69.96647594166272	95.25548662165862	0.3	0.3	89.08200842742016	123.25087183145934	0.3	0.4	168.PPP1R32.ENST00000338608.7.missense.171G/V	0.39023834	0.35023692		-0.5714285714285715	-0.5714285714285715	False	False	False	0	False	0
chr22-22487839-22487840-A-G					1.0	1.0	ZNF280B	I520T	3	SVDVASTTV	ENST00000626650.3	2.0	HLA-C*05:01	7		1	78.629	109.476	0.33	0.51	1.639	0.104	0.17	115	0.079	Poor	False	Pending	No comments	PGSVDVASTTVSTSD	ENST00000626650.3	34.775	35.68	2.31	2.01			6.0	103.0		4.0	2.0			11.0	2.0	543	protein_coding	ENSG00000275004	missense	I/T	520	ZNF280B	ENST00000626650.3:c.1559T>C	ENSP00000485750.1:p.Ile520Thr	9	3	7	SVDVASITV	MHCflurry	26.117	27.393	1.049	MHCflurry	0.013	0.02	569	0.079	115	0.104	328	0.0	1.639	0.0	78.629	109.476	1.392	0.33	0.51	0.7970504	0.81323653	0.22679676	0.24051417	0.4767428003251552	0.5272913761436939	0.9424178571724316	0.9534887564766024	0.058288043478285	0.0427173913043645	27.39291965260609	26.116511875480825	0.02	0.013125	33.08	30.88	1.1	1.03	735.82	330.97	0.27	0.16	301.1	126.7	0.75	0.5	62.18	53.68	0.06	0.05	0.878181	0.919163	0.06	0.05	605.0485751856643	520.0015791455069	1.6	1.2	59.93354962672964	34.250743231589134	5.8	4.1	156.77254189198942	103.57859125553384	9.9	8.1	269.ZNF280B.ENST00000626650.3.missense.520I/T				0.6428571428571429	0.6428571428571429	False	False	False	0	False	0
chr2-200853439-200853440-G-C				1.0			CLK1	L441V	3	KEFMVSQDV	ENST00000321356.9	1.0	HLA-B*44:02	5		1	710.991	588.37	0.698	0.78	93.946	0.104	9.77	1038	0.06	Poor	False	Pending	No comments	PLKEFMVSQDVEHERL	ENST00000321356.9	192.27	187.955	1.6	1.7	21.0	7.0	22.0		55.0		30.0	8.0		58.0	1.0	484	protein_coding	ENSG00000013441	missense	L/V	441	CLK1	ENST00000321356.9:c.1321C>G	ENSP00000326830.4:p.Leu441Val	9	5	5	KEFMLSQDV	MHCflurry	181.963	198.293	1.09	NetMHC	0.4	0.29	433	0.06	1038	0.104	155	0.0	93.946	0.0	710.991	588.37	0.828	0.698	0.78	0.04690349	0.041187566	0.02549805	0.025730578	0.1257059350609779	0.3026600703597069	0.4086542940682379	0.5841992578428818	1.0341304347824831	0.6467391304347245	198.29251663740575	181.96252357120767	0.5368749999999997	0.5104999999999998	4582.93	4650.25	0.7799999999999999	1.21	271.68	427.98	0.29	0.4	356.07	434.98	0.54	0.62	560.6	800.5	0.31	0.4	0.085816	0.092511	0.78	0.75	1332.953664331198	1262.7582159361314	2.0	1.9	617.4474480506827	733.8376673335396	0.8	1.0	616.1408452124176	688.1450654742008	0.8	0.9	21.CLK1.ENST00000321356.9.missense.441L/V	0.42670116	0.39114907		0.7571428571428569	0.7571428571428569	False	False	False	0	False	0
chr11-6626811-6626812-G-A							DCHS1	T2076M	0	RFPRASSEAMI	ENST00000299441.5	1.0	HLA-A*24:02	10		0	1640.083	870.089	1.672	0.954	117.628	0.258	30.348	1545	0.106	Poor	False	Pending	No comments	FPRASSEAMIRENAPP	ENST00000299441.5	179.835	188.82	26.0	13.0				86.0	21.0	6.0	20.0		1.0		1.0	3298	protein_coding	ENSG00000166341	missense	T/M	2076	DCHS1	ENST00000299441.5:c.6227C>T	ENSP00000299441.3:p.Thr2076Met	11	2	10	RFPRASSEATI	NetMHCcons	223.61	141.95	0.635	NetMHCcons	0.48	0.31	1241	0.106	1545	0.258	553	0.002	117.628	114.195	1640.083	870.089	0.531	1.672	0.954	0.03743012	0.0059744515	0.040427506	0.028613495	0.087635476142168	0.0733367539942264	0.1441969860240859	0.072113399587348	2.2818206521738347	3.720108695652101	738.0588898243703	1553.9751272556357	1.0377499999999988	1.4441249999999983	5105.79	5245.5	0.8699999999999999	3.1300000000000003	434.86	802.55	0.69	1.2	141.95	223.61	0.31	0.48	1002.12	1726.19	0.67	0.94	0.068874	0.026356	1.1	1.9	638.6826117731563	776.0086328378046	0.5	0.7	2636.817060744257	4256.768184798559	5.2	13.0	5082.881677012086	5496.800815951066	16.0	18.0	159.DCHS1.ENST00000299441.5.missense.2076T/M				0.7000000000000001	0.7000000000000001	False	False	False	0	False	0
chr19-4793141-4793142-A-G	1.0	1.0					FEM1A	M430V	1	VTASSFLSF	ENST00000269856.5		HLA-A*24:02	1		1	432.117	399.917	0.535	0.592	11.691	0.224	2.619	777	0.067	Poor	False	Pending	No comments	SPVTASSFLSFAELF	ENST00000269856.5	26.255	30.41	0.91	1.0	52.0	45.0	40.0	82.0	46.0	51.0	68.0	20.0		40.0		669	protein_coding	ENSG00000141965	missense	M/V	430	FEM1A	ENST00000269856.5:c.1288A>G	ENSP00000269856.3:p.Met430Val	9	9	1	MTASSFLSF	NetMHCpan	128.18	95.37	0.744	NetMHCpan	0.17	0.14	1335	0.067	777	0.224	506	0.0	11.691	11.691	432.117	399.917	0.925	0.535	0.592	0.10530623	0.17378925	0.011020082	0.02332702	0.2233745604753494	0.23204380646348	0.5761079293114223	0.5438718260610304	0.6635326086955757	0.7285597826085848	141.06274871360395	166.58712996303726	0.4057499999999997	0.4658749999999995	5145.98	4910.56	1.0699999999999998	0.5499999999999999	322.95	217.15	0.52	0.36	141.95	164.27	0.45	0.52	95.37	128.18	0.14	0.17	0.342286	0.456884	0.31	0.22	476.8841656614147	652.6540428705426	1.1	1.5	684.9044690164244	684.9044690164244	1.2	1.2	662.1555141164895	647.0830144557632	1.1	1.1	261.FEM1A.ENST00000269856.5.missense.430M/V	0.27198786	0.3584484		1.2571428571428571	1.4714285714285715	False	False	False	0	False	0
chr3-134478615-134478616-C-T	1.0	1.0					ANAPC13	E67K	4	QYLHKNVPPI	ENST00000354910.10	1.0	HLA-A*24:02	5		2	831.076	837.063	1.322	1.17	24.662	0.319	7.867	923	0.158	Poor	False	Pending	No comments	TDLALQYLHKNVPPI	ENST00000354910.10	136.51	287.54	3.6	7.3	33.0	27.0	2.0				16.0	15.0	2.0	50.0	1.0	74	protein_coding	ENSG00000129055	missense	E/K	67	ANAPC13	ENST00000354910.10:c.199G>A	ENSP00000346987.5:p.Glu67Lys	10	8	5	QYLHENVPPI	NetMHCcons	175.29	163.39	0.932	PickPocket	0.3	0.3	716	0.158	923	0.319	262	0.0	24.662	1.958	831.076	837.063	1.007	1.322	1.17	0.03548572	0.03165879	0.091131285	0.147962	0.013009387999773	0.0145932547748088	0.0948405010317272	0.0805482330843259	3.037282608695577	3.4218749999999147	917.1443175233692	1109.1175942948632	1.1408749999999988	1.2448749999999986	5020.78	5267.32	0.67	4.2700000000000005	1243.49	832.97	1.6	1.2	163.39	175.29	0.35	0.37	468.69	510.3	0.41	0.44	0.061297	0.044915	1.2	1.4	359.94793166265003	396.76231208639433	0.3	0.3	821.7127013734582	903.0670571453018	1.8	2.0	852.412873518109	829.1822562264857	1.9	1.8	34.ANAPC13.ENST00000354910.10.missense.67E/K	0.3823146	0.31169978		-0.7285714285714285	-0.7285714285714285	True	False	False	0	False	0
chr9-91757400-91757401-G-A		1.0		1.0			ROR2	R112W	1	QEPRRIIIW	ENST00000375708.4	1.0	HLA-B*44:02	9		2	590.46	26168.375	0.404	20.5	22.164	0.204	4.521	285	0.096	Poor	False	Pending	No comments	RRIIIWKTEYGSRLR	ENST00000375708.4	68.365	153.34	4.2	8.2	29.0	3.0		49.0		9.0	44.0	34.0	9.0	80.0	1.0	943	protein_coding	ENSG00000169071	missense	R/W	112	ROR2	ENST00000375708.4:c.334C>T	ENSP00000364860.3:p.Arg112Trp	9	1	9	QEPRRIIIR	MHCflurry	73.501	8263.738	112.43	MHCnuggetsI	0.04	0.98	1220	0.096	285	0.204	464	0.0	22.164	11.085	590.46	26168.375	44.319	0.404	20.5	0.00502864	0.78975	0.003653106	0.020609451	0.0635874941945076	0.3066326826810837	0.0145952814613783	0.7746261939060834	16.15755434782608	0.3183695652173668	8263.738438468621	73.50136155971609	2.6713749999999985	0.1855	4620.17	607.38	0.98	0.04	24909.82	573.54	18.0	0.49	27426.93	1445.63	39.0	1.5	29031.56	421.76	23.0	0.24	0.007913	0.829139	3.0	0.04	9865.62273093003	573.1857601663112	24.0	0.6	157253.38400769068	643.5762368376418	51.0	0.8	66785.16449535122	1673.7091870707147	33.0	2.2	130.ROR2.ENST00000375708.4.missense.112R/W	0.302	0.27501822		0.2857142857142857	0.2857142857142857	True	False	False	0	False	0
chr19-19638007-19638008-G-T				1.0	1.0	1.0	GMIP	A280E	3	EANERQQDL	ENST00000203556.9	1.0	HLA-C*08:02	4		2	553.418	1294.508	3.061	4.575	45.56	0.079	3.599	391	0.052	Poor	False	Pending	No comments	ERQQDLEIAKQRIVSHV	ENST00000203556.9	561.135	561.135	25.0	25.0				25.0	5.0		12.0	5.0		14.0	1.0	970	protein_coding	ENSG00000089639	missense	A/E	280	GMIP	ENST00000203556.9:c.839C>A	ENSP00000203556.3:p.Ala280Glu	9	6	4	EANARQQDL	MHCnuggetsI	113.84	173.56	1.525	NetMHC	0.66	0.74	878	0.052	391	0.079	272	0.0	45.56	6.807	553.418	1294.508	2.339	3.061	4.575	0.00030785144	0.00045370593	0.028417885	0.042123795	0.0378243699669837	0.0187952555716037	0.0469439472360709	0.1504713605533052	5.44942934782604	2.222146739130366	2183.5734187939784	545.5806895154778	1.6951249999999998	0.8307499999999997	173.56	113.84	22.19	15.65	5757.8	5354.54	0.74	0.66	16404.99	15044.73	16.0	15.0	25532.22	22114.5	9.2	6.7	0.01018	0.029615	2.7	1.5	405.4416423251884	280.6489180372726	1.3	0.7	394.6026522887064	561.254711825243	5.5	8.5	287.0912789400322	297.86535983381884	3.7	3.9	262.GMIP.ENST00000203556.9.missense.280A/E				-2.6	-2.6	True	False	False	0	False	0
chr11-107556824-107556825-T-C						1.0	ALKBH8	K103R	6	YVTLNGREV	ENST00000428149.7	1.0	HLA-C*08:02	7		1	1302.984	1328.89	2.009	2.15	18.697	0.507	9.479	223	0.155	Poor	False	Pending	No comments	ESKRAYVTLNGREVV	ENST00000428149.7	96.875	221.7	9.1	17.0	6.0			38.0	6.0	3.0	42.0	22.0		1.0	1.0	664	protein_coding	ENSG00000137760	missense	K/R	103	ALKBH8	ENST00000428149.7:c.308A>G	ENSP00000415885.2:p.Lys103Arg	9	3	7	YVTLNGKEV	SMMPMBEC	260.627	259.43	0.995	NetMHC	0.71	0.43	439	0.155	223	0.507	208	0.0	18.697	0.18	1302.984	1328.89	1.02	2.009	2.15	0.002023592	0.0015413741	0.019948069	0.029813718	0.1291955783963203	0.2061874754726886	0.0850411617242925	0.1175373442457676	3.2967934782607813	2.6173369565216404	1584.1972450254714	1447.9154893991229	1.4464999999999992	1.3692499999999994	417.12	621.69	38.12	45.95	3945.29	5612.03	0.43	0.71	1936.11	1765.99	1.2	1.1	8951.19	6407.06	1.8	1.3	0.02674	0.035801	1.6	1.4	1073.583066484683	1158.0530182780362	4.7	5.1	213.3830900709095	380.32948907485263	2.5	5.3	259.4298831244228	260.6273570568736	3.3	3.3	180.ALKBH8.ENST00000428149.7.missense.103K/R				-0.6571428571428573	-0.3428571428571428	False	False	False	0	False	0
chr14-21395079-21395080-G-A							CHD8	P1462L	0	GHLFWPLGSAL	ENST00000430710.8	1.0	HLA-B*14:01	7		0	1577.77	1967.19	1.9	0.86	73.985	0.237	17.534	773	0.088	Poor	False	Pending	No comments	FWPLGSALTARLRRLV	ENST00000430710.8	34.62	80.0	3.7	6.4	45.0	27.0	3.0	79.0	23.0	48.0	73.0	57.0	17.0	44.0	1.0	2302	protein_coding	ENSG00000100888	missense	P/L	1462	CHD8	ENST00000430710.8:c.4385C>T	ENSP00000406288.3:p.Pro1462Leu	11	5	7	GHLFWPPGSAL	MHCflurry	677.47	221.905	0.328	PickPocket	0.2	0.3	714	0.088	773	0.237	301	0.003	73.985	0.04	1577.77	1967.19	1.247	1.9	0.86	0.030715328	0.0033538404	0.028632386	0.01564363	0.1359860822558403	0.0755158253014087	0.3911590636259573	0.1492447761642572	1.0807336956520004	2.231603260869477	221.90519899252692	677.470292260565	0.5692499999999998	1.281375	10295.21	7011.96	13.72	8.86					1967.19	1577.77	0.82	0.68	9709.0	9415.91	2.0	1.9	0.07635	0.025689	0.86	2.4	1550.9601273084331	1376.930319032567	0.3	0.2									204.CHD8.ENST00000430710.8.missense.1462P/L				0.8142857142857142	0.9571428571428572	False	False	False	0	False	0
chr13-20704130-20704131-G-C			1.0				IL17D	G44R	3	YRRLAAGVL	ENST00000304920.3	1.0	HLA-B*14:01	2		1	532.71	4502.36	0.18	2.971	3.264	0.719	2.347	57	0.249	Poor	False	Pending	No comments	ELLEQLYRRLAAGVLSA	ENST00000304920.3	21.86	148.66	1.4	18.0	74.0	73.0	9.0	50.0	25.0	48.0	56.0	51.0	24.0	78.0	1.0	202	protein_coding	ENSG00000172458	missense	G/R	44	IL17D	ENST00000304920.3:c.130G>C	ENSP00000302924.3:p.Gly44Arg	9	8	2	YGRLAAGVL	MHCflurry	73.206	969.42	13.242	NetMHCpan	0.05	0.35	692	0.249	57	0.719	157	0.0	3.264	2.586	532.71	4502.36	8.452	0.18	2.971	0.0007691151	0.040520806	0.013407028	0.08630795	0.0358031578361988	0.0295022167265415	0.0971665054444748	0.5641477702523607	2.970652173912967	0.6874999999999147	969.4196344031964	73.20562170795046	1.579	0.116375	27558.01	8123.66	53.580000000000005	10.45					4502.36	474.64	3.0	0.18	3224.53	532.71	0.35	0.05	0.040706	0.294154	1.7	0.16	6903.327759871985	1469.2841137360406	14.0	1.1									192.IL17D.ENST00000304920.3.missense.44G/R				1.5	1.5	False	False	False	0	False	0
chr12-53200331-53200332-G-A			1.0	1.0	1.0	1.0	ITGB7	H38Y	7	TEWRNPYLSM	ENST00000267082.10	1.0	HLA-B*44:02	7		3	380.72	509.83	0.689	0.717	1.727	0.25	0.432	36	0.109	Poor	False	Pending	No comments	KIPSTGDATEWRNPYLS	ENST00000267082.10	432.185	472.95	12.0	12.0	19.0	1.0		58.0		34.0		12.0		10.0	1.0	798	protein_coding	ENSG00000139626	missense	H/Y	38	ITGB7	ENST00000267082.10:c.112C>T	ENSP00000267082.4:p.His38Tyr	10	4	7	TEWRNPHLSM	SMMPMBEC	305.344	386.18	1.265	NetMHCpan	0.23	0.22	732	0.109	36	0.25	265	0.0	1.727	1.039	380.72	509.83	1.339	0.689	0.717	0.05785021	0.14145672	0.005251288	0.010281988	0.192879106849432	0.1470633819699287	0.3972198029404438	0.328168094804299	1.0654619565216024	1.2692391304346842	265.96194352859163	306.34758446434336	0.6344999999999994	0.6787499999999994	4790.32	4928.26	2.95	6.12	748.69	318.4	0.61	0.32	511.63	388.27	0.63	0.52	350.92	373.17	0.22	0.23	0.319965	0.134253	0.34	0.62	1332.953664331198	1170.650925558883	0.8	0.7	508.0307500198476	412.9428967658673	1.5	1.3	386.18019721896144	305.34442849779043	1.1	0.9	182.ITGB7.ENST00000267082.10.missense.38H/Y	0.43959355	0.4562727		-0.8571428571428571	-0.8571428571428571	False	False	False	0	False	1
chr3-48590256-48590257-C-T							COL7A1	R669Q	0	TYQVAVSVLQ	ENST00000328333.12	1.0	HLA-A*24:02	10		0	5010.324	4833.113	4.5	4.393	36.566	0.566	20.696	602	0.19	Poor	False	Pending	No comments	VLQGREEGPAAVIVART	ENST00000328333.12	69.215	71.255	6.1	6.1				85.0	3.0	35.0	43.0	13.0	1.0	16.0	1.0	2944	protein_coding	ENSG00000114270	missense	R/Q	669	COL7A1	ENST00000328333.12:c.2006G>A	ENSP00000332371.8:p.Arg669Gln	10	1	10	TYQVAVSVLR	NetMHC	1443.91	1467.03	1.016	NetMHC	1.7	1.8	923	0.19	602	0.566	412	0.0	36.566	1.619	5010.324	4833.113	0.965	4.5	4.393	0.02015199	0.016018739	0.14051194	0.06479125	0.5007159970700741	0.3155912980437279	0.0561581152423949	0.0190610497879346	4.585733695652138	12.187228260869546	9703.918678781438	15647.277153310464	3.7258749999999976	5.703499999999997	6026.18	5930.24	99.96	99.92	1467.03	1443.91	1.8	1.7	4288.48	5869.13	3.1	3.9	5851.89	6423.03	2.5	2.7	0.004625	0.003465	4.2	4.8	5099.027255984747	4151.517790435466	5.3	4.2	2481.5326861889685	1544.258498271984	4.6	3.2	4567.199684523453	3432.8118444405513	6.8	5.7	24.COL7A1.ENST00000328333.12.missense.669R/Q	0.55689377	0.54168165		1.9857142857142855	1.985714285714286	False	False	False	0	False	0
chr6-83168122-83168123-G-C				1.0			DOP1A	E2463Q	3	IEQMVEKDF	ENST00000369739.7	1.0	HLA-B*44:02	3		1	1081.707	2735.606	1.025	1.9	33.996	0.129	4.385	1352	0.078	Poor	False	Pending	No comments	IEQMVEKDFLEGMIK	ENST00000369739.7	227.0	309.385	6.7	10.32	28.0	6.0		4.0	20.0					26.0	1.0	2476	protein_coding	ENSG00000083097	missense	E/Q	2463	DOP1A	ENST00000369739.7:c.7387G>C	ENSP00000358754.3:p.Glu2463Gln	9	7	3	IEEMVEKDF	MHCflurry	61.347	85.042	1.386	MHCflurry	0.132	0.238	1054	0.078	1352	0.129	469	0.0	33.996	2.579	1081.707	2735.606	2.529	1.025	1.9	0.2610243	0.7529573	0.05246198	0.09439974	0.0562632493674755	0.0712805688381195	0.5515938936123066	0.6404902165747643	0.7129891304346785	0.5419293478260414	85.0423967014732	61.34706570927748	0.2384999999999999	0.1315	4843.97	4909.92	3.83	5.35	2681.24	655.12	1.7	0.55	3033.45	1376.93	2.2	1.5	3376.86	968.76	1.4	0.48	0.201282	0.379644	0.49	0.28	1347.454232446704	1085.26206538749	2.1	1.7	2789.9729974082666	1195.6387999881224	3.2	1.7	2273.4216944746063	1078.1520177213472	2.8	1.5	65.DOP1A.ENST00000369739.7.missense.2463E/Q	0.3519643	0.3476041		-0.7857142857142858	-0.5428571428571428	False	False	False	0	False	0
chr14-76498311-76498312-C-A				1.0			ESRRB	P386T	5	YELSQRHEETW	ENST00000509242.5	1.0	HLA-B*44:02	10		1	313.675	326.375	0.14	0.232	0.414	0.125	0.052	16	0.18	Poor	False	Pending	No comments	EETWRTGKLLLTLPLLR	ENST00000509242.5	130.375	144.77	9.0	7.2	37.0	31.0		42.0	11.0	1.0	34.0	19.0		20.0	1.0	508	protein_coding	ENSG00000119715	missense	P/T	386	ESRRB	ENST00000509242.5:c.1156C>A	ENSP00000422488.1:p.Pro386Thr	11	2	10	YELSQRHEEPW	MHCflurry	45.535	68.888	1.513	MHCflurry	0.032	0.164	688	0.18	16	0.125	310	0.0	0.414	0.086	313.675	326.375	1.04	0.14	0.232	0.38145158	0.77349675	0.031464655	0.047181375	0.1595168747007846	0.5791046768426895	0.685048785857358	0.934854890065007	0.4630163043478035	0.069728260869553	68.88786653777824	45.534683778757895	0.16425	0.0315	4786.52	3023.35	2.89	0.16	704.21	711.85	0.59	0.59	45.58	54.19	0.13	0.14	143.88	175.58	0.13	0.14	0.763888	0.835308	0.07	0.04	508.8698527539727	451.77069117473314	0.3	0.3									215.ESRRB.ENST00000509242.5.missense.386P/T				-2.8285714285714283	-1.8571428571428572	False	False	False	0	False	0
chr8-31031830-31031831-C-T	1.0						PURG	E318K	2	KYKEEMRKI	ENST00000523392.2	3.0	HLA-A*24:02	3		1	659.692	1054.805	0.77	0.925	1.567	0.58	0.909	69	0.108	Poor	False	Pending	No comments	AWTRFGENFIKYK	ENST00000523392.2	240.545	505.21	5.3	5.3	39.0	18.0		2.0			6.0	14.0		3.0	3.0	347	protein_coding	ENSG00000172733	missense	E/K	318	PURG	ENST00000523392.2:c.952G>A	ENSP00000466881.2:p.Glu318Lys	9	7	3	KYEEEMRKI	MHCflurry	87.57	89.562	1.023	NetMHCpanEL	0.12	0.2	498	0.108	69	0.58	299	0.0	1.567	1.134	659.692	1054.805	1.599	0.77	0.925	0.23809056	0.38252965	0.09956168	0.302525	0.0509064458310604	0.2442316748201847	0.5344101960847041	0.6992481227371313	0.7493749999998869	0.4397010869565037	89.56229096375087	87.56998195713248	0.2726249999999999	0.263125	4947.66	4895.44	0.58	0.54	2907.89	1413.48	2.8	1.7	1249.17	677.84	1.8	1.3	1089.54	417.99	0.7	0.38	0.494487	0.665443	0.2	0.12	487.3161926794595	437.34195544615335	1.1	1.0	1020.0700581033252	669.3141399218267	1.8	1.2	882.9985694994623	650.0698139432031	1.5	1.1	104.PURG.ENST00000523392.2.missense.318E/K	0.37709498	0.3030361		-1.8428571428571427	-1.8428571428571427	False	False	False	0	False	0
chr1-118987628-118987629-G-A				1.0	2.0	2.0	TBX15	T56M	1	MEDAAAHGL	ENST00000369429.5	5.0	HLA-B*44:02	1		2	664.764	1338.058	0.459	0.67	1.058	0.9	0.952	20	0.246	Poor	False	Pending	No comments	LSMEALSPAGPLGDMED	ENST00000369429.5	280.345	327.555	24.0	21.0				74.0	1.0	20.0	1.0			6.0	5.0	602	protein_coding	ENSG00000092607	missense	T/M	56	TBX15	ENST00000369429.5:c.167C>T	ENSP00000358437.3:p.Thr56Met	9	9	1	TEDAAAHGL	MHCflurry	128.143	122.032	0.952	NetMHC	0.3	0.64	1959	0.246	20	0.9	417	0.0	1.058	0.551	664.764	1338.058	2.013	0.459	0.67	0.25400513	0.23847853	0.039722618	0.02749589	0.3852445557713508	0.2798993811011314	0.7350308950853	0.6456817146962827	0.3821739130434594	0.5311684782608239	122.03248046071998	128.1434562581171	0.3689999999999998	0.3869999999999998	4521.34	4578.28	0.5599999999999999	0.75	800.15	292.56	0.64	0.3	489.96	223.61	0.72	0.31	1597.02	701.46	0.7	0.36	0.411933	0.347813	0.25	0.32	1290.3815441454742	631.8094575737812	2.0	0.8	2053.9979225106354	954.1134102819829	2.6	1.3	1385.7344057685414	697.718116922806	1.9	0.9	20.TBX15.ENST00000369429.5.missense.56T/M	0.5036213	0.43393928		0.2999999999999999	0.2999999999999999	False	False	False	0	False	0
chr7-23522348-23522349-A-C							TRA2A	I40M	0	RLMKSMKDQKI	ENST00000538367.6	2.0	HLA-A*32:01	6		0	1979.76	1818.99	1.587	1.004	113.103	0.048	5.429	710	0.07	Poor	False	Pending	No comments	KRRLMKSMKDQKIKI	ENST00000538367.6	89.43	71.65	4.0	3.6							32.0	29.0	9.0	79.0	2.0	59	nonsense_mediated_decay	ENSG00000164548	missense	I/M	40	TRA2A	ENST00000538367.6:c.120T>G	ENSP00000441116.2:p.Ile40Met	11	6	6	RLMKSIKDQKI	NetMHCcons	249.16	236.04	0.947	NetMHCpan	0.82	0.65	329	0.07	710	0.048	161	0.0	113.103	0.0	1979.76	1818.99	0.919	1.587	1.004	0.02393463	0.0013927156	0.0012943996	0.00044947356	0.6295304335653782	0.546042837202549	0.6478702196913071	0.3556112735979632	0.5279076086955996	1.1791847826086013	453.4162332660581	1155.6012941221743	1.1686249999999998	1.874625000000001	2632.26	2538.21	2.8000000000000003	2.75	21265.3	21891.19	13.0	14.0	236.04	249.16	0.84	0.88	1005.72	1421.31	0.65	0.82	0.116625	0.05337	0.65	1.3	3416.846299147091	3454.0165428148343	2.0	2.1									72.TRA2A.ENST00000538367.6.missense.40I/M				-1.3142857142857145	-0.6428571428571429	False	False	False	0	False	0
chr1-90007651-90007652-C-T							ZNF326	R173W	0	HMKPAPVGSW	ENST00000340281.9	1.0	HLA-A*32:01	10		0	1942.925	16132.316	1.205	15.5	36.855	0.129	4.754	816	0.076	Poor	False	Pending	No comments	APVGSWGRGTPAYPE	ENST00000340281.9	168.86	188.08	13.0	23.0				101.0		11.0	1.0				1.0	582	protein_coding	ENSG00000162664	missense	R/W	173	ZNF326	ENST00000340281.9:c.517C>T	ENSP00000340796.4:p.Arg173Trp	10	1	10	HMKPAPVGSR	MHCflurry	58.918	7279.723	123.556	NetMHCpanEL	0.07	4.8	935	0.076	816	0.129	416	0.0	36.855	2.799	1942.925	16132.316	8.303	1.205	15.5	0.0007494608	0.35396025	0.0005466036	0.020683812	0.3244635872542858	0.5839502923190594	0.0404581247032869	0.9191327595575643	6.18413043478256	0.0918750000000017	7279.723146538748	58.91835603905095	4.872625000000002	0.177	24261.71	2588.47	20.72	2.78	42129.41	18206.72	58.0	9.4	19611.42	1297.38	21.0	1.9	26716.08	772.48	18.0	0.51	0.005315	0.574768	4.8	0.07	12653.21285183316	1196.2593708868835	15.0	0.3	7798.660238539362	6761.141108805109	6.7	4.7	11506.679057799012	7887.693019690617	16.0	6.8	18.ZNF326.ENST00000340281.9.missense.173R/W				0.0999999999999999	0.0999999999999999	False	False	False	0	False	0
chr12-121445378-121445379-C-T							KDM2B	E667K	0	KAGKEDTVE	ENST00000377071.9	1.0	HLA-C*05:01	1		0	11073.71	13513.134	19.875	32.18	74.696	0.231	17.255	666	0.095	Poor	False	Pending	No comments	KAGKEDTVEEEEGKF	ENST00000377071.9	3308.01	3201.31	34.0	34.0				34.0		10.0	16.0	5.0			1.0	1336	protein_coding	ENSG00000089094	missense	E/K	667	KDM2B	ENST00000377071.9:c.1999G>A	ENSP00000366271.3:p.Glu667Lys	9	9	1	EAGKEDTVE	SMM	382.534	388.75	1.016	MHCflurry	13.667	10.524	834	0.095	666	0.231	300	0.0	74.696	8.842	11073.71	13513.134	1.22	19.875	32.18	0.0012648619	0.0014578347	0.0456157	0.06841924	0.0003265915383963	0.0002360437792958	0.0068869834631217	0.0056419723842965	37.35904891304347	46.22467391304348	14334.767944218256	17618.120890199185	10.523749999999998	13.666874999999996	12691.5	4529.3	44.38	21.75	35872.25	33685.53	19.0	16.0	38357.05	35176.57	68.0	53.0	46680.09	42806.68	91.0	60.0	3e-06	2.5e-05	66.0	36.0	6829.0379086880075	3932.892296828435	27.0	16.0	388.74964012669005	382.53396324530735	17.0	17.0	618.4007391419765	424.8836311459257	21.0	18.0	190.KDM2B.ENST00000377071.9.missense.667E/K				-1.6142857142857143	-0.857142857142857	False	False	False	0	False	0
chr7-150337207-150337208-A-C							LRRC61	Q116P	0	LLATPGQLP	ENST00000323078.7	1.0	HLA-C*05:01	9		0	13620.958	13429.111	17.5	19.595	19.911	0.944	18.796	514	0.357	Poor	False	Pending	No comments	LNAAGNLLATPGQLP	ENST00000323078.7	358.56	1062.01	8.6	19.09	23.0	23.0		88.0	14.0	27.0	27.0	11.0		11.0	1.0	259	protein_coding	ENSG00000127399	missense	Q/P	116	LRRC61	ENST00000323078.7:c.347A>C	ENSP00000339047.6:p.Gln116Pro	9	1	9	LLATPGQLQ	SMM	314.536	314.536	1.0	NetMHC	4.2	4.2	1296	0.357	514	0.944	460	0.0	19.911	19.162	13620.958	13429.111	0.986	17.5	19.595	0.004511892	0.00683064	0.1294156	0.065236084	0.0168794319033622	0.0210716053843498	0.0060039690971693	0.0060091870579637	46.22467391304348	37.35904891304347	17551.7767837355	17805.819454115488	13.666874999999996	13.886749999999996	3320.31	7861.58	18.19	30.94	16100.6	16129.38	4.2	4.2	25982.58	27875.69	28.0	31.0	33671.7	28727.53	25.0	16.0	0.000236	0.00073	17.0	11.0	10757.621596058185	11112.535816257448	39.0	40.0	314.5357396335774	314.5357396335774	15.0	15.0	612.7312070871697	483.3592120913432	21.0	19.0	79.LRRC61.ENST00000323078.7.missense.116Q/P				-0.3142857142857144	0.4571428571428573	False	False	True	0	False	0
chr13-26214557-26214558-G-A							RNF6	R442C	0	NSGGFCRTI	ENST00000346166.7	1.0	HLA-C*08:02	6	6.0	0	4060.438	8028.698	18.5	27.0	29.133	0.163	4.749	618	0.065	Poor	False	Pending	No comments	NSGGFCRTISRLERS	ENST00000346166.7	76.645	57.3	6.0	4.3				81.0		36.0	59.0	40.0	2.0	39.0	1.0	685	protein_coding	ENSG00000127870	missense	R/C	442	RNF6	ENST00000346166.7:c.1324C>T	ENSP00000342121.3:p.Arg442Cys	9	4	6	NSGGFRRTI	MHCnuggetsI	277.87	653.21	2.351	MHCflurry	2.712	3.563	520	0.065	618	0.163	361	0.0	29.133	27.829	4060.438	8028.698	1.977	18.5	27.0	8.78165e-05	0.00032781746	0.018179039	0.05345425	0.0125595703721046	0.126515369862318	0.0135898722216054	0.0295252932449526	17.305597826086952	8.269211956521715	7393.028075092075	4953.258449900107	3.5631249999999985	2.7121249999999995	653.21	277.87	46.94	30.4	33010.47	30088.81	26.0	20.0	23828.16	22942.68	28.0	26.0	23752.22	19970.51	7.8	5.5	0.001629	0.001163	6.6	7.7	8664.36747969986	3167.6169136018457	37.0	17.0	4821.253864664977	3049.0180825075327	66.0	47.0	2128.237052664244	1390.0166423714252	35.0	24.0	195.RNF6.ENST00000346166.7.missense.442R/C			6	0.5428571428571428	0.5428571428571428	False	False	False	1	True	0
chr22-29489237-29489238-C-T							NEFH	P533L	0	AEAKSLEK	ENST00000310624.7	1.0	HLA-B*44:02	6		0	3016.513	3493.721	2.4	2.45	11.104	0.311	3.453	222	0.067	Poor	False	Pending	No comments	EEAKSPAEAKSLEKE	ENST00000310624.7	692.255	1482.47	27.0	39.0				18.0							1.0	1020	protein_coding	ENSG00000100285	missense	P/L	533	NEFH	ENST00000310624.7:c.1598C>T	ENSP00000311997.6:p.Pro533Leu	8	3	6	AEAKSPEK	SMM	1185.277	1185.277	1.0	SMM	0.7	0.7	1151	0.067	222	0.311	549	0.0	11.104	11.104	3016.513	3493.721	1.158	2.4	2.45	0.09277489	0.15670653	0.026797548	0.09636406	0.0380179733037948	0.0889499597251415	0.0457191730508325	0.0758353813291025	5.554945652173885	3.599483695652097	2248.371659206357	1555.4110517706397	1.5104999999999982	1.3111249999999988	5178.24	5004.44	99.94	99.51	14554.46	14618.06	7.2	7.2	4018.93	3454.02	2.4	2.2	16748.82	14286.1	6.5	5.3	0.011686	0.010844	2.5	2.6	2968.5121663285818	2579.005231766049	2.1	1.8	1185.2773899798703	1185.2773899798703	0.7	0.7	1319.6233757054806	1292.5578810147397	0.9	0.9	271.NEFH.ENST00000310624.7.missense.533P/L				-1.4285714285714286	-0.6142857142857142	False	False	False	0	False	0
chr11-6411265-6411266-G-C							APBB1	L28V	0	VHAAHNQL	ENST00000311051.7	1.0	HLA-B*14:01	1		0	1507.06	1132.22	0.5	0.43	14.219	0.027	0.384	295	0.095	Poor	False	Pending	No comments	ANSHGGPALSLPLPVHA	ENST00000311051.7	68.49	72.96	9.1	8.28				92.0	3.0	44.0	78.0	17.0	4.0	50.0	1.0	708	protein_coding	ENSG00000166313	missense	L/V	28	APBB1	ENST00000311051.7:c.82C>G	ENSP00000311912.3:p.Leu28Val	8	8	1	LHAAHNQL	MHCflurry	72.289	68.84	0.952	MHCflurry	0.113	0.095	1039	0.095	295	0.027	387	0.0	14.219	1.093	1507.06	1132.22	0.751	0.5	0.43	0.35631752	0.34259883	0.16288754	0.23932183	0.0450286008417606	0.0636288374662399	0.592105033571609	0.5965237872204927	0.6313586956520965	0.6232880434781833	68.83991604120692	72.28863247892336	0.094875	0.113	1464.91	5109.43	1.82	6.32					1132.22	1507.06	0.37	0.5	7861.19	8804.9	1.4	1.7	0.163683	0.192716	0.43	0.34	1121.0669072114465	1332.953664331198	0.2	0.2									156.APBB1.ENST00000311051.7.missense.28L/V				-0.8571428571428573	-0.8	False	False	False	0	False	0
chr15-33859595-33859596-G-A							RYR3	V4722M	0	YLFHMYMGV	ENST00000634891.2	1.0	HLA-A*32:01	7		0	1530.953	1671.49	2.976	2.343	3.557	0.089	0.317	124	0.117	Poor	False	Pending	No comments	YLFHMYMGVRAGGGI	ENST00000634891.2	75.465	138.885	5.6	7.0	61.0	47.0	1.0	73.0	3.0	52.0	59.0	53.0	4.0	29.0	1.0	4870	protein_coding	ENSG00000198838	missense	V/M	4722	RYR3	ENST00000634891.2:c.14164G>A	ENSP00000489262.1:p.Val4722Met	9	3	7	YLFHMYVGV	NetMHC	695.01	572.6	0.824	NetMHC	0.46	0.39	505	0.117	124	0.089	257	0.0	3.557	0.142	1530.953	1671.49	1.092	2.976	2.343	0.001111189	0.00049637683	0.0007921891	0.00046712454	0.347704891115427	0.0728195756673812	0.1422633345979445	0.1037471076595076	2.3018478260868847	2.851521739130362	1934.379677658805	1029.1977045808956	2.3846250000000007	1.7727500000000012	1408.6	3371.04	1.94	3.3000000000000003	572.6	695.01	0.39	0.46	776.01	973.97	2.3	2.6	1308.18	808.08	0.78	0.53	0.012589	0.01237	3.1	3.1	1946.610237380866	2032.7074694949488	3.3	3.5	4885.848541877347	9793.546732136014	14.0	20.0	2534.8951472746367	4580.996922305379	9.1	14.0	223.RYR3.ENST00000634891.2.missense.4722V/M				0.8428571428571429	0.8428571428571429	False	False	False	0	False	0
chr11-36098428-36098429-A-G					1.0	1.0	LDLRAD3	N141S	3	QDSSDEES	ENST00000315571.6	1.0	HLA-B*44:02	3		1	29662.598	28617.774	55.03	41.0	33.661	0.265	8.92	404	0.083	Poor	False	Pending	No comments	KSFICDGQNNCQDSS	ENST00000315571.6	2426.46	2576.645	7.3	6.7			5.0	10.0	2.0						1.0	345	protein_coding	ENSG00000179241	missense	N/S	141	LDLRAD3	ENST00000315571.6:c.422A>G	ENSP00000318607.5:p.Asn141Ser	8	6	3	QDNSDEES	MHCnuggetsI	4986.97	4980.31	0.999	MHCflurry	18.796	16.284	593	0.083	404	0.265	256	0.0	33.661	3.232	29662.598	28617.774	0.965	55.03	41.0	0.00012161521	8.9290086e-05	0.009708836	0.008568059	0.0001057503245647	9.327403040515492e-05	0.0034415182426488	0.0033987424335125	99.28660326086955	99.28660326086955	29359.858222734147	29740.305398452347	16.284374999999994	18.796	4980.31	4986.97	37.97	54.06	41103.26	43182.55	81.0	93.0	27875.69	29584.89	41.0	56.0	45202.4	45652.63	100.0	100.0	9e-06	6e-06	57.0	64.0	43911.91370280116	50000.0	41.0	45.0	17251.22740254692	20315.14843980512	25.0	28.0	23683.724471328816	27507.42895780148	31.0	35.0	165.LDLRAD3.ENST00000315571.6.missense.141N/S				-2.3428571428571425	-2.3428571428571425	True	False	False	0	False	0
chr16-4895274-4895275-A-C					2.0		PPL	F410V	2	VEGEQGLI	ENST00000345988.7	1.0	HLA-B*44:02	1		2	5060.651	5463.305	3.338	5.7	3.158	0.459	1.45	61	0.337	Poor	False	Pending	No comments	DVEGEQGLISRGYSYTLQ	ENST00000345988.7	576.385	753.155	21.94	23.0	3.0			37.0	31.0	8.0	16.0	4.0		22.0	1.0	1756	protein_coding	ENSG00000118898	missense	F/V	410	PPL	ENST00000345988.7:c.1228T>G	ENSP00000340510.2:p.Phe410Val	8	8	1	FEGEQGLI	PickPocket	1904.939	1746.986	0.917	PickPocket	1.4	1.3	1174	0.337	61	0.459	387	0.0	3.158	0.628	5060.651	5463.305	1.08	3.338	5.7	0.076266184	0.08349723	0.101704344	0.106730156	0.0112804919481277	0.0043065249919891	0.0094176341707778	0.010484688212818	24.57923913043477	22.19230978260869	10780.94652849472	9400.575313793846	3.127874999999998	2.876249999999999	4674.24	4691.05	1.43	1.61	19818.55	19507.51	12.0	12.0	3000.81	2858.2	2.0	1.9	16095.55	14852.26	6.2	5.5	0.002509	0.004835	5.2	3.8	1746.9855106325765	1904.938955172279	1.3	1.4	5673.094265940002	5430.2521972545455	9.3	8.4	5253.515282983647	2639.0644713494394	7.7	2.1	228.PPL.ENST00000345988.7.missense.410F/V				-0.4285714285714287	-0.4285714285714287	False	False	False	0	False	0
chr16-4884756-4884757-C-T							PPL	E1300K	0	QEILQFQKD	ENST00000345988.7	1.0	HLA-B*44:02	8		0	4855.256	4482.96	2.7	2.55	3.158	0.163	0.515	172	0.095	Poor	False	Pending	No comments	VVQEILQFQKDPQTK	ENST00000345988.7	146.665	290.34	1.67	2.4	12.0		1.0	2.0	6.0			2.0		63.0	1.0	1756	protein_coding	ENSG00000118898	missense	E/K	1300	PPL	ENST00000345988.7:c.3898G>A	ENSP00000340510.2:p.Glu1300Lys	9	2	8	QEILQFQED	SMMPMBEC	1526.441	1957.402	1.282	MHCnuggetsI	0.27	0.6	1032	0.095	172	0.163	420	0.002	3.158	0.628	4855.256	4482.96	0.923	2.7	2.55	0.08553791	0.19246367	0.045395467	0.05532146	0.0179605148732662	0.0305910930037498	0.0149452870638905	0.0192642029403455	16.15755434782608	12.187228260869546	6827.2341977511605	5479.771544014796	2.4315	2.175124999999998	4535.95	4230.74	0.6	0.27	2236.73	3950.12	1.5	2.2	4429.97	6365.26	2.6	3.3	5533.17	6332.63	2.0	2.2	0.004246	0.006826	4.0	3.2	2664.091477136258	2693.0728595832916	5.2	5.3	13791.134690235993	12519.875206248813	12.0	9.8	1957.4018750235623	1526.4409205380582	2.5	2.0	225.PPL.ENST00000345988.7.missense.1300E/K	0.3264001	0.34136665		-0.4714285714285713	-0.4142857142857143	True	False	False	0	False	0
chr6-31767487-31767488-C-T							VWA7	G555R	0	GQEEGRGPL	ENST00000375688.5	5.0	HLA-C*08:02	6		0	2886.722	958.837	4.55	1.7	0.17	0.316	0.054	38	0.137	Poor	False	Pending	No comments	WIKNPAGVSQGQEEGR	ENST00000375688.5	546.06	619.71	37.0	34.0	6.0			8.0		1.0		5.0			5.0	891	protein_coding	ENSG00000204396	missense	G/R	555	VWA7	ENST00000375688.5:c.1663G>A	ENSP00000364840.4:p.Gly555Arg	9	4	6	GQEEGGGPL	SMMPMBEC	305.506	152.062	0.498	NetMHCpan	1.5	0.65	1363	0.137	38	0.316	400	0.0	0.17	0.0	2886.722	958.837	0.332	4.55	1.7	0.04146809	0.09780353	0.019551622	0.029939946	0.0336080566048622	0.1552767269313335	0.0995397008578441	0.0661345861725187	2.9306793478260005	3.996902173913	935.5645337939372	2304.79836917657	1.092	1.742875	278.24	493.09	30.42	41.35	10706.41	20983.94	2.1	7.5	3272.12	10757.62	2.2	8.2	3200.41	7037.95	0.65	1.5	0.06802	0.031816	0.91	1.5	299.47266837663403	1133.2624602040687	0.8	5.0	982.1096989623904	3468.6461656296096	17.0	53.0	152.06175551463798	305.506180077125	1.3	4.1	48.VWA7.ENST00000375688.5.missense.555G/R				-1.442857142857143	-1.442857142857143	False	False	False	0	False	0
chr4-73836777-73836778-C-G							CXCL6	R10G	0	AAGVPGPSG	ENST00000226317.10	1.0	HLA-C*08:02	3		0	5181.186	13634.889	16.809	36.0	0.375	0.889	0.333	9	0.244	Poor	False	Pending	No comments	MSLPSSRAAGVPGPS	ENST00000226317.10	53.935	52.075	9.7	8.6	2.0			65.0		11.0	1.0				1.0	114	protein_coding	ENSG00000124875	missense	R/G	10	CXCL6	ENST00000226317.10:c.28C>G	ENSP00000226317.5:p.Arg10Gly	9	7	3	AARVPGPSG	SMMPMBEC	734.548	11220.701	15.276	MHCflurry	3.649	5.939	734	0.244	9	0.889	221	0.0	0.375	0.03	5181.186	13634.889	2.632	16.809	36.0	0.0005303624	0.0019224791	0.01537703	0.020371366	0.2290119081735611	0.0089915096759796	0.0164482284394998	0.0129578805590431	14.277038043478257	18.61798913043478	13322.433127895756	7669.299735672902	5.938874999999997	3.649249999999999	1665.0	2613.76	65.31	73.64	37492.52	37470.21	40.0	40.0	38565.12	38565.12	75.0	75.0	33440.43	34790.11	21.0	23.0	0.000286	0.000224	14.0	15.0	13947.3450041095	2693.0728595832916	49.0	14.0	1946.0769107992824	780.1174634823892	32.0	14.0	11220.701263510882	734.5476945496591	92.0	13.0	41.CXCL6.ENST00000226317.10.missense.10R/G				-0.1428571428571428	0.5428571428571429	False	False	False	0	False	0
chr6-31557746-31557747-G-A							NFKBIL1	E152K	0	KEEEEDDASK	ENST00000376148.9	1.0	HLA-B*44:02	1		0	9613.314	7534.954	8.35	7.65	3.835	0.212	0.813	170	0.077	Poor	False	Pending	No comments	PGQILGWGPPWDSAK	ENST00000376148.9	525.535	831.085	30.0	33.0				26.0	5.0	1.0					1.0	381	protein_coding	ENSG00000204498	missense	E/K	152	NFKBIL1	ENST00000376148.9:c.454G>A	ENSP00000365318.4:p.Glu152Lys	10	10	1	EEEEEDDASK	MHCflurry	1194.61	1931.032	1.616	MHCflurry	1.187	1.428	900	0.077	170	0.212	310	0.0	3.835	0.0	9613.314	7534.954	0.784	8.35	7.65	0.0013083644	0.001007471	0.008007267	0.008281678	0.0002699292681427	0.000963553558904	0.0463442957440111	0.0720730187903809	5.44942934782604	3.720108695652101	1931.0316091768077	1194.6104470448286	1.4282499999999985	1.186999999999999	4988.47	4974.18	59.940000000000005	17.46	29226.64	29309.92	26.0	26.0	16763.86	17316.93	9.4	9.7	30598.66	31239.61	27.0	28.0	0.001987	0.001334	5.9	7.0	10081.437073887206	14252.448612888507	12.0	17.0	901.342812653957	1267.3308301243885	2.8	3.6	1516.316985896438	2117.3370644374863	4.3	5.6	47.NFKBIL1.ENST00000376148.9.missense.152E/K	0.41164544	0.37565964		-2.414285714285714	-2.357142857142857	False	False	False	0	False	0
chr13-71630615-71630616-G-C							DACH1	H356D	0	NYDASNNQH	ENST00000613252.5	1.0	HLA-C*08:02	3		0	5194.403	33597.717	7.45	71.5	5.006	0.062	0.31	130	0.086	Poor	False	Pending	No comments	VKKIKLEAMSNYDAS	ENST00000613252.5	140.725	145.99	4.31	4.7				15.0			4.0	1.0		39.0	1.0	706	protein_coding	ENSG00000276644	missense	H/D	356	DACH1	ENST00000613252.5:c.1066C>G	ENSP00000482245.1:p.His356Asp	9	7	3	NYHASNNQH	MHCnuggetsI	122.35	1289.59	10.54	SMM	3.2	93.0	535	0.086	130	0.062	282	0.0	5.006	0.965	5194.403	33597.717	6.468	7.45	71.5	1.29720165e-05	0.0005828571	0.011669574	0.22759938	0.0093409270048141	0.0185605287551879	0.0037783438895284	0.0123403779704586	99.28660326086955	18.61798913043478	27571.77124966286	8356.098002266834	25.687125000000005	3.910499999999999	1289.59	122.35	60.4	16.689999999999998	36503.8	17620.86	36.0	5.2	37535.94	26123.53	69.0	33.0	45409.76	34547.8	74.0	23.0	2.9e-05	0.002658	32.0	5.3	50000.0	2032.7074694949488	83.0	9.6	11862.056819993248	250.12666926745987	93.0	3.2	30691.633253311484	385.49611000893253	100.0	5.3	202.DACH1.ENST00000613252.5.missense.356H/D				-2.314285714285714	-2.042857142857143	False	False	False	0	True	0
chr13-51252142-51252143-C-T					1.0		FAM124A	P259L	3	SLISEGRW	ENST00000322475.13	1.0	HLA-A*32:01	2		1	11812.785	31814.993	6.75	30.0	3.42	0.084	0.287	83	0.085	Poor	False	Pending	No comments	SLISEGRWQTEDHDG	ENST00000322475.13	3296.52	4477.99	65.0	69.66	1.0			21.0		2.0	17.0	17.0	18.0	17.0	1.0	546	protein_coding	ENSG00000150510	missense	P/L	259	FAM124A	ENST00000322475.13:c.776C>T	ENSP00000324625.8:p.Pro259Leu	8	7	2	SPISEGRW	PickPocket	3529.575	30396.066	8.612	NetMHCpanEL	2.1	12.0	1337	0.085	83	0.084	490	0.0	3.42	0.005	11812.785	31814.993	2.693	6.75	30.0	0.0004006725	0.0009419905	0.0022309332	0.0033569408	0.2587759457528591	0.1541982777416706	0.0102004950342521	0.0146441971583894	22.19230978260869	16.15755434782608	24440.82775341256	11455.02962152308	20.966625	6.8007500000000025	33233.92	12170.54	40.47	8.82	47906.04	42066.54	98.0	58.0	23957.42	4358.65	26.0	6.2	35590.43	14179.69	34.0	6.7	0.000753	0.024395	12.0	2.1	30396.066370885423	3529.574501098987	36.0	2.2									199.FAM124A.ENST00000322475.13.missense.259P/L				-0.257142857142857	-0.2428571428571428	False	False	False	0	False	0
chr8-54459776-54459777-C-T							SOX17	R343W	0	WDGTDPSQP	ENST00000297316.5	1.0	HLA-C*08:02	1		0	18286.006	19217.471	47.0	58.0	1.487	0.043	0.064	46	0.119	Poor	False	Pending	No comments	WDGTDPSQPAELLGEV	ENST00000297316.5	1717.52	1714.87	52.77	51.2				2.0							1.0	414	protein_coding	ENSG00000164736	missense	R/W	343	SOX17	ENST00000297316.5:c.1027C>T	ENSP00000297316.4:p.Arg343Trp	9	9	1	RDGTDPSQP	MHCnuggetsI	136.53	83.66	0.613	MHCnuggetsI	18.34	11.54	2601	0.119	46	0.043	502	0.002	1.487	1.487	18286.006	19217.471	1.051	47.0	58.0	5.6551733e-05	7.592532e-05	0.009097778	0.008416995	0.0041818208992481	0.0027395859360694	0.0037755310655126	0.0039874052594355	99.28660326086955	99.28660326086955	27079.31528711725	25459.475676030765	23.47237500000001	18.61875	83.66	136.53	11.54	18.34	40628.82	39926.77	55.0	51.0	42740.04	38984.65	98.0	77.0	47964.13	47759.58	97.0	96.0	3e-06	1e-06	61.0	81.0	11355.62686901531	11112.535816257448	43.0	43.0	4520.224449254457	2723.704573105956	63.0	43.0	2371.4829139711446	1127.2493667319766	39.0	19.0	105.SOX17.ENST00000297316.5.missense.343R/W				-1.7285714285714284	-1.6285714285714286	False	False	True	0	False	0
chr9-98371549-98371550-C-T	1.0	4.0					GABBR2	V562M	2	LTMGYTTAF	ENST00000259455.4	1.0	HLA-A*32:01	3		4	27.632	156.309	0.1	0.301	0.211	0.0	0.0	4	0.243	NoExpr	False	Pending	No comments	LTMGYTTAFGAMFAKT	ENST00000259455.4	32.0	32.885	4.9	5.0	62.0	20.0	1.0	92.0	11.0	48.0	101.0	23.0	3.0	27.0	1.0	941	protein_coding	ENSG00000136928	missense	V/M	562	GABBR2	ENST00000259455.4:c.1684G>A	ENSP00000259455.2:p.Val562Met	9	7	3	LTVGYTTAF	MHCnuggetsI	3.13	11.45	3.658	NetMHC	0.01	0.05	247	0.243	4	0.0	90	0.0	0.211	0.03	27.632	156.309	5.657	0.1	0.301	0.0027398423	0.06295063	0.0016645594	0.0034497168	0.2512109465897083	0.2311016172170639	0.7847813732849204	0.8648264387351852	0.3027989130434463	0.1774728260869409	56.51788955382111	29.444593851777395	0.16375	0.022	11.45	3.13	0.1	0.02	27.84	5.61	0.05	0.01	118.1	15.03	0.65	0.11	339.61	30.97	0.28	0.04	0.226499	0.524745	0.33	0.09	605.0485751856643	263.0083594020469	0.3	0.2	272.8600786636902	32.28048119575824	1.8	0.3	194.51809155887076	25.820223666341143	1.4	0.3	131.GABBR2.ENST00000259455.4.missense.562V/M				0.4857142857142857	0.4857142857142857	False	False	False	0	False	0
chr3-52787603-52787604-C-T		2.0	1.0	2.0			ITIH1	P639L	4	LEMLGLRRTF	ENST00000273283.7	1.0	HLA-B*44:02	6		5	83.945	94.189	0.2	0.19	0.02	0.0	0.0	4	0.053	NoExpr	False	Pending	No comments	PLEMLGLRRTFVLSA	ENST00000273283.7	25.58	119.695	1.3	13.0	78.0	65.0	9.0	83.0	26.0	29.0	108.0	145.0	19.0	160.0	1.0	911	protein_coding	ENSG00000055957	missense	P/L	639	ITIH1	ENST00000273283.7:c.1916C>T	ENSP00000273283.2:p.Pro639Leu	10	5	6	LEMLGPRRTF	NetMHC	20.38	22.98	1.128	NetMHC	0.04	0.04	493	0.053	4	0.0	210	0.0	0.02	0.0	83.945	94.189	1.122	0.2	0.19	0.091644876	0.07648646	0.0043697585	0.0033286677	0.1026072651147842	0.0335426181554794	0.583761380849379	0.4784783317157954	0.6467391304347245	0.8697826086955587	87.96763928706622	105.8784512996863	0.2514999999999999	0.3194999999999999	2467.78	2301.69	0.1399999999999999	0.13	22.98	20.38	0.04	0.04	100.41	100.41	0.18	0.18	102.26	67.48	0.09	0.08	0.654204	0.442032	0.12	0.24	743.1400590825417	688.9344191199156	0.3	0.3	22.02368566889797	32.57541821124692	0.2	0.2	28.496400111996277	49.521067731000905	0.2	0.2	26.ITIH1.ENST00000273283.7.missense.639P/L	0.24736291	0.20196974		0.0428571428571427	0.6999999999999998	False	False	False	0	False	0
chr18-580767-580768-G-T					3.0	2.0	CETN1	K120N	1	FDDDETGNI	ENST00000327228.5		HLA-C*08:02	8		3	175.812	288.441	0.783	0.825	0.0	0.0	0.0	0	0.097	NoExpr	False	Pending	No comments	TGNISFKNLKRVANEL	ENST00000327228.5	137.085	114.865	3.3	3.0	19.0			5.0	10.0		13.0	30.0	3.0	21.0		172	protein_coding	ENSG00000177143	missense	K/N	120	CETN1	ENST00000327228.5:c.360G>T	ENSP00000319052.3:p.Lys120Asn	9	2	8	FDDDETGKI	SMMPMBEC	35.811	45.711	1.276	NetMHC	0.04	0.04	1281	0.097	0	0.0	475	0.0	0.0	0.0	175.812	288.441	1.641	0.783	0.825	0.0032415094	0.0009918552	0.17735949	0.15344211	0.0096323527395725	0.0022256597876548	0.4868136905679696	0.3972250562945366	0.8492119565216427	1.0654619565216024	93.76881050521769	132.8047914008325	0.2467499999999999	0.3434999999999997	267.53	67.32	29.71	9.02	610.2	716.58	0.04	0.04	2483.17	2551.25	1.6	1.7	11683.66	11323.72	2.5	2.4	0.052739	0.033973	1.1	1.4	309.352836369049	218.82002441761688	0.8	0.5	75.53704651726908	72.30361308945282	0.4	0.4	45.71092397886016	35.811292843271886	0.2	0.2	256.CETN1.ENST00000327228.5.missense.120K/N				-1.5142857142857142	-1.5142857142857142	False	False	False	0	False	0
chr22-26623269-26623270-C-T	1.0			1.0			CRYBA4	R26W	1	GFQGRWHEF	ENST00000354760.4	1.0	HLA-A*24:02	6		2	240.754	1303.152	0.27	0.995	0.066	0.0	0.0	0	0.089	NoExpr	False	Pending	No comments	PWKMVVWDEDGFQGRW	ENST00000354760.4	1206.93	2386.55	27.0	33.28	14.0	3.0	10.0	31.0	33.0	2.0	28.0			3.0	1.0	196	protein_coding	ENSG00000196431	missense	R/W	26	CRYBA4	ENST00000354760.4:c.76C>T	ENSP00000346805.3:p.Arg26Trp	9	4	6	GFQGRRHEF	MHCflurry	56.532	129.406	2.289	NetMHCpanEL	0.09	0.33	1028	0.089	0	0.0	203	0.0	0.066	0.029	240.754	1303.152	5.413	0.27	0.995	0.03352683	0.56444454	0.14619522	0.20567547	0.1682824231684208	0.4230139516294002	0.5487631385120989	0.8700459525063312	0.7190489130433662	0.1687500000000028	129.4057076744891	56.53225953591146	0.3843749999999997	0.137875	4681.9	3469.83	0.43	0.2299999999999999	3085.92	229.64	2.9	0.37	1050.6	83.54	1.6	0.31	1590.87	85.14	0.89	0.12	0.309945	0.714412	0.33	0.09	466.6754581007161	251.86839356475485	1.1	0.5	1229.2210817116595	352.8824012393212	2.1	0.7	1377.0826290555035	413.0094606612243	2.4	0.8	270.CRYBA4.ENST00000354760.4.missense.26R/W	0.27308327	0.50833094		-1.8857142857142857	-1.442857142857143	False	False	False	0	False	0
chr5-141350402-141350402-C-CTT		4.0		1.0			PCDHGB1	FS48	2	STLVWRAGI	ENST00000523390.2	1.0	HLA-A*32:01	1-9		5	266.598		0.894		1.361	0.0	0.0	27	0.087	NoExpr	False	Pending	No comments	GLVQRIISTLVWRA	ENST00000523390.2	25.605		2.5		33.0	21.0		187.0		48.0	68.0	98.0	1.0	92.0	1.0	927	protein_coding	ENSG00000254221	FS	L/LX	48	PCDHGB1	ENST00000523390.2:c.143_144dup	ENSP00000429273.1:p.Ala49LeufsTer35	9	34	1-9		MHCnuggetsI	46.18			NetMHCpan	0.13		710	0.087	27	0.0	251	0.0	1.361	0.065	266.598			0.894			0.037027154		0.0036864502		0.1123423017561435		0.2651031811955013		1.5028804347825258		368.8235124324667		1.0386249999999997		46.18		0.31		282.62		0.22		132.31		0.7		123.54		0.13		0.097234		0.75		1318.6091434272448		1.7		250.57630451594133		1.7		311.8602336975834		2.0	43.PCDHGB1.ENST00000523390.2.FS.48C/CTT				1.2142857142857142	1.2142857142857142	False	False	False	0	False	0
chr8-112265521-112265522-TG-T					4.0	3.0	CSMD3	FS3193	4	YGDDYVVGKMF	ENST00000297405.10	1.0	HLA-C*05:01	9-11		4	322.102	280.269	0.41	0.585	2.041	0.0	0.0	10	0.071	NoExpr	False	Pending	No comments	LRYGDDYVVGKMFLT	ENST00000297405.10	549.125	915.0	31.0	34.0	51.0	28.0	1.0	64.0	3.0	45.0	56.0	30.0	11.0	21.0	1.0	3707	protein_coding	ENSG00000164796	FS	Q/X	3193	CSMD3	ENST00000297405.10:c.9577del	ENSP00000297405.5:p.Gln3193LysfsTer15	11	3	9-11	YGDDYVVGQNV	MHCnuggetsI	7.18	141.72	19.738	MHCnuggetsI	0.15	3.28	730	0.071	10	0.0	176	0.0	2.041	0.277	322.102	280.269	0.87	0.41	0.585	0.023893813	0.12225636	0.5391548	0.3994894	0.2195690609514713	0.1890395060181617	0.7390704993293359	0.6243123066557204	0.3752989130434798	0.5705706521738563	65.32403236283372	101.20354647399228	0.277875	0.4567499999999999	141.72	7.18	3.28	0.15	4508.94	1067.92	1.4	0.37	136.67	61.7	0.38	0.25	3761.3	2253.91	0.99	0.66	0.101325	0.232122	0.79	0.45	418.8179265751275	543.0008913856493	0.2	0.3									106.CSMD3.ENST00000297405.10.FS.3193TG/T				1.0714285714285714	1.0714285714285714	False	False	False	0	False	0
chrX-10128074-10128074-T-TGAAC		1.0		2.0	1.0		WWC3	FS855-856	1	SERTIKDAGGW	ENST00000380861.10	1.0	HLA-B*44:02	3-11		4	389.116		0.165		15.405	0.0	0.0	310	0.18	NoExpr	False	Pending	No comments	RWHSVQVFTSSERTI	ENST00000380861.10	148.965	757.98	15.0	26.0	15.0	1.0		287.0	9.0	101.0	61.0	16.0		39.0	1.0	1216	protein_coding	ENSG00000047644	FS	-/EX	855-856	WWC3	ENST00000380861.10:c.2566_2569dup	ENSP00000370242.6:p.Pro857ArgfsTer89	11	11	3-11		MHCflurry	42.944			MHCflurry	0.018		1127	0.18	310	0.0	424	0.0	15.405	15.393	389.116			0.165			0.701384		0.13477387		0.4669282883405685		0.9108275377807662		0.1054619565217649		42.94389046115624		0.018125		4483.28		0.48		927.5		0.73		88.18		0.22		111.3		0.11		0.707227		0.1		666.9311044693874		0.4									273.WWC3.ENST00000380861.10.FS.855-856T/TGAAC				-0.3999999999999999	-0.3714285714285714	False	False	False	0	False	0
chr19-35351921-35351921-T-TG	1.0	1.0	1.0			1.0	FFAR1	FS124	1	LQPLSPALF	ENST00000246553.3		HLA-A*24:02	1-9		3	450.24		0.705		0.0	0.0	0.0	0	0.255	NoExpr	False	Pending	No comments	SPALFSALGHHSLLL	ENST00000246553.3	37.645		3.7		86.0	65.0		376.0	1.0	132.0	117.0	66.0	2.0	119.0		300	protein_coding	ENSG00000126266	FS	W/WX	124	FFAR1	ENST00000246553.3:c.376dup	ENSP00000246553.2:p.Val126GlyfsTer147	9	69	1-9		MHCflurry	124.402			MHCnuggetsI	0.21		1018	0.255	0	0.0	365	0.0	0.0	0.0	450.24			0.705			0.6158748		0.100291215		0.0823260024189949		0.4824707350221651		0.860706521739047		124.40199342260976		0.3727499999999997		3172.58		0.21		463.14		0.71		437.34		0.95		470.41		0.41		0.400578		0.26		1017.0464840378708		2.3		323.3180866189182		0.7		435.47176340681665		0.8	266.FFAR1.ENST00000246553.3.FS.124T/TG		0.42976904		1.1714285714285713	1.1714285714285713	False	False	False	0	False	0
chr22-39887543-39887544-G-A			1.0		1.0		ENTHD1	R69C	1	CHVYKSLTL	ENST00000325157.7	1.0	HLA-B*14:01	1	1.0	2	517.53	804.48	0.19	0.135	0.257	0.0	0.0	0	0.173	NoExpr	False	Pending	No comments	NWCHVYKSLTLMDYL	ENST00000325157.7	77.93	68.21	12.0	9.2	38.0	26.0	6.0	12.0	9.0		53.0	34.0		32.0	1.0	607	protein_coding	ENSG00000176177	missense	R/C	69	ENTHD1	ENST00000325157.7:c.205C>T	ENSP00000317431.6:p.Arg69Cys	9	9	1	RHVYKSLTL	MHCflurry	61.143	58.325	0.954	NetMHCpan	0.05	0.07	502	0.173	0	0.0	283	0.004	0.257	0.257	517.53	804.48	1.554	0.19	0.135	0.009599293	0.0010740606	0.012260298	0.0055654794	0.4905124753713608	0.2363660037517547	0.8918572401462141	0.7622081225837744	0.1353532608695786	0.3385597826086837	58.3252835264727	61.14292332438505	0.055	0.064125	2581.39	1453.15	3.16	1.81					766.37	517.24	0.39	0.19	804.48	517.53	0.07	0.05	0.581528	0.381965	0.03	0.09	922.6778027608818	611.6306104899984	0.5	0.2									272.ENTHD1.ENST00000325157.7.missense.69R/C			1	0.7285714285714285	0.7285714285714285	True	False	False	1	False	0
chr9-101362632-101362633-T-C	1.0	1.0	1.0				BAAT	N351S	3	RHGKNSWTL	ENST00000259407.7	1.0	HLA-B*14:01	6		2	1051.92	2200.18	0.7	1.1	0.396	0.0	0.0	7	0.098	NoExpr	False	Pending	No comments	KNSWTLLSYPGAGHLI	ENST00000259407.7	160.29	157.485	24.0	24.0	9.0			49.0		26.0	26.0	15.0			1.0	418	protein_coding	ENSG00000136881	missense	N/S	351	BAAT	ENST00000259407.7:c.1052A>G	ENSP00000259407.2:p.Asn351Ser	9	4	6	RHGKNNWTL	MHCflurry	254.806	269.424	1.057	NetMHCpanEL	0.42	0.54	824	0.098	7	0.0	493	0.0	0.396	0.0	1051.92	2200.18	2.092	0.7	1.1	0.00011197025	0.0001025665	0.002781321	0.0019863076	0.1696485839784145	0.1755816601216793	0.3747678360945596	0.3925416954449287	1.1249184782607244	1.0756793478259397	269.42351810475407	254.8061484749476	0.6721249999999999	0.6402499999999999	2200.18	1051.92	2.7	1.34					4845.11	4286.63	3.2	2.8	6700.37	5156.23	1.1	0.68	0.12442	0.167393	0.54	0.42	1039.2947723310567	1050.6007652110409	0.6	0.7									133.BAAT.ENST00000259407.7.missense.351N/S				-0.9142857142857144	-0.9142857142857144	False	False	False	0	False	0
chr3-157045520-157045521-A-G			1.0				LEKR1	H617R	1	NRGERSLARL	ENST00000356539.9	5.0	HLA-B*14:01	2		1	1273.91	1844.099	1.431	0.46	0.741	0.0	0.0	0	0.074	NoExpr	False	Pending	No comments	GSLTSPAAAVSNRGE	ENST00000356539.9	17.39	20.12	0.72	1.2				86.0		29.0	3.0	12.0		11.0	5.0	692	protein_coding	ENSG00000197980	missense	H/R	617	LEKR1	ENST00000356539.9:c.1850A>G	ENSP00000348936.4:p.His617Arg	10	9	2	NHGERSLARL	MHCflurry	814.023	530.404	0.652	NetMHCpan	0.11	0.21	582	0.074	0	0.0	274	0.0	0.741	0.037	1273.91	1844.099	1.448	1.431	0.46	0.002519007	0.0051353066	0.010167418	0.07081397	0.163974117487669	0.0777928531169891	0.2332868157048502	0.1288861784777836	1.6471467391303207	2.4632608695651186	530.4042186198636	814.0229749185337	1.1042500000000002	1.431375	10375.96	19833.82	13.85	32.029999999999994					1452.6	1006.18	0.46	0.29	2068.65	1273.91	0.21	0.11	0.170754	0.171501	0.41	0.4	1844.098663183025	6262.788760577156	0.4	2.5									40.LEKR1.ENST00000356539.9.missense.617H/R				-0.5571428571428573	-0.5571428571428573	False	False	False	0	True	0
chr3-88466267-88466268-C-A		1.0					CSNKA2IP	A304E	1	RQSESSYFV	ENST00000637986.2	4.0	HLA-A*32:01	4		1	1381.785	1229.707	2.281	2.805	0.0	0.0	0.0	0	0.18	NoExpr	False	Pending	No comments	QSESSYFVHPSENLPLF	ENST00000637986.2	70.71	102.635	4.1	3.8	25.0	11.0	2.0	80.0	20.0	14.0	62.0	2.0	11.0	2.0	4.0	734	protein_coding	ENSG00000283434	missense	A/E	304	CSNKA2IP	ENST00000637986.2:c.911C>A	ENSP00000489704.1:p.Ala304Glu	9	6	4	RQSASSYFV	NetMHCpan	291.56	258.98	0.888	NetMHCpan	0.25	0.23	633	0.18	0	0.0	274	0.0	0.0	0.0	1381.785	1229.707	0.89	2.281	2.805	6.908476e-05	0.00014291459	0.0002084106	0.00023393228	0.1469882652163505	0.3943104967474937	0.0641730184598893	0.2118942783138594	4.102010869565163	1.767119565217314	2311.645967973931	1394.06968484373	2.6108750000000005	2.042625000000001	983.9	2217.52	1.59	2.52	2561.26	2200.79	1.5	1.3	1209.27	1369.5	3.0	3.2	258.98	291.56	0.23	0.25	0.095978	0.164535	0.76	0.46	4778.52115918281	5154.497145169031	14.0	15.0	972.6128430644654	1039.77650547269	4.5	4.8	1250.1438824083389	1199.388830268339	5.4	5.3	30.CSNKA2IP.ENST00000637986.2.missense.304A/E				-0.0285714285714284	-0.0285714285714284	False	False	False	0	False	0
chr19-22976007-22976008-T-G							ZNF728	K443N	0	SSLTKHNVI	ENST00000594710.2	3.0	HLA-A*32:01	7		0	1560.472	3214.05	2.107	3.8	0.125	0.0	0.0	6	0.078	NoExpr	False	Pending	No comments	KAFTTFSSLTKHNVI	ENST00000594710.2	58.255	43.815	8.1	5.7	25.0	23.0		43.0		20.0	54.0	41.0	4.0	1.0	3.0	622	protein_coding	ENSG00000269067	missense	K/N	443	ZNF728	ENST00000594710.2:c.1329A>C	ENSP00000471593.1:p.Lys443Asn	9	3	7	SSLTKHKVI	SMMPMBEC	168.64	553.299	3.281	NetMHC	0.34	1.4	758	0.078	6	0.0	534	0.0	0.125	0.115	1560.472	3214.05	2.06	2.107	3.8	0.0004888157	0.0013888305	0.0008956815	0.001192745	0.0725275613367557	0.1154900602996349	0.0387199266203169	0.0619708372377207	6.479157608695644	4.271168478260833	3048.0245129534583	2141.693573142618	2.972250000000001	2.514375	26887.47	8488.19	24.93	6.370000000000001	2277.19	480.79	1.4	0.34	4129.12	979.25	6.5	2.6	7280.22	2473.67	3.4	1.4	0.016873	0.03628	2.6	1.6	3380.0760613847024	2289.620754290416	7.8	4.3	864.8484272959206	252.8948585151431	4.2	1.7	553.2991461342008	168.6397695267872	3.0	1.3	265.ZNF728.ENST00000594710.2.missense.443K/N				0.1714285714285714	0.1714285714285714	False	False	False	0	False	0
chr1-18840251-18840252-C-T							TAS1R2	G623R	0	AYMVVPVYVR	ENST00000375371.3	2.0	HLA-A*24:02	10		0	3123.783	2195.75	2.9	2.1	0.063	0.0	0.0	2	0.166	NoExpr	False	Pending	No comments	LVAYMVVPVYVRPPK	ENST00000375371.3	186.975	146.06	21.0	23.0	36.0	28.0		81.0	21.0	17.0	56.0	48.0	1.0	39.0	2.0	839	protein_coding	ENSG00000179002	missense	G/R	623	TAS1R2	ENST00000375371.3:c.1867G>A	ENSP00000364520.3:p.Gly623Arg	10	1	10	AYMVVPVYVG	SMM	211.213	129.039	0.611	SMM	0.5	0.4	1661	0.166	2	0.0	550	0.0	0.063	0.063	3123.783	2195.75	0.703	2.9	2.1	0.07624247	0.069418214	0.09622883	0.24788769	0.3077171631157398	0.5598482005298138	0.0188890162937831	0.0409622756325572	12.805461956521723	6.18413043478256	15350.220927966497	16931.65530869051	5.561749999999997	6.343874999999999	6051.2	5519.57	99.97	99.35	1609.58	2208.95	1.9	2.3	2781.92	3435.38	2.3	2.6	3808.73	7781.73	1.8	3.1	0.002145	0.005603	5.9	3.9	1550.9601273084331	2812.1856201345004	1.3	2.7	129.03870620853206	211.21268622579464	0.4	0.5	147.11264367378055	478.2445174313574	0.4	1.1	1.TAS1R2.ENST00000375371.3.missense.623G/R	0.7164705	0.70789766		1.3428571428571427	2.257142857142857	False	False	False	0	False	0
chr11-77040374-77040375-C-A					1.0		B3GNT6	A275D	1	LFPGSDYPVY	ENST00000622824.1	1.0	HLA-A*24:02	6		1	4796.437	3948.265	4.05	2.8	0.068	0.0	0.0	0	0.177	NoExpr	False	Pending	No comments	SWSKYFVPPQLFPGSDY	ENST00000622824.1	609.13	808.395	18.0	18.0	41.0	7.0		40.0	1.0	24.0	22.0				1.0	384	protein_coding	ENSG00000198488	missense	A/D	275	B3GNT6	ENST00000622824.1:c.824C>A	ENSP00000484640.1:p.Ala275Asp	10	5	6	LFPGSAYPVY	MHCflurry	910.86	840.345	0.923	MHCflurry	1.141	1.099	1499	0.177	0	0.0	630	0.0	0.068	0.068	4796.437	3948.265	0.823	4.05	2.8	0.09665852	0.1087661	0.021520967	0.022924278	0.4325918965041637	0.2135194763541221	0.3348276923981619	0.1765635511232386	1.246494565217276	1.9978260869564368	840.3447899670756	910.8601748768572	1.099249999999999	1.1408749999999988	5331.44	5310.15	15.2	9.37	4044.23	8265.12	3.5	6.1	4219.45	7054.34	3.0	4.5	6085.84	9271.96	2.6	3.6	0.028767	0.025416	1.8	1.9	2099.770321630722	2523.7962059597608	1.8	2.3	3852.299106826123	4282.723140037136	6.1	6.6	3354.671506925277	4005.437873654018	5.6	6.3	175.B3GNT6.ENST00000622824.1.missense.275A/D	0.8017544	0.84210414		-0.6714285714285714	-0.1428571428571428	False	False	False	0	False	0
chr6-55579035-55579036-G-A							HMGCLL1	A7V	0	MGNVPSVVK	ENST00000274901.9	1.0	HLA-C*05:01	7		0	5457.612	5792.814	17.5	18.5	0.192	0.0	0.0	6	0.342	NoExpr	False	Pending	No comments	PSVVKHCLSYQQLLREH	ENST00000274901.9	104.87	116.245	5.0	5.8	27.0	22.0		16.0	2.0		19.0	21.0		33.0	1.0	340	protein_coding	ENSG00000146151	missense	A/V	7	HMGCLL1	ENST00000274901.9:c.20C>T	ENSP00000274901.4:p.Ala7Val	9	1	7	MGNVPSAVK	SMM	324.84	107.071	0.33	MHCflurry	4.833	5.648	711	0.342	6	0.0	118	0.0	0.192	0.026	5457.612	5792.814	1.061	17.5	18.5	0.00054689846	0.0010095666	0.17634413	0.22668985	0.12366858497262	0.2528778091073036	0.0213334860941189	0.0414673465870349	11.115788043478249	6.047907608695624	6909.401327141679	5462.434942268705	5.648499999999998	4.833499999999998	4435.9	5452.79	21.48	24.36	25418.12	28811.88	8.0	12.0	37132.0	37535.94	62.0	64.0	30094.36	30350.72	18.0	19.0	0.000171	0.000315	19.0	15.0	4676.226873485467	5441.03041320878	19.0	22.0	107.07054172493122	324.8403726261738	8.2	16.0	563.988177163189	705.1313114343084	20.0	23.0	49.HMGCLL1.ENST00000274901.9.missense.7A/V				0.4	0.9000000000000001	False	False	False	0	False	0
chr10-19146243-19146244-G-T		1.0		1.0			MALRD1	E486D	1	GWDPFLTED	ENST00000454679.7	1.0	HLA-C*05:01	3		2	5519.691	15242.947	11.69	30.0	3.659	0.0	0.0	0	0.435	NoExpr	False	Pending	No comments	WDPFLTEDSHWKLM	ENST00000454679.7	715.115	620.915	31.0	30.0	17.0			21.0	13.0		6.0	2.0			1.0	2156	protein_coding	ENSG00000204740	missense	E/D	486	MALRD1	ENST00000454679.7:c.1458G>T	ENSP00000412763.3:p.Glu486Asp	9	7	3	GWEPFLTED	SMM	55.933	199.375	3.565	NetMHC	2.4	28.0	727	0.435	0	0.0	250	0.0	3.659	0.482	5519.691	15242.947	2.762	11.69	30.0	0.00013064676	0.00028855694	0.045570444	0.08358293	0.005934327840805	0.0203136913478374	0.0046428961304792	0.0114747918918827	62.74467391304348	20.2322554347826	22007.005559396264	9071.594520640603	20.317499999999992	6.883624999999998	4874.55	1379.48	22.75	11.38	40071.77	9138.49	28.0	2.4	41151.77	34053.09	87.0	49.0	45461.86	40875.32	80.0	49.0	7e-06	7.2e-05	53.0	26.0	8478.888488850993	1967.7864831100464	32.0	6.5	199.3746784615197	55.93324295117534	13.0	5.6	865.5058347726485	164.91873693272697	25.0	12.0	154.MALRD1.ENST00000454679.7.missense.486E/D				-0.8857142857142858	-0.0714285714285715	False	False	False	0	False	0
chr8-7860393-7860394-G-A		1.0					SPAG11A	V88M	2	MGFLGPRW	ENST00000434307.6	1.0	HLA-A*32:01	1		1	5575.726	13475.486	4.56	8.5	0.0	0.0	0.0	0	0.088	NoExpr	False	Pending	No comments	SFKICMGFLGPRWAR	ENST00000434307.6	112.41	195.72	15.0	16.0	47.0	24.0		62.0		43.0	40.0	45.0	3.0	18.0	1.0	103	protein_coding	ENSG00000178287	missense	V/M	88	SPAG11A	ENST00000434307.6:c.262G>A	ENSP00000416991.2:p.Val88Met	8	8	1	VGFLGPRW	MHCflurry	2403.445	2714.425	1.129	MHCflurry	2.068	1.737	1059	0.088	0	0.0	497	0.0	0.0	0.0	5575.726	13475.486	2.417	4.56	8.5	0.04325319	0.050952327	0.03319522	0.03189445	0.5859262011945248	0.4620455875992775	0.2170658757774319	0.1675680740465053	1.737228260869486	2.068124999999938	2714.425182821462	2403.444695731807	2.808250000000001	2.6517500000000007	19038.62	5407.96	14.48	4.52	42367.57	38540.09	60.0	43.0	7568.32	3167.62	9.0	5.0	16423.64	9957.63	8.0	4.6	0.007801	0.009278	4.0	3.6	10527.332102653643	5743.4917749851775	13.0	5.0									101.SPAG11A.ENST00000434307.6.missense.88V/M				-0.1714285714285715	0.2285714285714285	False	False	False	0	False	0
chr1-84182256-84182256-T-TG							PRKACB	FS102-103	0	SHVGKTQSH	ENST00000370685.7	1.0	HLA-B*14:01	1-9		0	7864.59		4.6		48.731	0.0	0.0	524	0.216	NoExpr	False	Pending	No comments	KKTLGTGSFGKSHVG	ENST00000370685.7	238.415	74.735	24.0	13.0				56.0		32.0	16.0				1.0	398	protein_coding	ENSG00000142875	FS	-/X	102-103	PRKACB	ENST00000370685.7:c.308dup	ENSP00000359719.3:p.Arg104LysfsTer11	9	12	1-9		PickPocket	1967.786			NetMHCpanEL	0.74		464	0.216	524	0.0	199	0.0	48.731	1.989	7864.59			4.6			2.3984685e-05		0.0018403605		0.0383639745414257		0.0380217212979135		6.63130434782606		2744.323433910732		2.806375		22229.06		37.88						7864.59		6.1		15689.77		4.6		0.089746		0.74		1967.7864831100464		1.6									5.PRKACB.ENST00000370685.7.FS.102-103T/TG				-1.1857142857142855	-1.1857142857142855	False	False	False	0	False	0
