ID	A*01:01	A*24:03	B*08:01	B*27:05	C*01:02	C*07:01	Gene	AA Change	Num Passing Transcripts	Best Peptide class1	Best Transcript class1	TSL	Allele	Pos	Prob Pos	Num Passing Peptides	IC50 MT class1	IC50 WT class1	percentile MT class1	percentile WT class1	RNA Expr	RNA VAF	Allele Expr	RNA Depth	DNA VAF	Tier	Ref Match	Evaluation	Comments	Best Peptide class2	Best Transcript class2	IC50 MT class2	IC50 WT class2	percentile MT class2	percentile WT class2	DQA1*04:01	DQA1*04:01-DQB1*02:01	DQA1*04:01-DQB1*04:02	DQA1*05:01	DQA1*05:01-DQB1*02:01	DQA1*05:01-DQB1*04:02	DQB1*02:01	DQB1*04:02	DRB1*03:01	DRB1*08:01	Transcript Support Level	Transcript Length	Biotype	Ensembl Gene ID	Variant Type	Mutation	Protein Position	Gene Name	HGVSc	HGVSp	Peptide Length	Sub-peptide Position	Mutation Position	WT Epitope Seq	Best MT IC50 Score Method	Best MT IC50 Score	Corresponding WT IC50 Score	Corresponding Fold Change	Best MT Percentile Method	Best MT Percentile	Corresponding WT Percentile	Tumor DNA Depth	Tumor DNA VAF	Tumor RNA Depth	Tumor RNA VAF	Normal Depth	Normal VAF	Gene Expression	Transcript Expression	Median MT IC50 Score	Median WT IC50 Score	Median Fold Change	Median MT Percentile	Median WT Percentile	MHCflurryEL Processing WT Score	MHCflurryEL Processing MT Score	MHCflurryEL Presentation WT Score	MHCflurryEL Presentation MT Score	MHCflurryEL Presentation WT Percentile	MHCflurryEL Presentation MT Percentile	MHCflurry WT Score	MHCflurry MT Score	MHCflurry WT Percentile	MHCflurry MT Percentile	MHCnuggetsI WT Score	MHCnuggetsI MT Score	MHCnuggetsI WT Percentile	MHCnuggetsI MT Percentile	NetMHC WT Score	NetMHC MT Score	NetMHC WT Percentile	NetMHC MT Percentile	NetMHCcons WT Score	NetMHCcons MT Score	NetMHCcons WT Percentile	NetMHCcons MT Percentile	NetMHCpan WT Score	NetMHCpan MT Score	NetMHCpan WT Percentile	NetMHCpan MT Percentile	NetMHCpanEL WT Score	NetMHCpanEL MT Score	NetMHCpanEL WT Percentile	NetMHCpanEL MT Percentile	PickPocket WT Score	PickPocket MT Score	PickPocket WT Percentile	PickPocket MT Percentile	SMM WT Score	SMM MT Score	SMM WT Percentile	SMM MT Percentile	SMMPMBEC WT Score	SMMPMBEC MT Score	SMMPMBEC WT Percentile	SMMPMBEC MT Percentile	Index	Problematic Positions	cterm_7mer_gravy_score	max_7mer_gravy_score	difficult_n_terminal_residue	c_terminal_cysteine	c_terminal_proline	cysteine_count	n_terminal_asparagine	asparagine_proline_bond_count
chr14-101980528-101980529-G-A		1.0	1.0	3.0		1.0	DYNC1H1	V314I	1	KRFHATISF	ENST00000360184.9	1.0	HLA-B*27:05	7		5	54.914	55.404	0.115	0.135	424.588	0.409	173.656	403	0.324	Pass	False	Accept	No comments	ATISFDTDTGLKQAL	ENST00000360184.9	170.895	255.025	3.5	5.2	12.0		7.0	11.0	14.0	60.0	11.0	49.0	41.0	26.0	1.0	4646	protein_coding	ENSG00000197102	missense	V/I	314	DYNC1H1	ENST00000360184.9:c.940G>A	ENSP00000348965.4:p.Val314Ile	9	3	7	KRFHATVSF	NetMHCcons	34.59	36.31	1.05	MHCflurry	0.001	0.001	528	0.324	403	0.409	333	0.0	424.588	0.511	54.914	55.404	1.009	0.115	0.135	0.7342998273670673	0.7252206169068813	0.9574206565715004	0.9564581952061008	0.0369565217391425	0.0383152173913146	50.472291381956985	50.01888381536363	0.001125	0.001125	47.66	45.5	0.15	0.1399999999999999	43.7	34.89	0.12	0.1	36.31	34.59	0.09	0.09	72.22	59.81	0.16	0.13	0.989486	0.990717	0.01	0.01	319.55896973281943	319.55896973281943	0.6	0.6	64.35317817016137	64.05750217436662	0.3	0.3	60.33509487727502	60.19632800979705	0.3	0.3	52.DYNC1H1.ENST00000360184.9.missense.314V/I		1.0285714285714285	1.0285714285714285	False	False	False	0	False	0
chr1-23362761-23362762-G-C		1.0		1.0		1.0	ZNF436	S207C	2	SFGRSCHLI	ENST00000314011.8	1.0	HLA-A*24:03	6	6.0	3	91.819	85.152	0.86	0.78	10.286	0.625	6.429	16	0.647	Pass	False	Reject	No comments	SCHLIQHQTIHT	ENST00000314011.8	253.75	412.19	3.561	6.85				1.0		46.0	3.0	10.0		17.0	1.0	470	protein_coding	ENSG00000125945	missense	S/C	207	ZNF436	ENST00000314011.8:c.620C>G	ENSP00000313582.4:p.Ser207Cys	9	4	6	SFGRSSHLI	MHCnuggetsI	3.38	4.15	1.228	MHCnuggetsI	0.28	0.36	1087	0.647	16	0.625	775	0.0	10.286	2.208	91.819	85.152	0.927	0.86	0.78	0.0157100185751914	0.0085608176887035	0.2505530927551083	0.2466447551822176	1.5659510869564457	1.5839673913042844	280.5169624391441	279.2573240833887	0.3389999999999992	0.3389999999999992	4.15	3.38	0.36	0.2799999999999999	52.75	93.03	0.22	0.29	70.64	76.61	1.3	1.4	33.67	40.65	0.25	0.29	0.559435	0.340428	0.32	0.62	514.4056055406149	492.6174734627515	1.2	1.1	99.6643870200355	92.79829565802883	1.7	1.7	100.9903785261395	90.84060124206532	1.7	1.6	3.ZNF436.ENST00000314011.8.missense.207S/C	6	0.2714285714285713	0.2714285714285713	False	False	False	1	False	0
chr18-45925850-45925851-C-T		2.0					EPG5	A869T	2	LWQPSTSEI	ENST00000282041.10	1.0	HLA-A*24:03	6		2	34.109	58.333	0.378	0.569	51.135	0.12	6.136	133	0.055	Subclonal	False	Accept	No comments	LPLYLWQPSTSEIA	ENST00000282041.10	43.71	38.91	0.1	0.07	21.0	16.0	11.0	46.0	30.0	81.0	27.0	37.0	15.0	7.0	1.0	2579	protein_coding	ENSG00000152223	missense	A/T	869	EPG5	ENST00000282041.10:c.2605G>A	ENSP00000282041.4:p.Ala869Thr	9	4	6	LWQPSASEI	MHCnuggetsI	2.1	2.98	1.419	NetMHC	0.07	0.13	365	0.055	133	0.12	238	0.0	51.135	6.702	34.109	58.333	1.71	0.378	0.569	0.1330584771931171	0.094034906476736	0.2587493673595358	0.3363755583084211	1.5295108695651152	1.2398097826085603	411.4196018886889	243.10182339443065	0.4079999999999989	0.3151249999999993	2.98	2.1	0.2299999999999999	0.12	22.06	9.03	0.13	0.07	20.24	11.35	0.73	0.44	40.76	26.67	0.29	0.23	0.561077	0.673915	0.32	0.23	537.157411716568	409.8522488666769	1.3	1.0	77.54253593856495	41.54703157099128	1.5	1.0	75.90668057581098	52.39381231081167	1.5	1.2	76.EPG5.ENST00000282041.10.missense.869A/T		-0.914285714285714	-0.6428571428571429	False	False	False	0	False	0
chr8-99861922-99861923-C-T		1.0		9.0		1.0	VPS13B	S3756F	2	LRQGLFRLGI	ENST00000358544.6	1.0	HLA-B*27:05	6		10	76.839	134.308	0.7	0.79	112.106	0.059	6.614	17	0.162	Subclonal	False	Accept	No comments	QGLFRLGISLLGAI	ENST00000358544.6	108.71	712.09	0.27	2.73	37.0	1.0	4.0	57.0	6.0	74.0	31.0	63.0		45.0	1.0	4022	protein_coding	ENSG00000132549	missense	S/F	3756	VPS13B	ENST00000358544.6:c.11267C>T	ENSP00000351346.2:p.Ser3756Phe	10	5	6	LRQGLSRLGI	MHCnuggetsI	30.45	72.15	2.369	MHCnuggetsI	0.08	0.24	229	0.162	17	0.059	83	0.0	112.106	5.718	76.839	134.308	1.748	0.7	0.79	0.060006808489561	0.1041331626474857	0.3986600534172703	0.323056555000008	1.060135869565073	1.2861684782607767	162.90716573685145	268.35554371706314	0.7799999999999999	1.2043749999999998	72.15	30.45	0.24	0.08	67.8	50.38	0.2	0.14	245.15	137.41	0.72	0.42	120.09	68.21	0.27	0.15	0.078849	0.080392	1.7	1.7	2722.3695166880275	2842.778048235646	2.6	2.8	87.35142616605056	66.11043274946293	0.8	0.6	148.5251501176592	85.46730307669759	1.3	0.8	43.VPS13B.ENST00000358544.6.missense.3756S/F		1.3714285714285712	1.3714285714285712	False	False	False	0	False	0
chr7-98241127-98241128-TG-T		1.0		5.0	4.0		TECPR1	FS258	1	SRWESAWSGL	ENST00000447648.6	1.0	HLA-B*27:05	0-11		10	49.846		0.115		27.348	0.103	2.817	29	0.159	Subclonal	True	Accept	Accepted at ITB but has a reference match	STLTIPAAPVGLRWL	ENST00000447648.6	141.9		7.07		15.0	5.0	14.0	18.0		188.0	16.0	109.0	2.0	4.0	1.0	1165	protein_coding	ENSG00000205356	FS	A/X	258	TECPR1	ENST00000447648.6:c.774del	ENSP00000404923.2:p.Thr259HisfsTer77	10	48	0-11		NetMHCpan	11.57			NetMHCpan	0.02		416	0.159	29	0.103	154	0.0	27.348	3.07	49.846			0.115			0.1910105496644973		0.7147079421455614		0.4152717391304463		66.80245892674031		0.100625		43.81		0.13		15.9		0.03		28.78		0.06		11.57		0.02		0.916795		0.03		487.3161926794595		0.2		55.88175024751298		0.5		60.9256259749656		0.5	38.TECPR1.ENST00000447648.6.FS.258TG/T		-0.1142857142857144	-0.1142857142857144	False	False	False	0	False	0
chr6-43186383-43186384-G-T		1.0		3.0		1.0	CUL9	D394Y	2	RMLDYYEEI	ENST00000372647.6	1.0	HLA-A*24:03	5		4	177.173	294.626	0.625	1.159	28.192	0.069	1.945	29	0.069	Subclonal	False	Accept	No comments	LDYYEEISAGDEGEF	ENST00000372647.6	130.86	197.02	1.21	2.44	13.0	13.0	11.0	71.0	64.0	19.0		62.0	14.0	8.0	1.0	2489	protein_coding	ENSG00000112659	missense	D/Y	394	CUL9	ENST00000372647.6:c.1180G>T	ENSP00000361730.2:p.Asp394Tyr	9	5	5	RMLDDYEEI	MHCnuggetsI	9.82	36.62	3.729	MHCflurry	0.308	0.577	291	0.069	29	0.069	130	0.0	28.192	5.342	177.173	294.626	1.663	0.625	1.159	0.49959297478199	0.681108009070158	0.3776524662222467	0.7809958147130917	1.117282608695504	0.3075271739130158	884.8729511232231	276.822081393755	0.5772499999999986	0.3364999999999992	36.62	9.82	1.06	0.65	425.55	147.05	0.68	0.36	164.27	58.14	1.6	1.2	408.24	130.7	1.2	0.6	0.124426	0.193057	1.4	1.1	337.3229287282724	207.29661580797057	0.8	0.5	241.84660766301965	222.60760645338365	2.9	2.8	251.93006574328072	250.19579136939296	3.0	3.0	33.CUL9.ENST00000372647.6.missense.394D/Y		-0.6857142857142858	-0.6857142857142858	False	False	False	0	False	0
chr2-171813469-171813470-A-G		2.0					SLC25A12	I347T	1	VYPTDLVKTRM	ENST00000422440.6	1.0	HLA-A*24:03	4		2	758.319	1259.162	1.15	1.5	113.66	0.386	43.873	114	0.346	Poor	False	Accept	No comments	SVAGAVGATAVYPTD	ENST00000422440.6	141.19	381.11	1.39	6.21	34.0	18.0	17.0	33.0	29.0	55.0	12.0	48.0	4.0		1.0	678	protein_coding	ENSG00000115840	missense	I/T	347	SLC25A12	ENST00000422440.6:c.1040T>C	ENSP00000388658.2:p.Ile347Thr	11	8	4	VYPIDLVKTRM	NetMHCcons	113.71	119.38	1.05	NetMHCpanEL	0.39	0.51	179	0.346	114	0.386	181	0.0	113.66	20.011	758.319	1259.162	1.66	1.15	1.5	0.4118373245000839	0.5066022984683514	0.1714558597656907	0.587907109866103	2.034782608695579	0.6392391304347029	1945.6355482927745	376.50079284369633	0.8149999999999978	0.3911249999999989	1444.74	1127.36	2.9000000000000004	2.69	20714.14	17941.75	13.0	10.0	119.38	113.71	1.4	1.4	711.09	603.89	1.6	1.5	0.397228	0.486218	0.51	0.39	1073.583066484683	912.7484470874748	1.2	0.9									8.SLC25A12.ENST00000422440.6.missense.347I/T		-0.3857142857142857	0.7285714285714286	False	False	False	0	False	0
chr17-51154442-51154443-G-A		1.0		1.0			NME1	G24R	5	TRTMANCER	ENST00000336097.7	1.0	HLA-B*27:05	2	7.0	2	783.438	31431.405	2.4	48.615	64.129	0.6	38.477	20	0.232	Poor	False	Reject	No comments	DTRTMANCERTFIAIKPD	ENST00000336097.7	420.68	597.42	4.531	7.0				9.0		12.0		23.0	1.0	1.0	1.0	177	protein_coding	ENSG00000239672	missense	G/R	24	NME1	ENST00000336097.7:c.70G>A	ENSP00000337060.3:p.Gly24Arg	9	8	2	TGTMANCER	MHCflurry	216.937	3337.745	15.386	MHCflurry	0.997	8.545	366	0.232	20	0.6	221	0.0	64.129	23.084	783.438	31431.405	40.12	2.4	48.615	0.0033845826983451	0.0054597556591033	0.0280654635549097	0.2927085539856817	8.545326086956507	1.39152173913034	3337.744545400228	216.9366008234616	10.03625	0.996625	34035.66	586.11	45.23	1.26	28827.15	2570.84	41.0	4.8	28178.94	3975.68	56.0	4.3	34462.68	2295.62	59.0	2.8	1.8e-05	0.047636	53.0	2.2	8950.221299721221	543.0008913856493	22.0	1.1	109539.30976459604	732.0993141583216	53.0	2.6	106554.05946795548	834.7760874427016	52.0	2.8	62.NME1.ENST00000336097.7.missense.24G/R	7	-0.8571428571428571	-0.4571428571428572	False	False	False	1	False	0
chr2-209694769-209694770-T-G	1.0						MAP2	L863R	2	KTDSQLEDRGY	ENST00000447185.5	1.0	HLA-A*01:01	9		1	715.776	206.265	0.185	0.075	28.438	0.579	16.466	19	0.417	Poor	False	Review	No comments	HVIVKTDSQLEDRGY	ENST00000447185.5	400.405	400.725	6.199	7.3				8.0		27.0	7.0	25.0	25.0	1.0	1.0	1823	protein_coding	ENSG00000078018	missense	L/R	863	MAP2	ENST00000447185.5:c.2588T>G	ENSP00000392164.1:p.Leu863Arg	11	3	9	KTDSQLEDLGY	MHCflurry	35.4	30.486	0.861	MHCflurry	0.009	0.003	321	0.417	19	0.579	449	0.0	28.438	0.0	715.776	206.265	0.288	0.185	0.075	0.3019489608705044	0.1419172920286655	0.8882374467058147	0.7960030577345328	0.1400543478261227	0.2841032608695428	30.486383532396975	35.40002977394472	0.00325	0.00925	348.48	2509.98	0.01	0.12	46.39	193.76	0.1	0.27	9.19	40.46	0.02	0.05	64.05	346.29	0.05	0.17	0.944075	0.839421	0.02	0.05	427.97973197836103	1085.26206538749	0.2	0.2	1798.9537581033749	3467.52818642271	3.2	5.6	4387.326951325295	6183.010727517132	7.2	12.0	12.MAP2.ENST00000447185.5.missense.863L/R		-1.842857142857143	-1.6714285714285713	False	False	False	0	False	0
chr2-209694768-209694769-C-A	1.0						MAP2	L863M	2	KTDSQLEDRGY	ENST00000447185.5	1.0	HLA-A*01:01	9		1	715.776	206.265	0.185	0.075	28.438	0.556	15.812	18	0.413	Poor	False	Reject	No comments	HVIVKTDSQLEDRGY	ENST00000447185.5	400.405	400.725	6.199	7.3				8.0		27.0	7.0	25.0	25.0	1.0	1.0	1823	protein_coding	ENSG00000078018	missense	L/M	863	MAP2	ENST00000447185.5:c.2587C>A	ENSP00000392164.1:p.Leu863Met	11	3	9	KTDSQLEDLGY	MHCflurry	35.4	30.486	0.861	MHCflurry	0.009	0.003	317	0.413	18	0.556	447	0.0	28.438	0.0	715.776	206.265	0.288	0.185	0.075	0.3019489608705044	0.1419172920286655	0.8882374467058147	0.7960030577345328	0.1400543478261227	0.2841032608695428	30.486383532396975	35.40002977394472	0.00325	0.00925	348.48	2509.98	0.01	0.12	46.39	193.76	0.1	0.27	9.19	40.46	0.02	0.05	64.05	346.29	0.05	0.17	0.944075	0.839421	0.02	0.05	427.97973197836103	1085.26206538749	0.2	0.2	1798.9537581033749	3467.52818642271	3.2	5.6	4387.326951325295	6183.010727517132	7.2	12.0	10.MAP2.ENST00000447185.5.missense.863L/M		-1.842857142857143	-1.6714285714285713	False	False	False	0	False	0
chr3-15645182-15645183-T-G		1.0			1.0		BTD	F423V	7	LYALGVVDGL	ENST00000303498.10	1.0	HLA-A*24:03	7		2	535.419	282.125	0.85	0.739	9.334	0.235	2.193	34	0.283	Poor	False	Accept	No comments	LYALGVVDGLHT	ENST00000303498.10	87.7	239.77	0.55	3.27	33.0	7.0	7.0	38.0	39.0	62.0	25.0	70.0		18.0	1.0	523	protein_coding	ENSG00000169814	missense	F/V	423	BTD	ENST00000303498.10:c.1267T>G	ENSP00000306477.6:p.Phe423Val	10	4	7	LYALGVFDGL	MHCnuggetsI	19.31	12.73	0.659	NetMHCpan	0.57	0.32	1010	0.283	34	0.235	460	0.0	9.334	0.0	535.419	282.125	0.527	0.85	0.739	0.0295428000390529	0.0244598984718322	0.0606723781048521	0.0282545238847868	4.329592391304317	8.545326086956507	1602.812891441349	3578.520690967316	0.7476249999999979	1.1017499999999982	12.73	19.31	0.73	0.86	516.75	2355.02	0.76	2.2	19.28	33.85	0.49	0.68	47.5	117.72	0.32	0.57	0.272159	0.238794	0.76	0.84	666.9311044693874	953.1186832043844	0.6	0.7									19.BTD.ENST00000303498.10.missense.423F/V		1.6714285714285713	2.3	False	False	False	0	False	0
chr7-133274995-133274996-G-T							EXOC4	S34I	0	SVIRTLSTI	ENST00000253861.4	1.0	HLA-A*24:03	9		0	2667.451	26653.433	3.98	30.5	156.688	0.212	33.218	278	0.168	Poor	False	Accept	No comments	LSTIDDVEDREN	ENST00000253861.4	87.19	362.05	0.28	3.7	41.0	8.0	23.0	72.0	56.0	32.0	29.0	42.0	36.0	32.0	1.0	974	protein_coding	ENSG00000131558	missense	S/I	34	EXOC4	ENST00000253861.4:c.101G>T	ENSP00000253861.4:p.Ser34Ile	9	1	9	SVIRTLSTS	NetMHCpan	1322.02	29414.45	22.25	NetMHCpan	2.1	27.0	119	0.168	278	0.212	68	0.0	156.688	53.418	2667.451	26653.433	9.992	3.981	30.5	0.0814238227903842	0.6085284501314163	0.0046048671773508	0.0769430846811615	62.74467391304348	3.5626902173912214	29219.485482332137	10156.642162587854	27.69475	2.2217499999999992	30947.04	20191.64	28.17	11.29	21792.18	2905.15	14.0	2.5	24087.38	2111.16	36.0	4.4	29414.45	1322.02	27.0	2.1	5.4e-05	0.047169	31.0	2.3	32085.752869395907	2635.4219765328785	50.0	6.6	17845.96348369148	2440.8438677175764	30.0	11.0	24059.134498072577	2699.4792901370456	35.0	12.0	39.EXOC4.ENST00000253861.4.missense.34S/I		0.8714285714285713	0.8714285714285713	False	False	False	0	False	0
chr5-138391528-138391529-C-T							KDM3B	P633S	0	SSNPFLAFV	ENST00000314358.9	1.0	HLA-C*07:01	1		0	1791.195	13190.535	2.322	14.341	94.38	0.227	21.424	132	0.185	Poor	False	Accept	No comments	ENLFLQPPKLSREES	ENST00000314358.9	147.63	880.12	0.54	7.38	51.0	19.0	34.0	5.0	18.0	34.0	4.0	65.0	3.0	5.0	1.0	1761	protein_coding	ENSG00000120733	missense	P/S	633	KDM3B	ENST00000314358.9:c.1897C>T	ENSP00000326563.5:p.Pro633Ser	9	9	1	PSNPFLAFV	SMMPMBEC	309.507	451.513	1.459	NetMHCpan	0.13	3.6	751	0.185	132	0.227	378	0.0	94.38	21.705	1791.195	13190.535	7.364	2.322	14.341	0.0239822901785373	0.3698188997805118	0.0068608972096753	0.2177946603329201	37.35904891304347	1.731739130434704	15686.290358789876	1229.9893033900562	12.682125	2.543250000000001	9514.7	4240.68	2.21	0.83	20654.84	7293.54	8.4	2.1	15541.08	2352.4	21.0	3.2	10839.99	585.28	3.6	0.13	0.000503	0.025956	8.0	0.77	21269.210722115655	6755.547524396056	60.0	24.0	348.47369469898064	311.2934624114016	16.0	14.0	451.51273065607614	309.5066609582318	19.0	14.0	29.KDM3B.ENST00000314358.9.missense.633P/S		1.4714285714285715	1.4714285714285715	False	False	False	0	False	1
chr15-71994487-71994488-T-A			1.0		1.0		MYO9A	D523V	5	HALLNSKVL	ENST00000356056.9	1.0	HLA-C*01:02	8		1	1121.067	2469.9	0.6	1.4	184.189	0.025	4.605	80	0.051	Poor	False	Accept	No comments	FDWIVFRINHALLNSKV	ENST00000356056.9	64.405	58.065	0.35	0.62	31.0	1.0		4.0	1.0	53.0	15.0	19.0	35.0	40.0	1.0	2548	protein_coding	ENSG00000066933	missense	D/V	523	MYO9A	ENST00000356056.9:c.1568A>T	ENSP00000348349.5:p.Asp523Val	9	2	8	HALLNSKDL	MHCflurry	91.937	169.749	1.846	MHCflurry	0.417	0.843	313	0.051	80	0.025	159	0.0	184.189	15.662	1121.067	2469.9	2.203	0.6	1.4	0.0652292482554912	0.2310862354934215	0.3935204259032006	0.6791656069321479	1.0730434782607148	0.4736956521738733	169.74944676894464	91.9368750577662	0.8426250000000003	0.416875	2469.9	680.23	10.89	5.36					10850.55	6029.47	13.0	3.9	8614.82	3516.42	1.8	0.6	0.03858	0.150671	1.4	0.43	1407.051206502568	1121.0669072114465	1.1	0.7									53.MYO9A.ENST00000356056.9.missense.523D/V		1.0571428571428572	1.0571428571428572	False	False	False	0	False	0
chr17-5007292-5007293-G-A							KIF1C	E456K	0	KTWEEKLRK	ENST00000320785.9	1.0	HLA-B*27:05	1		0	7739.962	25179.65	8.25	27.5	95.833	0.346	33.158	127	0.263	Poor	False	Accept	No comments	KIIAELNKTWEE	ENST00000320785.9	300.93	205.21	4.52	2.6	12.0		2.0	10.0		3.0		16.0	3.0	5.0	1.0	1103	protein_coding	ENSG00000129250	missense	E/K	456	KIF1C	ENST00000320785.9:c.1366G>A	ENSP00000320821.5:p.Glu456Lys	9	9	1	ETWEEKLRK	MHCflurry	575.844	1496.481	2.599	MHCflurry	1.773	2.852	179	0.263	127	0.346	94	0.0	95.833	15.7	7739.962	25179.65	3.253	8.25	27.5	0.1743775978684425	0.1503042802214622	0.1033491171645737	0.2111425023963259	2.851521739130362	1.7730978260868966	1496.4805099623395	575.8439626266266	5.451125000000001	2.379125	35946.45	21649.68	62.69	13.919999999999998	21109.64	10368.17	25.0	14.0	23828.16	11112.54	37.0	8.9	26531.14	11732.18	31.0	9.4	0.001568	0.015923	9.4	3.6	10992.948761900088	4625.9038683178505	26.0	13.0	39045.41112031877	4938.215064582147	31.0	7.4	35364.70176714574	5111.754641480125	29.0	7.6	60.KIF1C.ENST00000320785.9.missense.456E/K		-2.3428571428571425	-1.7999999999999996	False	False	False	0	False	0
chr2-209694772-209694800-GGCTACTGTGTGTTCAATAAGTACACAGT-G		6.0	2.0	6.0	3.0	1.0	MAP2	FS864-873	2	IYQGRVVPF	ENST00000447185.5	1.0	HLA-A*24:03	0-10		17	5.982		0.045		28.438	0.0	0.0	8	0.428	NoExpr	False	Review	No comments	TVRIYQGRVVPFTKA	ENST00000447185.5	69.915		2.6		78.0	5.0	10.0	92.0	60.0	164.0	62.0	106.0	39.0	109.0	1.0	1823	protein_coding	ENSG00000078018	FS	GYCVFNKYTV/X	864-873	MAP2	ENST00000447185.5:c.2591_2618del	ENSP00000392164.1:p.Gly864AlafsTer38	9	20	0-10		MHCnuggetsI	3.14			NetMHCpanEL	0.01		318	0.428	8	0.0	450	0.0	28.438	0.0	5.982			0.045			0.7557790502905846		0.9734816700878026		0.0153804347826422		32.95150563514351		0.017875		3.14		0.25		3.77		0.03		3.49		0.06		3.25		0.02		0.982964		0.01		60.38229723176254		0.2		8.194830968870464		0.3		8.856864489503089		0.4	14.MAP2.ENST00000447185.5.FS.864-873GGCTACTGTGTGTTCAATAAGTACACAGT/G		0.1714285714285714	0.4571428571428572	False	False	False	0	False	0
chr1-2374507-2374508-C-T	3.0	3.0				1.0	MORN1	C196Y	2	HYSGVTYYGLW	ENST00000378529.7	1.0	HLA-A*24:03	2		7	22.285	10233.11	0.19	7.52	3.121	0.0	0.0	3	0.1	NoExpr	False	Pending	No comments	VFSGLGSMAHYSGVT	ENST00000378529.7	154.955	209.24	9.883	12.0				10.0		88.0	13.0	20.0			1.0	350	protein_coding	ENSG00000116151	missense	C/Y	196	MORN1	ENST00000378529.7:c.587G>A	ENSP00000367790.3:p.Cys196Tyr	11	10	2	HCSGVTYYGLW	MHCnuggetsI	2.67	8351.96	3128.075	NetMHCcons	0.04	5.7	418	0.1	3	0.0	256	0.0	3.121	2.361	22.285	10233.11	459.193	0.19	7.52	0.0130242724644631	0.1855321712791919	0.0046673326895038	0.2717033283232928	62.74467391304348	1.4729891304346978	22460.456611430407	465.1248625687411	7.739124999999999	0.4343749999999988	8351.96	2.67	5.75	0.2	15318.21	25.17	8.4	0.14	3167.62	4.29	5.7	0.04	12114.26	19.4	8.4	0.18	0.003171	0.740329	7.3	0.18	5500.220791866743	296.2499067258409	6.4	0.3									1.MORN1.ENST00000378529.7.missense.196C/Y		0.4857142857142857	0.5571428571428572	False	False	False	0	False	0
chr22-39663731-39663732-G-T		5.0	1.0	8.0		1.0	CACNA1I	C1163F	4	RFRVLFQTI	ENST00000402142.3	1.0	HLA-A*24:03	6		13	27.725	82.516	0.44	1.01	0.043	0.0	0.0	0	0.075	NoExpr	False	Pending	No comments	NRFRVLFQTIIAHKL	ENST00000402142.3	102.835	142.45	4.398	9.3	38.0	2.0		52.0	17.0	90.0	43.0	52.0	34.0	74.0	1.0	2223	protein_coding	ENSG00000100346	missense	C/F	1163	CACNA1I	ENST00000402142.3:c.3488G>T	ENSP00000385019.3:p.Cys1163Phe	9	4	6	RFRVLCQTI	MHCnuggetsI	2.95	5.76	1.953	NetMHC	0.11	0.38	438	0.075	0	0.0	181	0.006	0.043	0.0	27.725	82.516	2.976	0.44	1.01	0.1335049830377102	0.241416361182928	0.2769733341219913	0.5605996183122645	1.4522282608694752	0.6929076086955632	374.4823268372024	160.77506901891886	0.3911249999999989	0.2472499999999997	5.76	2.95	0.48	0.2299999999999999	159.41	17.15	0.38	0.11	49.7	14.01	1.2	0.54	55.65	20.25	0.36	0.18	0.245423	0.5462	0.82	0.34	801.6106208174193	537.157411716568	1.9	1.3	78.08003511961999	35.199784123108586	1.6	0.9	86.95208494176416	39.74477108926978	1.6	1.0	85.CACNA1I.ENST00000402142.3.missense.1163C/F		0.9428571428571428	0.9428571428571428	False	False	False	0	False	0
chr17-75589953-75589954-GC-G		1.0	1.0	8.0	2.0	4.0	MYO15B	FS633	5	RRAQAPTRVL	ENST00000610510.4	5.0	HLA-B*27:05	0-11		11	63.642		0.241		63.254	0.0	0.0	5	0.054	NoExpr	False	Review	No comments	RRAQAPTRVLGLAPP	ENST00000610510.4	361.095		25.0		8.0			22.0	15.0	107.0	5.0	119.0			5.0	3064	protein_coding	ENSG00000266714	FS	P/X	633	MYO15B	ENST00000610510.4:c.1901del	ENSP00000488624.1:p.Pro634ArgfsTer43	10	15	0-11		SMM	20.383			NetMHC	0.07		296	0.054	5	0.0	120	0.0	63.254	0.142	63.642			0.241			0.442896120250225		0.8442328790059117		0.2089402173912731		75.5475375041576		0.212375		202.22		0.6		27.92		0.07		38.54		0.11		120.06		0.27		0.646248		0.19		1262.7582159361314		1.0		20.383088963891392		0.3		51.73685200730605		0.5	67.MYO15B.ENST00000610510.4.FS.633GC/G		-0.0714285714285714	-0.0714285714285714	False	False	False	0	False	0
chr1-155033676-155033677-C-A			2.0				DCST2	V9L	2	MPKVMKDVL	ENST00000368424.3	1.0	HLA-B*08:01	9		2	144.285	363.112	0.285	0.79	0.602	0.0	0.0	0	0.144	NoExpr	False	Pending	No comments	LHPLGGEEPSMARA	ENST00000368424.3	380.09	770.45	6.18	14.14	9.0			10.0		3.0		36.0	14.0		1.0	773	protein_coding	ENSG00000163354	missense	V/L	9	DCST2	ENST00000368424.3:c.25G>T	ENSP00000357409.3:p.Val9Leu	9	1	9	MPKVMKDVV	MHCflurry	53.794	97.657	1.815	MHCflurry	0.034	0.16	160	0.144	0	0.0	56	0.0	0.602	0.0	144.285	363.112	2.517	0.285	0.79	0.5898881480097771	0.7642947062849998	0.876619520477256	0.9591870939149884	0.1596195652173833	0.0344021739130369	97.65673181325576	53.79400109169011	0.17675	0.041875	813.93	288.03	2.01	0.98	616.91	168.03	0.98	0.37	412.08	168.78	1.3	0.68	187.63	58.28	0.21	0.07	0.320406	0.698261	0.32	0.07	531.3768163911138	209.55169696950955	0.6	0.2	284.8065676977861	101.75365076569749	1.0	0.4	314.14489020936935	120.53967050771148	1.1	0.5	6.DCST2.ENST00000368424.3.missense.9V/L		0.4000000000000001	0.4000000000000001	False	False	False	0	False	0
chr9-133652278-133652279-C-T		2.0		1.0			DBH	H457Y	1	VYPGDVLI	ENST00000393056.7	1.0	HLA-A*24:03	2		3	201.428	18065.64	0.575	11.925	0.0	0.0	0.0	0	0.299	NoExpr	False	Pending	No comments	HFQEIRMLKKVVSVY	ENST00000393056.7	157.09	107.555	0.7	0.33	2.0			41.0	32.0	68.0	25.0	39.0	16.0	33.0	1.0	617	protein_coding	ENSG00000123454	missense	H/Y	457	DBH	ENST00000393056.7:c.1369C>T	ENSP00000376776.2:p.His457Tyr	8	7	2	VHPGDVLI	MHCnuggetsI	3.06	19513.88	6377.085	NetMHCcons	0.13	5.7	605	0.299	0	0.0	236	0.0	0.0	0.0	201.428	18065.64	89.688	0.575	11.925	0.032791431993246	0.2541275694966316	0.0043098657346462	0.0214574106458703	62.74467391304348	11.115788043478249	26210.451443577436	11045.059475049622	13.87225	2.4136249999999984	19513.88	3.06	10.85	0.24	26635.84	210.68	20.0	0.45	3646.02	6.16	5.7	0.13	16617.4	317.49	13.0	0.97	0.005621	0.299953	5.9	0.7	3529.574501098987	192.1761205734247	3.7	0.2									48.DBH.ENST00000393056.7.missense.457H/Y		0.8142857142857142	0.8142857142857142	False	False	False	0	False	0
chr6-27249106-27249107-C-A		2.0		2.0			PRSS16	P82Q	1	RRSFLQAIQQ	ENST00000468930.5	4.0	HLA-B*27:05	9		4	283.445	264.17	0.822	1.181	0.453	0.0	0.0	0	0.079	NoExpr	False	Pending	No comments	RSFLQAIQQPWPQ	ENST00000468930.5	116.4	139.14	0.97	1.35	38.0	6.0	18.0	32.0	25.0	55.0	8.0	39.0	14.0	6.0	4.0	92	nonsense_mediated_decay	ENSG00000112812	missense	P/Q	82	PRSS16	ENST00000468930.5:c.245C>A	ENSP00000418036.1:p.Pro82Gln	10	2	9	RRSFLQAIPQ	MHCflurry	104.623	176.755	1.689	MHCflurry	0.485	0.836	267	0.079	0	0.0	94	0.0	0.453	0.0	283.445	264.17	0.932	0.822	1.181	0.0383190475404262	0.0642316229641437	0.3619224443298054	0.5085061304729211	1.1617391304346398	0.8042934782607176	176.75453825924936	104.62306443495402	0.8357499999999999	0.4845000000000002	762.45	319.6	1.48	0.84	70.52	247.29	0.21	0.74	350.34	427.98	0.94	1.2	178.0	242.31	0.41	0.56	0.136638	0.391339	1.2	0.49	1534.2695396588344	1967.7864831100464	1.4	1.9	162.6559670329586	179.17194161827632	1.5	1.6	414.7629932299208	423.4479161692068	3.0	3.0	31.PRSS16.ENST00000468930.5.missense.82P/Q		0.3428571428571426	0.7285714285714285	False	False	False	0	False	0
chr2-216432769-216432770-G-C	1.0		4.0	1.0			SMARCAL1	G463R	4	GLRKTIQAI	ENST00000358207.9	1.0	HLA-B*08:01	3		6	520.662	5369.775	1.185	6.85	14.177	0.0	0.0	9	0.061	NoExpr	False	Pending	No comments	GRLLLADDMGLRKTI	ENST00000358207.9	14.525	69.66	0.09	2.4	21.0	7.0	9.0	35.0	33.0	54.0	13.0	60.0	57.0	40.0	1.0	954	protein_coding	ENSG00000138375	missense	G/R	463	SMARCAL1	ENST00000358207.9:c.1387G>C	ENSP00000350940.5:p.Gly463Arg	9	7	3	GLGKTIQAI	MHCflurry	223.869	9561.139	42.709	MHCflurry	0.46	4.495	293	0.061	9	0.0	160	0.0	14.177	4.068	520.662	5369.775	10.313	1.185	6.85	0.2869030050933361	0.486480999737978	0.0275480963181679	0.6876367406347635	8.839293478260856	0.4598913043478063	9561.13885756816	223.8693057766222	4.4945	0.4597499999999999	5214.46	328.64	7.33	1.0699999999999998	5525.09	839.92	5.8	1.4	6829.04	471.75	8.4	1.4	13601.01	1475.02	14.0	1.4	0.00884	0.150491	6.4	0.78	1844.098663183025	592.0962391492582	4.8	0.7	2867.8075251188525	569.5737949597788	7.3	1.9	1973.0132417448629	375.94992281661587	5.5	1.3	16.SMARCAL1.ENST00000358207.9.missense.463G/R		-0.2571428571428571	-0.2571428571428571	False	False	False	0	False	0
chr6-46856757-46856758-T-C			2.0				ADGRF5	N1279S	2	ALLSKFSL	ENST00000265417.7	1.0	HLA-B*08:01	4		2	552.909	274.512	1.023	0.702	28.684	0.0	0.0	16	0.068	NoExpr	False	Accept	No comments	LSKFSLSRWSSQHSK	ENST00000265417.7	93.53	93.9	3.801	3.3	33.0		4.0	24.0	16.0	88.0	16.0	28.0	25.0	46.0	1.0	1346	protein_coding	ENSG00000069122	missense	N/S	1279	ADGRF5	ENST00000265417.7:c.3836A>G	ENSP00000265417.6:p.Asn1279Ser	8	5	4	ALLNKFSL	NetMHC	61.42	34.91	0.568	NetMHCpanEL	0.12	0.16	278	0.068	16	0.0	126	0.0	28.684	18.664	552.909	274.512	0.496	1.023	0.702	0.3112271428108215	0.2666658386588096	0.4380573246539002	0.3327242962268261	0.9620652173911992	1.2529347826086052	344.2834177275114	463.6680227291533	0.6444999999999995	0.7933749999999998	204.74	820.85	0.76	2.02	34.91	61.42	0.09	0.17	692.67	642.15	0.48	0.46	157.87	136.67	0.18	0.16	0.488833	0.561866	0.16	0.12	2664.091477136258	2289.620754290416	1.8	1.3	109.15157330802886	161.0756898480011	1.0	1.6	1793.3291175403117	2191.088906374521	13.0	14.0	34.ADGRF5.ENST00000265417.7.missense.1279N/S		1.2428571428571429	1.2428571428571429	False	False	False	0	False	0
chr7-27199437-27199438-C-T		1.0					HOXA13	A214T	2	KYMDTTGPA	ENST00000222753.5	1.0	HLA-A*24:03	6		1	569.124	1073.25	1.835	2.65	0.0	0.0	0.0	0	0.119	NoExpr	False	Pending	No comments	ADKYMDTTGPAAEEF	ENST00000222753.5	40.88	31.46	0.08	0.04	37.0	21.0	55.0	19.0	15.0	9.0	10.0	68.0			1.0	388	protein_coding	ENSG00000106031	missense	A/T	214	HOXA13	ENST00000222753.5:c.640G>A	ENSP00000222753.4:p.Ala214Thr	9	4	6	KYMDTAGPA	SMM	118.179	220.567	1.866	PickPocket	1.1	1.5	862	0.119	0	0.0	328	0.0	0.0	0.0	569.124	1073.25	1.886	1.835	2.65	0.0779186710715293	0.1166195385158062	0.0190107265570169	0.0261006549618821	12.805461956521723	9.15535326086956	6601.8822862767865	5444.193545613444	1.5932499999999994	1.4066249999999991	652.48	238.25	2.3	1.77	2906.41	1030.98	2.5	1.3	1567.83	645.63	3.9	2.6	1494.02	882.35	2.3	1.7	0.011739	0.019648	4.3	3.5	645.6305357438321	492.6174734627515	1.5	1.1	220.56672765012968	118.17891543359504	2.8	1.9	251.93006574328123	173.8921591601017	3.0	2.4	36.HOXA13.ENST00000222753.5.missense.214A/T		-0.4571428571428572	-0.4571428571428572	False	False	False	0	False	0
chrX-66032554-66032555-T-C			1.0				VSIG4	I203V	3	TLLFKPAVV	ENST00000374737.8	1.0	HLA-B*08:01	9		1	618.81	464.28	0.965	0.71	80.825	0.0	0.0	356	0.199	NoExpr	True	Pending	No comments	LSTLLFKPAVVAD	ENST00000374737.8	42.88	64.72	0.1	0.28	46.0	4.0		18.0		84.0	37.0	73.0	42.0	35.0	1.0	399	protein_coding	ENSG00000155659	missense	I/V	203	VSIG4	ENST00000374737.8:c.607A>G	ENSP00000363869.4:p.Ile203Val	9	1	9	TLLFKPAVI	MHCflurry	140.152	91.96	0.656	NetMHCpanEL	0.22	0.22	382	0.199	356	0.0	154	0.0	80.825	63.01	618.81	464.28	0.75	0.965	0.71	0.3625274077057838	0.5910879783332348	0.7711386395903427	0.8339834834760111	0.3235054347826036	0.2238858695651941	91.95997473788849	140.15188657700904	0.160625	0.2877499999999999	163.56	233.04	0.63	0.83	464.4	639.08	0.79	1.1	464.16	598.54	1.4	1.5	350.25	414.2	0.37	0.42	0.413832	0.416247	0.22	0.22	1967.7864831100464	3099.8074179973237	5.4	9.9	650.9535503235239	825.1824826544035	2.2	2.7	663.9417823781885	871.2243397912885	2.2	2.8	89.VSIG4.ENST00000374737.8.missense.203I/V		1.6142857142857143	1.6142857142857143	False	False	False	0	False	0
chrX-49249246-49249247-T-G		2.0					CCDC22	D540E	1	TFAVTEELVF	ENST00000376227.3	1.0	HLA-A*24:03	6		2	669.173	672.786	0.88	0.985	9.762	0.0	0.0	121	0.17	NoExpr	False	Reject	No comments	GKLDRTFAVTEELV	ENST00000376227.3	79.83	127.01	0.16	0.41	47.0	38.0	51.0	42.0	53.0	17.0	20.0	79.0	11.0		1.0	627	protein_coding	ENSG00000101997	missense	D/E	540	CCDC22	ENST00000376227.3:c.1620T>G	ENSP00000365401.3:p.Asp540Glu	10	5	6	TFAVTDELVF	MHCnuggetsI	39.39	118.96	3.02	NetMHCpanEL	0.57	0.62	540	0.17	121	0.0	139	0.0	9.762	9.278	669.173	672.786	1.005	0.88	0.985	0.4378649853169918	0.2337706945836544	0.212597533946459	0.0947070593944688	1.7611684782607997	3.037282608695577	1626.68342198892	2052.8483829426123	0.7516249999999979	0.8354999999999978	118.96	39.39	1.48	1.09	16252.53	14057.79	8.9	7.8	85.36	63.39	0.97	0.86	136.3	154.96	0.62	0.66	0.338402	0.360634	0.62	0.57	1209.2729068825724	1183.3858794734783	1.0	0.9									88.CCDC22.ENST00000376227.3.missense.540D/E		1.042857142857143	1.042857142857143	False	False	False	0	False	0
chr19-9213945-9213946-T-C				1.0			OR7D4	K298E	3	LRNKDVEGAL	ENST00000308682.3		HLA-B*27:05	7		1	1326.65	991.14	2.35	2.35	0.061	0.0	0.0	0	0.087	NoExpr	False	Pending	No comments	PFIYSLRNKDVE	ENST00000308682.3	124.53	414.51	1.1	6.9	18.0			32.0	14.0	59.0	7.0	51.0	9.0	26.0		312	protein_coding	ENSG00000174667	missense	K/E	298	OR7D4	ENST00000308682.3:c.892A>G	ENSP00000310488.2:p.Lys298Glu	10	4	7	LRNKDVKGAL	MHCflurry	174.562	143.843	0.824	MHCflurry	0.829	0.695	346	0.087	0	0.0	175	0.0	0.061	0.03	1326.65	991.14	0.747	2.35	2.35	0.0171797610819339	0.0190965682268142	0.3913392659013475	0.3491177978116075	1.0807336956520004	1.2019836956520606	143.8429881948752	174.56239618731624	0.695	0.8292499999999999	3035.56	5717.29	3.24	4.62	1204.92	1770.56	2.9	3.8	823.59	995.27	1.7	2.0	1158.69	1658.03	1.9	2.3	0.077648	0.072494	1.7	1.7	5044.1543035179475	3890.5686532731647	5.4	3.9	383.94586967823653	433.780475017966	2.8	3.0	385.3008791908299	305.35145939402827	2.8	2.4	78.OR7D4.ENST00000308682.3.missense.298K/E		-0.2142857142857144	-0.2142857142857144	False	False	False	0	False	0
chr3-150972569-150972570-C-T							CLRN1	V47I	0	LINASGQEL	ENST00000328863.8	1.0	HLA-C*01:02	2		0	2685.04	2542.13	0.47	0.455	0.0	0.0	0.0	0	0.059	NoExpr	False	Pending	No comments	ALLINASGQELDKF	ENST00000328863.8	166.14	107.38	1.85	0.83	41.0	7.0	19.0	27.0	32.0	53.0	13.0	48.0		17.0	1.0	245	protein_coding	ENSG00000163646	missense	V/I	47	CLRN1	ENST00000328863.8:c.139G>A	ENSP00000329158.4:p.Val47Ile	9	8	2	LVNASGQEL	MHCflurry	43.366	46.729	1.078	MHCflurry	0.085	0.104	574	0.059	0	0.0	311	0.0	0.0	0.0	2685.04	2542.13	0.947	0.47	0.455	0.0603314451873302	0.0957575850188732	0.690644718419356	0.7312609764373472	0.4548369565217172	0.3880163043478006	46.72915099850034	43.36602246455002	0.10375	0.085375	1408.44	562.9	8.09	4.78					5359.41	6535.05	3.2	4.5	2542.13	2685.04	0.44	0.47	0.20852	0.187624	0.27	0.33	2664.091477136258	3272.1225681968112	4.2	6.2									27.CLRN1.ENST00000328863.8.missense.47V/I		-0.8714285714285716	0.2714285714285714	False	False	False	0	False	0
chr1-152812485-152812486-C-T							LCE1B	P14S	0	NQQQCQPPSK	ENST00000360090.3		HLA-B*27:05	9	5.0	0	3817.321	4164.38	7.051	7.85	0.0	0.0	0.0	0	0.161	NoExpr	False	Pending	No comments	SKCIPKCPPKCLT	ENST00000360090.3	1298.11	1246.23	23.625	22.76								1.0				118	protein_coding	ENSG00000196734	missense	P/S	14	LCE1B	ENST00000360090.3:c.40C>T	ENSP00000353203.3:p.Pro14Ser	10	2	9	NQQQCQPPPK	MHCflurry	444.485	701.103	1.577	PickPocket	1.3	1.1	423	0.161	0	0.0	147	0.0	0.0	0.0	3817.321	4164.38	1.091	7.05	7.85	0.0406599380075931	0.0085570625960826	0.1304293132618844	0.1724917558293077	2.437581521739034	2.027690217391225	701.1030211047811	444.4851780569529	2.8585	1.8715	33807.71	33231.99	43.69	40.18	8530.33	9106.51	12.0	13.0	5182.46	4830.5	4.9	4.7	13191.0	13625.17	12.0	12.0	0.001145	0.002812	11.0	7.4	1304.4189904398024	1437.8310001273976	1.1	1.3	1816.644716113179	1955.554842420284	6.4	6.7	3146.299056161984	2804.1419854536875	9.3	8.5	5.LCE1B.ENST00000360090.3.missense.14P/S	5	-1.7714285714285716	-1.7142857142857142	False	False	False	1	True	0
chr16-26136141-26136142-C-A							HS3ST4	P422Q	0	PRIDQDVIHR	ENST00000331351.5	1.0	HLA-B*27:05	5		0	4367.196	4761.594	2.4	2.7	0.043	0.0	0.0	0	0.068	NoExpr	False	Pending	No comments	HPRIDQDVIHRLRKF	ENST00000331351.5	91.985	356.28	1.8	5.85						2.0			49.0	12.0	1.0	456	protein_coding	ENSG00000182601	missense	P/Q	422	HS3ST4	ENST00000331351.5:c.1265C>A	ENSP00000330606.5:p.Pro422Gln	10	6	5	PRIDPDVIHR	SMM	273.067	290.583	1.064	NetMHCpanEL	1.9	1.1	353	0.068	0	0.0	191	0.0	0.043	0.031	4367.196	4761.594	1.09	2.4	2.7	0.0596847273409366	0.0735806412994861	0.2613070985789922	0.1854583518936322	1.5159510869564343	1.933858695652077	310.64991689935607	514.3405936346877	1.3648749999999996	2.1485	14844.09	11887.4	9.11	7.57	9357.11	7763.23	13.0	12.0	7208.66	6469.41	6.0	5.5	14017.85	14103.96	13.0	13.0	0.157077	0.064051	1.1	1.9	2314.5284480795485	2264.981103527669	2.3	2.2	290.5828640799258	273.067491026542	2.4	2.3	433.31128521183825	322.7007687515532	3.0	2.5	59.HS3ST4.ENST00000331351.5.missense.422P/Q		-1.3571428571428572	-0.0714285714285714	False	False	False	0	False	0
chr12-52951766-52951767-G-T							KRT18	A287S	0	VVTTQSSEV	ENST00000388835.3	1.0	HLA-C*07:01	7		0	6723.034	9959.664	13.0	15.005	4.583	0.0	0.0	13	0.076	NoExpr	False	Pending	No comments	SEVGAAETTLTEL	ENST00000388835.3	147.13	129.4	1.5	1.19	60.0	18.0	12.0	32.0	8.0	9.0	3.0	76.0			1.0	430	protein_coding	ENSG00000111057	missense	A/S	287	KRT18	ENST00000388835.3:c.859G>T	ENSP00000373487.3:p.Ala287Ser	9	3	7	VVTTQSAEV	SMM	243.316	404.734	1.663	NetMHC	1.9	3.4	891	0.076	13	0.0	267	0.0	4.583	2.237	6723.034	9959.664	1.481	13.0	15.005	0.0097595043480396	0.0038576275110244	0.0048596357500688	0.0048309636306193	62.74467391304348	62.74467391304348	21287.052855117752	20962.25234392945	20.27262499999999	19.43325	24643.34	26820.02	13.01	16.89	11254.96	6690.52	3.4	1.9	8163.8	5411.67	12.0	6.6	12816.49	12228.7	4.6	4.2	0.00053	0.000829	7.8	6.2	8664.36747969986	6755.547524396056	30.0	24.0	404.7342896679538	243.31562560732368	17.0	12.0	523.2027283000295	315.26081939744034	21.0	14.0	49.KRT18.ENST00000388835.3.missense.287A/S		-0.8285714285714285	0.2714285714285714	False	False	False	0	False	0
chr6-26055824-26055839-ACCTTGGGCTTAGCGG-A							HIST1H1C	AAKPKV197-202V	0	AAKAVKPKVV	ENST00000343677.3		HLA-B*08:01	8-9		0	7357.935	5425.295	6.352	4.95	814.738	0.0	0.0	360	0.079	NoExpr	True	Review	Accepted at ITB but has a reference match	KAAKSAAKAVKPKVV	ENST00000343677.3	411.62	308.94	19.0	17.0						41.0				1.0		213	protein_coding	ENSG00000187837	inframe_del	AAKPKV/V	197-202	HIST1H1C	ENST00000343677.3:c.590_604del	ENSP00000339566.2:p.Ala197_Lys201del	10	2	8-9	AAKAVKPKAA	MHCnuggetsI	256.27	175.57	0.685	MHCnuggetsI	0.89	0.67	495	0.079	360	0.0	149	0.0	814.738	814.738	7357.935	5425.295	0.737	6.35	4.95	0.0800934359431266	0.2107460387051105	0.0113846231621414	0.0180312786680462	20.2322554347826	12.805461956521723	11371.495495916628	11320.982482604975	5.1541250000000005	5.10625	175.57	256.27	0.67	0.89	3743.56	6104.5	4.1	6.3	4727.1	5530.06	5.0	5.8	6123.49	8611.37	4.9	7.1	0.024546	0.028154	3.4	3.1	4429.969369593865	5620.540265729719	4.4	6.4	8523.539929565288	38514.12184291081	23.0	63.0	20726.21505132464	47810.13830245064	44.0	69.0	30.HIST1H1C.ENST00000343677.3.inframe_del.197-202AAKPKV/V		0.7142857142857143	0.7142857142857143	False	False	False	0	False	0
chr15-96332298-96332299-G-T							NR2F2	G65V	0	AAGGQGGPGV	ENST00000394166.7	1.0	HLA-C*01:02	10		0	8950.221	27489.07	16.453	52.85	38.598	0.0	0.0	10	0.193	NoExpr	False	Review	No comments	VPGSDKQQQQQHIE	ENST00000394166.7	2355.96	3816.95	38.594	53.59				3.0				1.0			1.0	414	protein_coding	ENSG00000185551	missense	G/V	65	NR2F2	ENST00000394166.7:c.194G>T	ENSP00000377721.3:p.Gly65Val	10	1	10	AAGGQGGPGG	MHCflurry	994.551	10344.231	10.401	MHCflurry	2.615	9.282	540	0.193	10	0.0	210	0.01	38.598	5.457	8950.221	27489.07	3.071	16.46	52.85	0.0001966954641829	0.0012249946594238	0.0094265096438472	0.0849967476922315	24.57923913043477	3.2967934782607813	10344.23052424533	994.5508978977168	9.282125000000006	2.6153750000000016	27489.07	5341.61	52.85	16.46					46623.88	29926.85	72.0	32.0	45988.25	33578.19	73.0	20.0	1e-06	0.000134	81.0	21.0	16946.22638669916	8950.221299721221	19.0	6.6									58.NR2F2.ENST00000394166.7.missense.65G/V		-0.3571428571428572	-0.2142857142857142	False	False	False	0	False	0
chr8-10611723-10611724-G-C							RP1L1	L792V	0	GAASVGEEA	ENST00000382483.3	1.0	HLA-C*01:02	5		0	9146.011	9972.946	14.0	14.0	0.296	0.0	0.0	0	0.221	NoExpr	False	Pending	No comments	GAASVGEEARDT	ENST00000382483.3	484.83	306.45	8.367	4.63	14.0		25.0	9.0		3.0		37.0			1.0	2400	protein_coding	ENSG00000183638	missense	L/V	792	RP1L1	ENST00000382483.3:c.2374C>G	ENSP00000371923.3:p.Leu792Val	9	5	5	GAASLGEEA	MHCnuggetsI	2048.71	2807.22	1.37	MHCflurry	4.263	5.547	429	0.221	0	0.0	230	0.0	0.296	0.241	9146.011	9972.946	1.09	14.0	14.0	0.0069899931550025	0.0097059495747089	0.0209400332515629	0.0347144522512869	11.6303260869565	7.147065217391287	4606.471450949289	2724.7237677250514	5.546750000000004	4.262625000000002	2807.22	2048.71	11.65	9.88					38842.34	38775.59	78.0	78.0	33299.96	32061.47	20.0	18.0	0.000441	0.000416	14.0	14.0	9972.946142268209	9146.010879538102	32.0	29.0									41.RP1L1.ENST00000382483.3.missense.792L/V		-0.0571428571428571	0.3857142857142857	False	False	False	0	False	0
chr17-75589954-75589955-C-A							MYO15B	P633H	0	TLNDEHPVRW	ENST00000610510.4	5.0	HLA-A*24:03	6		0	10920.63	14217.89	7.449	10.15	63.254	0.0	0.0	5	0.057	NoExpr	False	Review	No comments	LETLNDEHPVRWA	ENST00000610510.4	515.9	302.39	9.023	4.55	1.0				11.0	2.0		13.0	8.0		5.0	3064	protein_coding	ENSG00000266714	missense	P/H	633	MYO15B	ENST00000610510.4:c.1898C>A	ENSP00000488624.1:p.Pro633His	10	5	6	TLNDEPPVRW	PickPocket	6062.767	6682.848	1.102	MHCflurry	1.582	1.473	296	0.057	5	0.0	119	0.0	63.254	0.142	10920.63	14217.89	1.302	7.45	10.15	0.4337138347327709	0.5521102696657181	0.0707251460828876	0.09437791612503	3.80744565217384	3.037282608695577	5900.468017188189	6571.423124097198	1.4728749999999993	1.5819999999999994	32832.17	30645.75	37.27	27.09	35556.17	32965.5	42.0	34.0	11793.9	9654.43	16.0	13.0	16641.88	12186.83	13.0	8.4	0.06784	0.060721	1.9	2.0	6682.848003569165	6062.766657073005	7.3	6.5									72.MYO15B.ENST00000610510.4.missense.633P/H		-1.857142857142857	-1.042857142857143	False	False	False	0	False	0
chr9-133057893-133057905-GGAGGAGGAGGAA-G							GTF3C5	EEEE499-502-	0	EEDEEEEEDFK	ENST00000372108.9	1.0	HLA-A*01:01	8-9		0	20519.07	27637.475	25.0	65.0	26.206	0.0	0.0	47	0.225	NoExpr	True	Pending	No comments	GEDEEDEEEEEDF	ENST00000372108.9	398.32	1538.4	6.57	27.45	8.0			19.0	18.0			16.0			1.0	526	protein_coding	ENSG00000148308	inframe_del	EEEE/-	499-502	GTF3C5	ENST00000372108.9:c.1506_1517del	ENSP00000361180.5:p.Glu503_Glu506del	11	7	8-9	EEDEEEEEEEE	MHCflurry	2127.736	12977.677	6.099	MHCflurry	1.291	4.073	289	0.225	47	0.0	148	0.0	26.206	2.999	20519.071	27637.475	1.347	25.0	65.0	0.0001396939687765	0.0006349535233312	0.0075752524558544	0.0424058319423614	31.64317934782608	5.913749999999965	12977.67705809274	2127.735775919485	4.073000000000001	1.2909999999999988	5458.87	5461.49	86.21	87.79	45309.63	42403.33	100.0	100.0	30726.73	22451.54	78.0	19.0	48436.62	42326.34	100.0	86.0	8e-06	0.000488	90.0	23.0	50000.0	10527.332102653643	52.0	12.0	24548.219618111303	69186.28316461599	33.0	60.0	16641.788566165797	18586.60202688538	25.0	27.0	47.GTF3C5.ENST00000372108.9.inframe_del.499-502EEEE/-		-2.657142857142857	-2.6	True	False	False	0	False	0
chr21-44573942-44573943-G-T							KRTAP10-4	R67L	0	TPVSLVSSP	ENST00000622352.3	5.0	HLA-B*08:01	5		0	23340.244	4299.369	37.0	5.575	0.0	0.0	0.0	0	0.215	NoExpr	False	Pending	No comments	VSLVSSPCCPVTC	ENST00000622352.3	238.87	486.35	3.25	8.41	2.0			1.0		49.0	16.0	54.0		11.0	5.0	370	protein_coding	ENSG00000215454	missense	R/L	67	KRTAP10-4	ENST00000622352.3:c.200G>T	ENSP00000484068.3:p.Arg67Leu	9	5	5	TPVSRVSSP	MHCflurry	11225.499	1139.716	0.102	MHCflurry	5.106	1.326	330	0.215	0	0.0	226	0.0	0.0	0.0	23340.245	4299.369	0.184	37.0	5.575	0.0230858027935028	0.0980934649705886	0.0808162357424492	0.0122754376488312	3.4218749999999147	18.61798913043478	1139.715689947569	11225.498959496006	1.3259999999999998	5.10625	3441.78	27567.69	5.35	46.35	4899.35	22379.51	5.2	33.0	6610.93	22209.93	8.1	40.0	7177.06	24300.98	5.8	34.0	0.045575	0.002241	2.2	14.0	18082.847674706973	17316.93169471617	50.0	48.0	3635.381560138093	58958.985219844246	8.7	41.0	3699.388992615906	55351.57716515194	8.8	40.0	83.KRTAP10-4.ENST00000622352.3.missense.67R/L		1.1714285714285713	1.1857142857142855	False	False	True	0	False	0
