ID	A*24:02	A*31:01	B*08:01	B*51:01	C*07:01	C*15:02	Gene	AA Change	Num Passing Transcripts	Best Peptide class1	Best Transcript class1	TSL	Allele	Pos	Prob Pos	Num Passing Peptides	IC50 MT class1	IC50 WT class1	percentile MT class1	percentile WT class1	RNA Expr	RNA VAF	Allele Expr	RNA Depth	DNA VAF	Tier	Ref Match	Evaluation	Comments	Best Peptide class2	Best Transcript class2	IC50 MT class2	IC50 WT class2	percentile MT class2	percentile WT class2	DQA1*01:03-DQB1*02:01	DQA1*01:03-DQB1*06:03	DQA1*05:01-DQB1*02:01	DQA1*05:01-DQB1*06:03	DRB1*03:01	DRB1*13:01	Transcript Support Level	Transcript Length	Biotype	Ensembl Gene ID	Variant Type	Mutation	Protein Position	Gene Name	HGVSc	HGVSp	Peptide Length	Sub-peptide Position	Mutation Position	WT Epitope Seq	Best MT IC50 Score Method	Best MT IC50 Score	Corresponding WT IC50 Score	Corresponding Fold Change	Best MT Percentile Method	Best MT Percentile	Corresponding WT Percentile	Tumor DNA Depth	Tumor DNA VAF	Tumor RNA Depth	Tumor RNA VAF	Normal Depth	Normal VAF	Gene Expression	Transcript Expression	Median MT IC50 Score	Median WT IC50 Score	Median Fold Change	Median MT Percentile	Median WT Percentile	BigMHC_EL WT Score	BigMHC_EL MT Score	BigMHC_IM WT Score	BigMHC_IM MT Score	MHCflurryEL Processing WT Score	MHCflurryEL Processing MT Score	MHCflurryEL Presentation WT Score	MHCflurryEL Presentation MT Score	MHCflurryEL Presentation WT Percentile	MHCflurryEL Presentation MT Percentile	MHCflurry WT IC50 Score	MHCflurry MT IC50 Score	MHCflurry WT Percentile	MHCflurry MT Percentile	MHCnuggetsI WT IC50 Score	MHCnuggetsI MT IC50 Score	MHCnuggetsI WT Percentile	MHCnuggetsI MT Percentile	NetMHC WT IC50 Score	NetMHC MT IC50 Score	NetMHC WT Percentile	NetMHC MT Percentile	NetMHCcons WT IC50 Score	NetMHCcons MT IC50 Score	NetMHCcons WT Percentile	NetMHCcons MT Percentile	NetMHCpan WT IC50 Score	NetMHCpan MT IC50 Score	NetMHCpan WT Percentile	NetMHCpan MT Percentile	NetMHCpanEL WT Score	NetMHCpanEL MT Score	NetMHCpanEL WT Percentile	NetMHCpanEL MT Percentile	PickPocket WT IC50 Score	PickPocket MT IC50 Score	PickPocket WT Percentile	PickPocket MT Percentile	SMM WT IC50 Score	SMM MT IC50 Score	SMM WT Percentile	SMM MT Percentile	SMMPMBEC WT IC50 Score	SMMPMBEC MT IC50 Score	SMMPMBEC WT Percentile	SMMPMBEC MT Percentile	Index	DeepImmuno WT Score	DeepImmuno MT Score	Problematic Positions	cterm_7mer_gravy_score	max_7mer_gravy_score	difficult_n_terminal_residue	c_terminal_cysteine	c_terminal_proline	cysteine_count	n_terminal_asparagine	asparagine_proline_bond_count
chr9-21971124-21971126-TGA-T	5.0	23.0	8.0	1.0	3.0	10.0	CDKN2A	FS78	10	ATHPTRARR	ENST00000498124.1	1.0	HLA-A*31:01	9-Mar		45	16.349		0.316		95.914	0.882	84.596	1046	0.286	Pass	True	Pending	No comments	WTWLRSWAIAMSHGT	ENST00000579755.2	42.74		6.6		19.0	104.0	38.0	67.0	15.0	138.0	1.0	167	protein_coding	ENSG00000147889	FS	L/X	78	CDKN2A	ENST00000498124.1:c.233_234del	ENSP00000418915.1:p.Leu78HisfsTer41	9	7	3-9		NetMHCpan	10.2			NetMHCpanEL	0.01		963	0.286	1046	0.882	808	0.0	95.914	6.874	16.349			0.316			0.002664122		0.015061727		0.00460622087121		0.7544784222671325		0.3513586956521664		27.452603597818527		0.028875		5279.9		2.31		10.93		0.1		14.32		0.28		10.2		0.04		0.94817		0.01		466.6754581007161		0.5		16.961724307725422		0.4		15.736929528104616		0.4	58.CDKN2A.ENST00000498124.1.FS.78TGA/T				-2.457142857142857	-1.0142857142857145	False	False	False	0	False	0
chr16-27631127-27631128-C-T		5.0	2.0			2.0	KATNIP	A125V	3	RTVPSKVQR	ENST00000261588.10	1.0	HLA-A*31:01	3		9	12.815	12.085	0.08	0.185	44.567	0.225	10.028	342	0.234	Pass	False	Pending	No comments	SRTVPSKVQRRGWHQ	ENST00000261588.10	310.98	689.455	28.0	40.0			3.0		18.0	64.0	1.0	1618	protein_coding	ENSG00000047578	missense	A/V	125	KATNIP	ENST00000261588.10:c.374C>T	ENSP00000261588.4:p.Ala125Val	9	7	3	RTAPSKVQR	NetMHC	6.72	7.79	1.159	NetMHCpanEL	0.01	0.01	529	0.234	342	0.225	450	0.0	44.567	15.418	12.815	12.085	0.943	0.08	0.185	0.13243924	0.34174207	0.044743318	0.10550816	0.1281652972102165	0.3881379589438438	0.8333529195391295	0.9273247510463228	0.2252989130434741	0.0808423913043441	26.08144520193871	25.63140715780844	0.021125	0.0181249999999999	1733.05	847.35	0.18	0.08	7.79	6.72	0.06	0.04	11.6	12.37	0.19	0.22	12.57	13.26	0.06	0.06	0.975802	0.977772	0.01	0.01	302.73048891663535	384.09044412331593	0.3	0.4	7.370042631286165	9.560266527572464	0.2	0.3	8.070863457558318	9.224014988689865	0.2	0.3	95.KATNIP.ENST00000261588.10.missense.125A/V				-0.8428571428571427	-0.2999999999999999	False	False	False	0	False	0
chr20-49270718-49270719-T-C	1.0	1.0	1.0		1.0		ZNFX1	T365A	5	AAIYLDTHFR	ENST00000396105.6	1.0	HLA-A*31:01	1		3	72.224	134.867	0.475	0.796	91.531	0.188	17.208	674	0.241	Pass	False	Pending	No comments	DSAAIYLDTHFRLLR	ENST00000396105.6	67.6	67.5	0.94	0.92	11.0	21.0	72.0	35.0	45.0	63.0	1.0	1918	protein_coding	ENSG00000124201	missense	T/A	365	ZNFX1	ENST00000396105.6:c.1093A>G	ENSP00000379412.1:p.Thr365Ala	10	10	1	TAIYLDTHFR	NetMHCcons	31.55	48.63	1.541	NetMHCpan	0.27	0.45	839	0.241	674	0.188	851	0.0	91.531	61.65	72.224	134.867	1.867	0.475	0.796	0.44420266	0.6571712	0.045824345	0.05575751	0.2801878005266189	0.3556032702326774	0.5781609290838183	0.7825941344776749	0.6594293478260056	0.305706521739097	171.99842068972018	83.77098005099731	0.6827499999999995	0.3913749999999998	4480.41	3834.56	0.6799999999999999	0.4499999999999999	132.52	64.75	1.4	0.69	48.63	31.55	0.59	0.38	64.56	38.51	0.45	0.27	0.259429	0.416897	0.91	0.5	2904.964926184022	2469.769045352091	2.2	1.8	137.21449765730586	76.80685809900994	1.6	0.9	113.2948059763356	67.64099695454179	1.3	0.8	120.ZNFX1.ENST00000396105.6.missense.365T/A				-0.942857142857143	0.9142857142857144	False	False	False	0	False	0
chr17-7673805-7673806-C-A		4.0	2.0		1.0		TP53	V272L	18	LGRNSFELR	ENST00000269305.9	1.0	HLA-A*31:01	8		7	95.373	200.462	1.07	1.305	52.232	0.497	25.959	527	0.306	Pass	False	Pending	No comments	SSGNLLGRNSFELRV	ENST00000269305.9	292.875	268.04	16.0	12.0					8.0	24.0	1.0	393	protein_coding	ENSG00000141510	missense	V/L	272	TP53	ENST00000269305.9:c.814G>T	ENSP00000269305.4:p.Val272Leu	9	2	8	LGRNSFEVR	NetMHCpan	26.15	82.52	3.156	NetMHCpan	0.18	0.56	650	0.306	527	0.497	668	0.0	52.232	14.037	95.373	200.462	2.102	1.07	1.305	0.19825003	0.46505946	0.09523273	0.1196539	0.0620831353589892	0.0660780109465122	0.3250974956297427	0.5876254404221221	1.2795923913042344	0.6392391304347029	228.04765301362715	75.75605954444629	0.8062499999999996	0.3534999999999999	5055.06	5144.63	1.3299999999999998	1.6	87.55	38.1	0.88	0.42	220.01	89.14	2.2	1.5	82.52	26.15	0.56	0.18	0.280671	0.449327	0.83	0.44	3307.718431318005	2523.7962059597608	7.4	5.7	180.91309355996992	117.34646196273036	2.2	1.7	153.78713278422433	101.60615101841104	2.0	1.6	98.TP53.ENST00000269305.9.missense.272V/L				-1.457142857142857	-0.8714285714285713	False	False	False	0	False	0
chr5-146062477-146062478-A-T	2.0	1.0			1.0	1.0	SH3RF2	Y656F	2	NYSPPPTKHF	ENST00000359120.9	1.0	HLA-A*24:02	10		3	316.205	7265.61	0.335	6.75	42.504	0.657	27.925	332	0.25	Pass	False	Pending	No comments	VRFQNYSPPPTKHFT	ENST00000359120.9	1228.535	1009.0	51.0	47.0						9.0	1.0	729	protein_coding	ENSG00000156463	missense	Y/F	656	SH3RF2	ENST00000359120.9:c.1967A>T	ENSP00000352028.4:p.Tyr656Phe	10	1	10	NYSPPPTKHY	MHCflurry	49.529	383.953	7.752	NetMHCpanEL	0.01	0.41	755	0.25	332	0.657	723	0.001	42.504	29.097	316.205	7265.61	22.978	0.335	6.75	0.52539355	0.9647333	0.06325575	0.2816539	0.393282275646925	0.3083327002823353	0.4838407340779863	0.835357157343199	0.8561956521737955	0.222663043478235	383.9531295243987	49.528573913698736	0.7619999999999991	0.103625	4571.12	529.73	0.3899999999999999	0.02	18205.35	328.04	14.0	0.53	12183.0	304.37	7.7	0.49	17392.22	414.04	7.2	0.37	0.243284	0.957179	0.41	0.01	7775.837276083438	719.4055146968893	8.6	0.6	4015.3185022811326	98.56438126864562	6.3	0.3	6755.383363817842	168.5194371785814	8.4	0.4	30.SH3RF2.ENST00000359120.9.missense.656Y/F	0.37750673	0.3215291		-1.4	-1.4	False	False	False	0	True	0
chr8-123328513-123328514-T-G			3.0			1.0	ATAD2	K1182Q	2	TIKKRRQI	ENST00000287394.10	1.0	HLA-B*08:01	7		4	135.238	140.445	0.28	0.575	17.907	0.209	3.743	158	0.174	Pass	False	Pending	No comments	KSNWYLGTIKKRRQIS	ENST00000287394.10	319.14	228.26	5.0	5.4					30.0	41.0	1.0	1390	protein_coding	ENSG00000156802	missense	K/Q	1182	ATAD2	ENST00000287394.10:c.3544A>C	ENSP00000287394.5:p.Lys1182Gln	8	2	7	TIKKRRKI	SMM	18.925	17.459	0.923	NetMHCcons	0.05	0.08	726	0.174	158	0.209	651	0.0	17.907	1.567	135.238	140.445	1.038	0.28	0.575	0.0406623	0.13371764	0.21334256	0.38176462	0.0028754100203514	0.0045201815664768	0.4984651986998391	0.5296092564653729	0.8247010869563951	0.7573369565215984	87.20199463679381	77.15568086823602	0.145375	0.117875	3431.48	548.29	5.34	1.54	29.52	31.41	0.08	0.08	175.29	131.59	0.08	0.05	803.07	318.42	0.72	0.34	0.257665	0.416756	0.43	0.22	4151.517790435466	2936.5666561709572	3.9	2.2	17.45942754207805	18.924743416261464	0.2	0.2	105.5990472828052	138.88648924218776	1.0	1.3	52.ATAD2.ENST00000287394.10.missense.1182K/Q				-1.6142857142857143	-1.6142857142857143	False	False	False	0	False	0
chr12-25245350-25245351-C-G		3.0			1.0	1.0	KRAS	G12R	11	EYKLVVVGAR	ENST00000256078.10	1.0	HLA-A*31:01	10		5	465.43	30524.03	2.75	50.0	25.45	0.313	7.966	364	0.277	Pass	True	Pending	No comments	TEYKLVVVGARGVGK	ENST00000256078.10	63.14	498.215	3.79	16.3		40.0	1.0	9.0		31.0	1.0	189	protein_coding	ENSG00000133703	missense	G/R	12	KRAS	ENST00000256078.10:c.34G>C	ENSP00000256078.5:p.Gly12Arg	10	1	10	EYKLVVVGAG	SMMPMBEC	271.15	25835.091	95.28	MHCflurry	1.234	41.365	542	0.277	364	0.313	479	0.0	25.45	1.266	465.43	30524.03	65.582	2.75	50.0	0.0005804656	0.10186536	0.0027176	0.03199092	0.013656698167324	0.0732366815209388	0.0033675581314821	0.1709304924017765	99.28660326086955	2.04293478260864	31545.447716360817	568.9608844036316	41.365125	1.233749999999999	5707.72	5549.59	44.88	7.95	33161.9	944.8	67.0	4.1	30068.96	361.9	62.0	2.7	30979.1	346.56	50.0	1.7	3.3e-05	0.171301	50.0	1.4	50000.0	7054.340745605158	44.0	6.5	18213.77637104782	354.3235348783849	48.0	3.3	25835.091260696277	271.15024426205554	56.0	2.8	70.KRAS.ENST00000256078.10.missense.12G/R				1.8999999999999997	1.9857142857142855	True	False	False	0	False	0
chr3-44659147-44659148-G-A		3.0				4.0	ZNF35	S262N	1	NANLVVHQR	ENST00000396056.7	1.0	HLA-A*31:01	1		7	86.15	29.63	1.05	0.275	3.669	0.313	1.148	131	0.333	Pass	True	Pending	No comments	KAFIQNANLVVHQRI	ENST00000396056.7	41.625	46.935	5.2	7.1		42.0	16.0	18.0	34.0	55.0	1.0	527	protein_coding	ENSG00000169981	missense	S/N	262	ZNF35	ENST00000396056.7:c.785G>A	ENSP00000379368.2:p.Ser262Asn	9	9	1	SANLVVHQR	MHCflurry	43.436	29.37	0.676	MHCflurry	0.012	0.005	891	0.333	131	0.313	923	0.0	3.669	2.02	86.15	29.63	0.344	1.05	0.275	0.84721535	0.50231534	0.16643667	0.094867244	0.8477791175246239	0.8617089092731476	0.9827124726085396	0.9760958314129864	0.0052445652173958	0.012092391304364	29.36959718835215	43.435576526117366	0.04325	0.150375	1112.9	5308.55	0.12	2.54	30.35	131.9	0.33	1.4	21.03	70.64	0.45	1.3	29.89	101.66	0.22	0.68	0.895763	0.633803	0.03	0.19	902.925945728536	1691.1899649121788	1.3	3.5	19.609657120848652	47.80463427370683	0.4	0.9	25.699223419747145	62.79426768431855	0.6	1.2	19.ZNF35.ENST00000396056.7.missense.262S/N				-0.3571428571428572	0.5428571428571428	False	False	False	0	True	0
chr15-39801258-39801259-C-T			2.0		2.0		GPR176	R474Q	3	TRNSKKQLL	ENST00000561100.2	1.0	HLA-C*07:01	7		4	38.884	42.67	0.138	0.174	2.598	0.083	0.216	48	0.276	LowExpr	False	Pending	No comments	KQLLPPLGNTPEELI	ENST00000561100.2	955.925	955.905	17.0	17.0			18.0		5.0		1.0	515	protein_coding	ENSG00000166073	missense	R/Q	474	GPR176	ENST00000561100.2:c.1421G>A	ENSP00000453076.1:p.Arg474Gln	9	3	7	TRNSKKRLL	SMM	1.884	1.005	0.533	NetMHC	0.02	0.01	446	0.276	48	0.083	410	0.0	2.598	0.221	38.884	42.67	1.097	0.138	0.174	0.023379566	0.021981329	0.32120758	0.2183288	0.0684107653796672	0.106526106595993	0.6592038661847837	0.7272728815785912	0.5094293478260568	0.3941032608695565	55.779831353646514	46.04852212010053	0.148375	0.076625	33439.14	28550.21	42.13	21.02	20.71	23.09	0.01	0.02	29.56	31.72	0.03	0.03	202.73	155.58	0.04	0.04	0.420641	0.563354	0.03	0.02	131.59381328434915	340.9925042250324	0.2	0.4	1.0050091135227823	1.884386568412922	0.2	0.2	1.696953726929672	2.515764589829067	0.2	0.2	86.GPR176.ENST00000561100.2.missense.474R/Q				-1.1428571428571428	-1.1428571428571428	False	False	False	0	False	0
chr16-15396023-15396024-G-A		6.0					MPV17L	A43T	5	RLQGRETNWR	ENST00000396385.4	1.0	HLA-A*31:01	7		6	73.275	80.019	0.519	0.675	0.563	0.182	0.102	11	0.235	LowExpr	False	Pending	No comments	RETNWRQTRRVATLVVT	ENST00000396385.4	170.155	177.25	13.0	14.0		3.0	1.0	1.0		58.0	1.0	196	protein_coding	ENSG00000156968	missense	A/T	43	MPV17L	ENST00000396385.4:c.127G>A	ENSP00000379669.3:p.Ala43Thr	10	4	7	RLQGREANWR	NetMHCcons	33.85	37.11	1.096	NetMHCpan	0.34	0.4	941	0.235	11	0.182	492	0.0	0.563	0.0	73.275	80.019	1.092	0.519	0.675	0.03096593	0.04734506	0.041018624	0.037113525	0.2369959689676761	0.3485487028956413	0.601193049508387	0.717221955668674	0.6137228260868852	0.4095652173913038	133.23866262524317	117.07813332873316	0.5788749999999998	0.5286249999999998	4720.2	4661.37	0.84	0.79	66.37	46.83	0.71	0.51	37.11	33.85	0.46	0.42	56.64	47.8	0.4	0.34	0.348201	0.427493	0.64	0.48	2365.159660107549	2169.0457037070128	1.6	1.4	76.63020722739195	71.35098944815648	0.9	0.9	83.40844026906736	75.19864237932157	1.0	0.9	91.MPV17L.ENST00000396385.4.missense.43A/T				-2.5714285714285716	-1.7571428571428571	False	False	False	0	False	0
chr4-121828409-121828410-C-A		1.0					BBS7	A628S	3	KVQLIDSLK	ENST00000264499.9	1.0	HLA-A*31:01	7		1	209.457	161.355	1.55	1.275	13.251	0.133	1.762	105	0.121	Subclonal	False	Pending	No comments	KKVQLIDSLKELQIH	ENST00000264499.9	164.245	330.6	3.5	8.6		6.0	33.0	1.0	70.0	52.0	1.0	715	protein_coding	ENSG00000138686	missense	A/S	628	BBS7	ENST00000264499.9:c.1882G>T	ENSP00000264499.4:p.Ala628Ser	9	3	7	KVQLIDALK	NetMHC	125.75	113.75	0.905	MHCflurry	0.692	0.66	372	0.121	105	0.133	414	0.0	13.251	0.462	209.457	161.355	0.77	1.55	1.275	0.011632776	0.0046951245	0.017282428	0.010131945	0.1431442685425281	0.0606459975242614	0.4709389800856633	0.3809638907400574	0.8858967391303167	1.1085597826085376	162.8191384874508	176.28654924076696	0.6601249999999996	0.6916249999999995	5059.54	5279.51	1.35	2.31	113.75	125.75	1.2	1.3	159.89	221.2	1.9	2.3	159.23	211.46	0.91	1.3	0.217545	0.20479	1.1	1.2	932.7151751659565	1121.0669072114465	1.4	1.8	146.37604210704603	180.08187339941685	2.0	2.2	164.78588167543515	207.45313394611216	2.1	2.4	24.BBS7.ENST00000264499.9.missense.628A/S				0.0571428571428571	1.2142857142857142	False	False	False	0	False	0
chr7-87219450-87219451-G-A	1.0	1.0				1.0	TMEM243	P18L	3	RLLFGETSAK	ENST00000257637.8	1.0	HLA-A*31:01	2		3	1034.95	4684.95	3.3	7.93	29.996	0.319	9.569	520	0.263	Poor	False	Pending	No comments	YGTSGLDNRLLFGET	ENST00000257637.8	139.435	642.96	4.0	16.0		6.0			45.0	3.0	1.0	118	protein_coding	ENSG00000135185	missense	P/L	18	TMEM243	ENST00000257637.8:c.53C>T	ENSP00000257637.3:p.Pro18Leu	10	9	2	RPLFGETSAK	NetMHCcons	489.96	7208.66	14.713	PickPocket	0.7	6.0	556	0.263	520	0.319	528	0.002	29.996	20.513	1034.95	4684.95	4.527	3.3	7.93	0.004238742	0.0061943852	0.0032501775	0.0047690915	0.2910569533705711	0.2569523938000202	0.0178061302998736	0.207139347978992	13.500896739130424	1.7952717391303563	15369.116332203255	870.6298152844523	6.35875	1.4622499999999987	5533.42	5450.01	7.26	4.590000000000001	3836.48	1372.23	8.6	4.9	7208.66	489.96	13.0	3.0	2880.18	1199.27	5.2	3.3	0.035924	0.042343	3.6	3.3	6610.930835365694	1469.2841137360406	6.0	0.7	3299.1343378886554	625.7487633544408	17.0	5.0	3274.990164122924	546.0218222266103	17.0	4.6	38.TMEM243.ENST00000257637.8.missense.18P/L				-0.6714285714285715	0.7142857142857141	False	False	False	0	False	0
chr7-100893793-100893794-C-T				1.0		2.0	ACHE	V147I	11	SPTPVLIWI	ENST00000302913.8	1.0	HLA-B*51:01	7		3	1556.908	1458.84	0.275	0.265	36.163	0.381	13.778	223	0.138	Poor	True	Pending	No comments	IWIYGGGFYSGASSLDVY	ENST00000302913.8	711.65	712.51	13.0	13.0			6.0	5.0		9.0	1.0	617	protein_coding	ENSG00000087085	missense	V/I	147	ACHE	ENST00000302913.8:c.439G>A	ENSP00000303211.4:p.Val147Ile	9	3	7	SPTPVLVWI	MHCflurry	111.516	106.72	0.957	NetMHCpanEL	0.05	0.05	1450	0.138	223	0.381	1081	0.0	36.163	0.005	1556.908	1458.84	0.937	0.275	0.265	0.2449467	0.24610071	0.06061155	0.06900975	0.5324300825595856	0.5597859919071198	0.8417493907989408	0.8488214565960328	0.2137500000000045	0.2025271739130403	106.71956715707503	111.5159669674785	0.16075	0.17125	3668.46	3021.88	0.36	0.2799999999999999	1820.61	2031.83	0.23	0.27	1097.07	1297.38	0.31	0.36	720.47	708.84	0.09	0.09	0.770333	0.758722	0.05	0.05	286.7882225190838	312.71813855136116	0.3	0.3	2116.5571523096055	2175.8552484904335	1.1	1.2	1820.6228956633947	1816.4355792001693	0.9	0.9	42.ACHE.ENST00000302913.8.missense.147V/I	0.9158757	0.85676503		1.9714285714285713	1.9714285714285713	False	False	False	0	False	0
chr10-96159529-96159530-G-A		2.0	2.0			1.0	ZNF518A	E1070K	3	LSKQQSTKL	ENST00000316045.10	1.0	HLA-C*15:02	3		4	1345.66	1189.85	2.68	1.55	19.869	0.274	5.444	350	0.143	Poor	False	Pending	No comments	SVKAVLIPNMLSKQQ	ENST00000316045.10	331.645	1661.47	13.55	32.23		27.0	4.0		15.0	58.0	1.0	1483	protein_coding	ENSG00000177853	missense	E/K	1070	ZNF518A	ENST00000316045.10:c.3208G>A	ENSP00000479684.1:p.Glu1070Lys	9	7	3	LSEQQSTKL	SMM	98.723	33.995	0.344	NetMHCpanEL	0.21	0.58	616	0.143	350	0.274	677	0.0	19.869	0.014	1345.66	1189.85	0.884	2.68	1.55	0.0020453807	0.0048718303	0.005134678	0.008850695	0.1285997852683067	0.0478789545595645	0.4655180428875909	0.4815901071443986	0.897010869565122	0.860706521739047	157.91802297708554	110.13168618226018	1.0115	0.7053750000000002	6628.09	13031.3	17.48	37.78	1240.29	1899.55	0.42	0.59	1139.41	1170.65	4.4	4.5	2419.67	1520.67	1.3	0.78	0.172905	0.392514	0.58	0.21	2607.0610014707204	4576.122411906873	7.5	18.0	33.99538782174511	98.72337638165271	1.8	6.1	45.8997161700544	154.457855222746	2.7	9.4	67.ZNF518A.ENST00000316045.10.missense.1070E/K				-1.7857142857142858	-1.342857142857143	False	False	False	0	False	0
chr10-32583256-32583257-A-G			1.0	1.0		1.0	CCDC7	T560A	1	LAQKNEAVI	ENST00000639629.1	5.0	HLA-C*15:02	7		3	1983.883	1597.89	3.25	2.15	62.375	0.102	6.362	361	0.102	Poor	False	Pending	No comments	AQKNEAVISPFILPPV	ENST00000639629.1	441.68	604.925	13.0	20.0	15.0	75.0	61.0	41.0		24.0	5.0	1385	protein_coding	ENSG00000216937	missense	T/A	560	CCDC7	ENST00000639629.1:c.1678A>G	ENSP00000491655.1:p.Thr560Ala	9	3	7	LAQKNETVI	SMMPMBEC	65.134	42.054	0.646	MHCflurry	1.135	0.888	394	0.102	361	0.102	547	0.0	62.375	3.244	1983.883	1597.89	0.805	3.25	2.15	0.010470838	0.007941837	0.0063032284	0.0056916024	0.0276301950216293	0.0311306715011596	0.4115978937329134	0.3524108470019766	1.026576086956382	1.1888315217390186	136.9996686672166	179.68929437614543	0.8875000000000002	1.134625	7147.21	7975.33	18.89	21.21	4966.39	5850.24	1.5	1.7	1249.17	1999.98	4.6	5.9	3885.65	4568.8	1.9	2.3	0.049557	0.022745	1.6	2.6	1946.610237380866	1967.7864831100464	4.6	4.7	85.98446630594958	130.44276620523584	5.4	8.1	42.05426044578794	65.13433747451018	2.4	3.9	66.CCDC7.ENST00000639629.1.missense.560T/A				-0.5571428571428569	-0.5571428571428569	False	False	False	0	False	0
chr4-168237701-168237702-G-C	2.0	2.0					DDX60	L1420V	2	LFSLQFVVK	ENST00000393743.8	1.0	HLA-A*31:01	7		4	1076.585	1929.34	3.67	5.45	24.727	0.135	3.338	303	0.158	Poor	False	Pending	No comments	MLKLYFLFSLQFVVK	ENST00000393743.8	984.58	1105.725	66.0	67.0	13.0		77.0		13.0	11.0	1.0	1712	protein_coding	ENSG00000137628	missense	L/V	1420	DDX60	ENST00000393743.8:c.4258C>G	ENSP00000377344.3:p.Leu1420Val	9	3	7	LFSLQFLVK	SMM	620.112	1280.767	2.065	MHCflurry	1.69	1.468	373	0.158	303	0.135	386	0.0	24.727	21.459	1076.585	1929.34	1.792	3.67	5.45	0.01545814	0.028912554	0.014945679	0.02683803	0.0139324478805065	0.0327728129923343	0.0983452445412305	0.0750334942484277	2.9511413043477432	3.639184782608624	882.9559779637485	1282.6814574740652	1.4682499999999987	1.6899999999999993	5557.01	5492.97	8.28	5.79	1806.95	788.6	5.7	3.7	2842.78	984.56	6.8	4.2	2051.73	1168.61	4.4	3.2	0.031431	0.056026	3.8	2.9	2339.707100807512	1584.8879846730229	5.2	3.2	1280.766619256736	620.111806368216	7.0	4.7	1465.2779019300451	749.7560864362166	7.4	5.1	28.DDX60.ENST00000393743.8.missense.1420L/V				0.9714285714285712	1.9285714285714288	False	False	False	0	False	0
chr1-183545980-183545981-G-A							SMG7	A750T	0	QQADTSKQL	ENST00000507469.5	1.0	HLA-C*15:02	5		0	4555.305	3827.925	8.33	7.365	51.33	0.268	13.756	265	0.219	Poor	False	Pending	No comments	SGFQQYQQADTSKQLW	ENST00000507469.5	3788.12	2689.21	16.07	13.82							1.0	1178	protein_coding	ENSG00000116698	missense	A/T	750	SMG7	ENST00000507469.5:c.2248G>A	ENSP00000425133.1:p.Ala750Thr	9	5	5	QQADASKQL	MHCflurry	293.146	277.549	0.947	MHCflurry	1.36	1.237	654	0.219	265	0.268	574	0.003	51.33	0.0	4555.305	3827.925	0.84	8.33	7.365	7.643985e-05	8.8708744e-05	0.00022269374	0.000264237	0.1321970224380493	0.1004737867042422	0.3377835714602618	0.3018438231338088	1.2366576086955376	1.3596467391303406	277.5491495298693	293.1455648529958	1.5446250000000008	1.600125000000001	2273.37	2881.61	6.73	8.16	8680.6	9986.01	2.5	3.0	5382.48	6229.0	12.0	13.0	15354.72	16055.37	8.0	8.5	0.044975	0.051753	1.7	1.6	7945.936747596634	7609.37914115875	32.0	31.0	1463.5919091247122	1564.660071640578	39.0	39.0	2242.900459966354	2227.46044180328	45.0	45.0	5.SMG7.ENST00000507469.5.missense.750A/T				-0.9714285714285714	-0.9714285714285714	True	False	False	0	False	0
chr3-136472416-136472417-G-A	2.0	4.0					STAG1	L401F	1	AIRLVTLIFH	ENST00000383202.7	1.0	HLA-A*31:01	9		6	2950.365	4937.825	6.5	10.85	50.871	0.111	5.647	298	0.117	Poor	False	Pending	No comments	IRLVTLIFHGSEEALS	ENST00000383202.7	373.24	504.935	9.2	13.0	4.0	25.0	114.0	41.0	7.0	51.0	1.0	1258	protein_coding	ENSG00000118007	missense	L/F	401	STAG1	ENST00000383202.7:c.1201C>T	ENSP00000372689.2:p.Leu401Phe	10	2	9	AIRLVTLILH	SMMPMBEC	741.669	1762.828	2.377	NetMHCpan	4.9	6.5	240	0.117	298	0.111	289	0.0	50.871	0.0	2950.365	4937.825	1.674	6.5	10.85	0.0017236349	0.0017923921	0.0036542898	0.004551717	0.110400628298521	0.1339563205838203	0.0094835879768721	0.0112875496402725	24.57923913043477	20.2322554347826	15356.97485975884	13960.346594489756	6.35875	5.7585000000000015	5792.63	5705.1	95.77	42.76	3854.83	2557.03	8.6	6.8	5620.54	3343.7	9.7	7.5	4255.11	2545.05	6.5	4.9	0.011471	0.012793	6.0	5.7	15208.392203513577	10874.648638249304	16.0	12.0	1924.8637777825363	859.8050666611765	12.0	6.2	1762.8282433854345	741.6687832604255	12.0	5.6	21.STAG1.ENST00000383202.7.missense.401L/F				2.1714285714285713	2.2285714285714286	False	False	False	0	False	0
chr9-38578074-38578075-A-G			1.0				ANKRD18A	L774P	2	VPHQELLSM	ENST00000399703.6	1.0	HLA-B*08:01	2		1	2205.013	2112.033	2.45	2.3	5.421	0.68	3.686	50	0.253	Poor	False	Pending	No comments	VNLAKDNEVPHQELL	ENST00000399703.6	829.415	355.13	14.0	5.6					18.0	7.0	1.0	992	protein_coding	ENSG00000180071	missense	L/P	774	ANKRD18A	ENST00000399703.6:c.2321T>C	ENSP00000382610.4:p.Leu774Pro	9	8	2	VLHQELLSM	MHCflurry	92.226	277.006	3.004	MHCflurry	0.161	0.548	443	0.253	50	0.68	611	0.0	5.421	4.638	2205.013	2112.033	0.958	2.45	2.3	0.15098791	0.35454184	0.010802646	0.009756389	0.1486442163586616	0.5150424726307392	0.3513538726920197	0.8521497987570993	1.1919565217390158	0.196277173913046	277.00639844626147	92.22611144370752	0.5483749999999998	0.160625	7883.58	2406.18	10.26	4.15	2191.91	2264.42	2.7	2.7	1756.46	1804.62	2.8	2.9	2165.57	2653.85	1.9	2.2	0.251461	0.412901	0.44	0.22	743.1400590825417	743.1400590825417	1.1	1.1	2058.495869995372	2145.606123630313	5.7	5.9	2173.3516440277062	2286.283067928169	5.9	6.2	64.ANKRD18A.ENST00000399703.6.missense.774L/P	0.92089665	0.81142694		-0.2142857142857142	0.0	False	False	False	0	False	0
chrX-129792341-129792342-A-T							SASH3	S153C	0	CCPSPGSGSF	ENST00000356892.4	1.0	HLA-A*24:02	2	1,2	0	4530.825	4235.35	5.077	4.436	79.54	0.002	0.159	1056	0.282	Poor	False	Pending	No comments	ELPVLSRQASTGSELCC	ENST00000356892.4	3786.55	3578.02	70.0	65.0							1.0	380	protein_coding	ENSG00000122122	missense	S/C	153	SASH3	ENST00000356892.4:c.457A>T	ENSP00000349359.3:p.Ser153Cys	10	9	2	CSPSPGSGSF	MHCflurry	2006.672	1478.712	0.737	MHCflurry	1.611	1.411	812	0.282	1056	0.002	628	0.0	79.54	55.054	4530.825	4235.35	0.935	5.077	4.436	0.0058157956	0.00188314	0.0214488	0.019225763	0.0140494219958782	0.0052975341677665	0.0620234076412579	0.0454885543297225	4.271168478260833	5.554945652173885	1478.7118089889016	2006.6723349072292	1.4112499999999986	1.6106249999999984	5277.3	5295.34	4.96	6.83	9594.45	9949.45	6.9	7.2	4040.73	6940.78	2.9	4.5	7253.72	17369.47	2.9	7.2	0.00953	0.001851	3.0	6.3	4429.969369593865	3766.310953452029	4.6	3.8	2929.0042375530957	2425.0461059623067	5.2	4.5	3496.632581557322	2509.862905715289	5.7	4.6	124.SASH3.ENST00000356892.4.missense.153S/C	0.7306887	0.5857785	1,2	-0.2857142857142858	-0.0285714285714286	True	False	False	2	False	0
chr2-96691308-96691309-G-C		5.0	2.0		3.0		FER1L5	G955R	2	VRFRNHREL	ENST00000624922.6	5.0	HLA-C*07:01	7		10	35.554	90.294	0.143	0.35	0.112	0.0	0.0	2	0.26	NoExpr	False	Pending	No comments	WARVRFRNHRELSHE	ENST00000624922.6	136.835	375.41	5.76	10.95			15.0		5.0	46.0	5.0	2057	protein_coding	ENSG00000249715	missense	G/R	955	FER1L5	ENST00000624922.6:c.2863G>C	ENSP00000485238.1:p.Gly955Arg	9	3	7	VRFRNHGEL	SMM	5.823	30.003	5.152	NetMHCcons	0.01	0.07	1052	0.26	2	0.0	780	0.0	0.112	0.053	35.554	90.294	2.54	0.143	0.35	0.011311187	0.17026977	0.07425774	0.20093203	0.0413561537861824	0.2714678645133972	0.6359457678612913	0.8224877991216388	0.5491304347825547	0.2427989130434582	56.13788453781672	47.54775110258216	0.148375	0.085875	35314.46	35167.53	56.73	55.43	124.45	23.56	0.05	0.02	53.03	13.57	0.07	0.01	408.43	76.02	0.08	0.02	0.127416	0.480361	0.15	0.02	735.1427907623246	149.83839485450932	1.1	0.2	30.00336739365064	5.8233112054564184	1.6	0.3	39.325114880308895	11.160149181447885	2.1	0.5	11.FER1L5.ENST00000624922.6.missense.955G/R				-1.7999999999999996	-1.7999999999999996	False	False	False	0	False	0
chrX-71303887-71303888-G-A		4.0			1.0		ITGB1BP2	G206S	2	SRHDWGKQL	ENST00000373829.8	1.0	HLA-C*07:01	1		5	37.704	67.37	0.074	0.128	2.779	0.0	0.0	15	0.107	NoExpr	False	Pending	No comments	RVSRHDWGKQLPAS	ENST00000373829.8	9821.23	10815.0	65.0	60.0	1.0	13.0	3.0	6.0		41.0	1.0	347	protein_coding	ENSG00000147166	missense	G/S	206	ITGB1BP2	ENST00000373829.8:c.616G>A	ENSP00000362935.3:p.Gly206Ser	9	9	1	GRHDWGKQL	SMMPMBEC	11.058	11.083	1.002	MHCflurry	0.005	0.027	485	0.107	15	0.0	443	0.0	2.779	1.233	37.704	67.37	1.787	0.074	0.128	0.3531647	0.6248232	0.15511514	0.2273841	0.2997458130121231	0.334739726036787	0.8648778041624053	0.8951198402266826	0.1761413043477944	0.1285326086956786	37.79181848242028	31.92345162652783	0.027125	0.005375	34036.85	33031.58	46.25	39.57	65.99	40.4	0.03	0.02	68.75	24.33	0.08	0.02	269.62	75.27	0.05	0.02	0.506302	0.71734	0.02	0.01	645.6305357438321	466.6754581007161	0.9	0.6	50.95302822874486	35.008217619124885	2.6	1.9	11.083323254867642	11.057832318747428	0.5	0.5	122.ITGB1BP2.ENST00000373829.8.missense.206G/S				-1.6571428571428573	-1.6571428571428573	False	False	False	0	False	0
chrX-141897483-141897484-G-A		12.0					MAGEC3	G576R	4	AIRPIQRPAR	ENST00000298296.1	1.0	HLA-A*31:01	3		12	48.251	139.857	0.341	0.89	0.0	0.0	0.0	0	0.252	NoExpr	False	Pending	No comments	WEVLSAIRPIQRPAREV	ENST00000298296.1	70.105	124.225	0.29	5.54	15.0	87.0	98.0	68.0	120.0	148.0	1.0	643	protein_coding	ENSG00000165509	missense	G/R	576	MAGEC3	ENST00000298296.1:c.1726G>A	ENSP00000298296.1:p.Gly576Arg	10	8	3	AIGPIQRPAR	NetMHC	25.27	190.52	7.539	MHCnuggetsI	0.13	0.25	794	0.252	0	0.0	869	0.0	0.0	0.0	48.251	139.857	2.899	0.341	0.89	0.1421232	0.23898503	0.014128025	0.016241087	0.3174611032009125	0.2463702820241451	0.6758620899032521	0.7463861887065978	0.4788586956521357	0.3639130434782345	127.9048094424436	69.23913238311934	0.5609999999999998	0.3217499999999999	2427.58	1263.87	0.25	0.13	190.52	25.27	1.7	0.27	111.28	29.73	1.4	0.36	151.81	58.9	0.88	0.41	0.480997	0.637524	0.39	0.19	3606.785319173851	2904.964926184022	3.0	2.2	75.23154831868727	27.002252868882433	0.9	0.3	103.0884476781634	37.601918173044155	1.1	0.4	125.MAGEC3.ENST00000298296.1.missense.576G/R				-1.3428571428571427	-0.4714285714285715	False	False	False	0	False	0
chr15-73703792-73703792-C-CA		16.0	4.0		2.0	3.0	CD276	FS289-290	3	LLREHPGFR	ENST00000318443.10	2.0	HLA-A*31:01	9-Jan		25	69.78		0.7		81.374	0.0	0.0	300	0.248	NoExpr	False	Pending	No comments	GQLHLLREHPGFRQR	ENST00000318443.10	350.93		6.8			4.0	23.0	4.0	36.0	49.0	2.0	534	protein_coding	ENSG00000103855	FS	-/X	289-290	CD276	ENST00000318443.10:c.868dup	ENSP00000320084.5:p.Thr290AsnfsTer102	9	60	1-9		MHCflurry	32.943			MHCflurry	0.069		1212	0.248	300	0.0	1022	0.0	81.374	0.003	69.78			0.7			0.120580636		0.04176422		0.0979424603283405		0.7817291290975581		0.3075271739130158		32.943376111167034		0.06875		5259.34		2.16		38.81		0.43		50.78		0.95		52.88		0.37		0.441981		0.45		1249.169100192773		2.2		86.99013403340025		1.4		86.68021901869487		1.4	87.CD276.ENST00000318443.10.FS.289-290C/CA				-2.128571428571429	-0.8000000000000002	False	False	False	0	False	0
chr13-73063869-73063869-T-TGAG		4.0					KLF5	L394LR	2	SSHLKAHLRR	ENST00000377687.6	1.0	HLA-A*31:01	10		4	101.776	4820.694	0.885	17.98	168.762	0.0	0.0	1624	0.151	NoExpr	True	Pending	No comments	YTKSSHLKAHLRRTH	ENST00000377687.6	43.005	84.34	6.4	16.0						47.0	1.0	457	protein_coding	ENSG00000102554	inframe_ins	L/LR	394	KLF5	ENST00000377687.6:c.1184_1186dup	ENSP00000366915.4:p.Arg395dup	10	3	10	SSHLKAHLRT	SMMPMBEC	59.732	3992.179	66.834	NetMHCpanEL	0.41	3.9	278	0.151	1624	0.0	271	0.0	168.762	48.185	101.776	4820.694	47.366	0.885	17.98	0.00045840844	0.0055889236	0.0018194698	0.008829788	0.0038385018706321	0.0056630335748195	0.0032894649741324	0.4107117764224421	99.28660326086955	1.0291576086955132	31183.91283847305	126.94217312538336	37.794	0.5609999999999998	5649.21	5656.47	16.96	18.66	2243.1	183.99	6.4	1.7	21852.38	76.61	38.0	0.97	1390.43	65.98	3.6	0.46	0.029458	0.471491	3.9	0.41	50000.0	3567.971061190687	44.0	3.0	2006.3190647905749	69.24684643226371	12.0	0.8	3992.178946647096	59.732404854829035	19.0	0.7	82.KLF5.ENST00000377687.6.inframe_ins.394L/LR				-0.9571428571428572	-0.2428571428571428	False	False	False	0	False	0
chr3-38586036-38586037-C-T	1.0	6.0	1.0		3.0	2.0	SCN5A	R814Q	7	RSFRLLQVFK	ENST00000333535.9	1.0	HLA-A*31:01	7		11	108.809	46.323	0.467	0.429	0.577	0.0	0.0	0	0.086	NoExpr	False	Pending	No comments	NLSVLRSFRLLQVFK	ENST00000333535.9	119.735	17.75	7.39	1.08	17.0	63.0	28.0	28.0	65.0	88.0	1.0	2016	protein_coding	ENSG00000183873	missense	R/Q	814	SCN5A	ENST00000333535.9:c.2441G>A	ENSP00000328968.4:p.Arg814Gln	10	4	7	RSFRLLRVFK	NetMHCcons	14.87	10.07	0.677	NetMHCcons	0.14	0.08	338	0.086	0	0.0	303	0.003	0.577	0.0	108.809	46.323	0.426	0.467	0.429	0.1693375	0.16805923	0.015896529	0.012681232	0.3398792706429958	0.3400469347834587	0.687941881270991	0.6439183226017212	0.4579891304347541	0.5347010869564741	131.0536057411981	160.80021466932232	0.5732499999999998	0.6558749999999997	4186.82	3639.44	0.5499999999999999	0.4	12.51	21.28	0.12	0.21	10.07	14.87	0.08	0.14	13.73	28.54	0.07	0.2	0.337162	0.283142	0.66	0.82	466.6754581007161	598.5373721582038	0.2	0.2	50.74578790806501	122.29254976262452	0.5	1.4	41.89961187278662	95.32569932212384	0.4	1.1	12.SCN5A.ENST00000333535.9.missense.814R/Q				0.3857142857142857	1.3428571428571427	False	False	False	0	False	0
chr6-29462037-29462038-T-C	2.0		4.0			3.0	OR2H1	I90T	4	LWGPKKTTSF	ENST00000377132.1		HLA-A*24:02	8		9	240.065	190.05	0.335	0.295	0.0	0.0	0.0	0	0.309	NoExpr	False	Pending	No comments	VPQMLVNLWGPKKTTSF	ENST00000377132.1	785.68	925.18	21.08	23.86		4.0	35.0	14.0	4.0	22.0		316	protein_coding	ENSG00000204688	missense	I/T	90	OR2H1	ENST00000377132.1:c.269T>C	ENSP00000366336.1:p.Ile90Thr	10	3	8	LWGPKKTISF	SMMPMBEC	50.194	46.844	0.933	NetMHCpanEL	0.17	0.13	648	0.309	0	0.0	746	0.0	0.0	0.0	240.065	190.05	0.792	0.335	0.295	0.20253025	0.27426776	0.097218685	0.12616004	0.1422234773635864	0.1381990872323513	0.691303239684952	0.6665315533022758	0.4528532608695599	0.496684782608682	62.77035365501796	69.53683766710579	0.1675	0.193125	4190.94	4458.39	0.31	0.37	179.17	160.57	0.29	0.27	363.86	319.56	0.53	0.5	200.93	476.95	0.24	0.41	0.628451	0.551454	0.13	0.17	711.6636646085253	711.6636646085253	0.6	0.6	61.054826297327594	56.97967922639423	0.3	0.3	46.84357154006292	50.19379123145636	0.2	0.2	34.OR2H1.ENST00000377132.1.missense.90I/T	0.11070776	0.11596927		-1.2571428571428571	-1.085714285714286	False	False	False	0	False	0
chr6-28575386-28575387-T-A	2.0					1.0	ZBED9	R440W	2	VLQSDNGWEF	ENST00000452236.3	1.0	HLA-A*24:02	8		3	1222.735	4907.238	1.45	5.027	0.031	0.0	0.0	1	0.255	NoExpr	False	Pending	No comments	SDNGWEFSSQVVSELS	ENST00000452236.3	284.355	381.84	3.6	5.5	10.0	11.0	60.0	18.0	42.0	7.0	1.0	1325	protein_coding	ENSG00000232040	missense	R/W	440	ZBED9	ENST00000452236.3:c.1318A>T	ENSP00000395259.2:p.Arg440Trp	10	3	8	VLQSDNGREF	MHCflurry	993.535	2656.394	2.674	MHCnuggetsI	0.65	9.32	546	0.255	1	0.0	571	0.002	0.031	0.031	1222.735	4907.238	4.013	1.45	5.027	0.09635822	0.03849963	0.04765726	0.06686925	0.0847587585449218	0.0668155290186405	0.0458672475701079	0.104963258698379	5.554945652173885	2.832907608695578	2656.394353101299	993.5352869930196	1.8231249999999983	1.1867499999999986	5309.94	5012.9	9.32	0.65	14059.31	2499.61	9.9	2.5	6262.79	1158.05	4.1	1.4	11585.09	1083.94	4.5	0.69	0.032813	0.129112	1.7	0.72	3932.892296828435	1691.1899649121788	4.0	1.5	3611.769281874687	1287.419254198326	5.9	2.7	4504.535355626819	1157.8438681436426	6.7	2.5	32.ZBED9.ENST00000452236.3.missense.440R/W	0.31684843	0.40420145		-1.4	-0.5285714285714286	False	False	False	0	False	0
chr1-158777522-158777523-G-A	3.0		1.0			1.0	OR6N2	T38I	1	LLLAYLFII	ENST00000641131.1		HLA-B*08:01	8		5	1893.765	1143.663	3.99	2.393	0.0	0.0	0.0	0	0.255	NoExpr	False	Pending	No comments	RGWLFVLLLLAYLFI	ENST00000641131.1	2011.63	2756.525	80.0	81.0	3.0	16.0	7.0	11.0	6.0	30.0		317	protein_coding	ENSG00000188340	missense	T/I	38	OR6N2	ENST00000641131.1:c.113C>T	ENSP00000493148.1:p.Thr38Ile	9	2	8	LLLAYLFTI	SMM	639.072	705.586	1.104	NetMHC	1.8	1.3	517	0.255	0	0.0	442	0.0	0.0	0.0	1893.765	1143.663	0.604	3.99	2.393	0.028118743	0.010599068	0.022892307	0.026582358	0.0425814725458622	0.0080281607806682	0.028977390174179	0.0118650599722553	8.545326086956507	20.2322554347826	3721.710761129335	8377.588593337854	2.4861249999999995	4.07975	1525.67	2486.93	3.05	4.25	782.37	1300.6	1.3	1.8	1384.4	2693.07	2.5	3.9	2303.01	6770.62	2.0	5.5	0.00512	0.000644	8.6	24.0	902.925945728536	1222.4280109388617	1.4	2.4	705.5860729733222	639.0723090316742	2.3	2.1	609.7193809252992	648.8286222877089	2.0	2.1	1.OR6N2.ENST00000641131.1.missense.38T/I	0.8098402	0.8903707		2.8428571428571425	2.8428571428571425	False	False	False	0	False	0
chr12-41194113-41194114-T-G							PDZRN4	Y257D	0	GTSTEGIDV	ENST00000402685.7	2.0	HLA-C*15:02	8		0	2678.581	201.908	3.479	0.702	1.106	0.0	0.0	13	0.257	NoExpr	False	Pending	No comments	DVSKILENGPADRAD	ENST00000402685.7	663.555	657.33	12.0	12.0		2.0	4.0		14.0	2.0	2.0	1036	protein_coding	ENSG00000165966	missense	Y/D	257	PDZRN4	ENST00000402685.7:c.769T>G	ENSP00000384197.2:p.Tyr257Asp	9	2	8	GTSTEGIYV	SMMPMBEC	59.267	29.979	0.506	NetMHC	1.2	0.29	167	0.257	13	0.0	200	0.0	1.106	0.58	2678.581	201.908	0.075	3.479	0.702	0.00014587633	5.943971e-05	0.027382225	0.0048541226	0.0522339269518852	0.0120985247194767	0.5142752551612706	0.0824670278018569	0.7930434782607136	3.358777173912955	97.79691810316406	1070.4620617584037	0.6117500000000001	3.1344999999999987	88.87	2760.57	0.38	7.870000000000001	769.72	3713.02	0.29	1.2	306.02	2664.09	1.7	7.0	522.3	7163.41	0.31	3.3	0.249536	0.014719	0.42	3.2	1485.2677558853384	2693.0728595832916	2.5	7.8	28.801824516923816	69.40967325941338	1.4	4.2	29.978506988509768	59.26659817216503	1.5	3.6	81.PDZRN4.ENST00000402685.7.missense.257Y/D				-0.0285714285714286	-0.0285714285714286	False	False	False	0	False	0
chr4-159035089-159035090-A-T							C4orf45	S3T	0	MATVSYQK	ENST00000434826.3	2.0	HLA-A*31:01	3		0	5668.96	5084.325	12.0	9.65	0.166	0.0	0.0	2	0.113	NoExpr	False	Pending	No comments	TVSYQKPTSTTVGKQMI	ENST00000434826.3	2763.895	2759.09	17.0	17.0							2.0	186	protein_coding	ENSG00000164123	missense	S/T	3	C4orf45	ENST00000434826.3:c.7T>A	ENSP00000412215.2:p.Ser3Thr	8	1	3	MASVSYQK	NetMHCcons	489.96	520.0	1.061	PickPocket	3.0	2.4	309	0.113	2	0.0	312	0.0	0.166	0.0	5668.96	5084.325	0.897	12.0	9.65	0.011248818	0.017068015	0.019273933	0.02650704	0.1556616649031639	0.1272812373936176	0.0078983169980625	0.0064451294127776	31.64317934782608	37.35904891304347	21897.789297085124	24381.847860514263	10.313749999999995	12.997749999999998	5619.0	5624.73	12.43	13.089999999999998	4696.56	5713.19	9.7	12.0	520.0	489.96	3.5	3.4	5472.09	6797.34	7.6	8.7	0.003649	0.002091	9.6	12.0	3000.8051964776514	3567.971061190687	2.4	3.0									27.C4orf45.ENST00000434826.3.missense.3S/T				-0.5999999999999999	0.2285714285714286	False	False	False	0	False	0
chr19-57942495-57942510-AGTGCAAAATCTGTCT-A						1.0	ZNF256	RQILH100-104-	1	VLLVEHQGTHH	ENST00000282308.4	1.0	HLA-A*31:01	3-Feb		1	13986.401	32759.106	38.0	64.0	7.231	0.0	0.0	85	0.153	NoExpr	False	Pending	No comments	GPVLLVEHQGTHHGQ	ENST00000282308.4	447.555	396.46	17.0	22.0						15.0	1.0	627	protein_coding	ENSG00000152454	inframe_del	RQILH/-	100-104	ZNF256	ENST00000282308.4:c.298_312del	ENSP00000282308.2:p.Arg100_His104del	11	9	2-3	LHLVEHQGTHH	MHCnuggetsI	5752.01	5761.54	1.002	NetMHCpanEL	14.0	27.0	1002	0.153	85	0.0	795	0.0	7.231	5.306	13986.401	32759.106	2.342	38.0	64.0	0.0025647206	0.0009338055	0.054018196	0.022312516	0.0084460228681564	0.0299226231873035	0.0033152820238777	0.0041216402516385	99.28660326086955	62.74467391304348	31456.641435801343	27163.54418194069	41.365125	17.929624999999994	5761.54	5752.01	87.44	82.06	34061.57	30209.51	70.0	58.0	30068.96	14175.55	64.0	21.0	35260.39	24790.42	64.0	34.0	0.000216	0.001458	27.0	14.0	41151.77233515705	13797.251278183585	37.0	14.0	35117.209621659706	9784.080111011512	74.0	44.0	13341.971235365289	9251.66715773305	51.0	42.0	116.ZNF256.ENST00000282308.4.inframe_del.100-104RQILH/-				-2.5285714285714285	0.8285714285714286	False	False	False	0	False	0
