ID,patient_id,Evaluation,%ile MT class1,%ile MT class2,%ile WT class1,%ile WT class2,Allele Expr,Best MT IC50 Score,Best MT Percentile,Biotype,Corresponding Fold Change,Corresponding WT IC50 Score,Corresponding WT Percentile,DNA VAF,Gene of Interest,IC50 MT class1,IC50 MT class2,IC50 WT class1,IC50 WT class2,MHCflurry MT IC50 Score,MHCflurry MT Percentile,MHCflurry WT IC50 Score,MHCflurry WT Percentile,MHCflurryEL Presentation MT Percentile,MHCflurryEL Presentation MT Score,MHCflurryEL Presentation WT Percentile,MHCflurryEL Presentation WT Score,MHCflurryEL Processing MT Score,MHCflurryEL Processing WT Score,MHCnuggetsI MT IC50 Score,MHCnuggetsI MT Percentile,MHCnuggetsI WT IC50 Score,MHCnuggetsI WT Percentile,Median Fold Change,NetMHC MT IC50 Score,NetMHC MT Percentile,NetMHC WT IC50 Score,NetMHC WT Percentile,NetMHCcons MT IC50 Score,NetMHCcons MT Percentile,NetMHCcons WT IC50 Score,NetMHCcons WT Percentile,NetMHCpan MT IC50 Score,NetMHCpan MT Percentile,NetMHCpan WT IC50 Score,NetMHCpan WT Percentile,NetMHCpanEL MT IC50 Score,NetMHCpanEL MT Percentile,NetMHCpanEL WT IC50 Score,NetMHCpanEL WT Percentile,Num Passing Peptides,Peptide Length,PickPocket MT IC50 Score,PickPocket MT Percentile,PickPocket WT IC50 Score,PickPocket WT Percentile,Pos,Prob Pos,Prob match,RNA Depth,RNA Expr,RNA VAF,Ref Match,SMM MT IC50 Score,SMM MT Percentile,SMM WT IC50 Score,SMM WT Percentile,SMMPMBEC MT IC50 Score,SMMPMBEC MT Percentile,SMMPMBEC WT IC50 Score,SMMPMBEC WT Percentile,TSL,Variant Type,cysteine_count
chr1-193141889-193141890-A-G,TWJF-5120-17,Pending,2.0,1.5,2.35,1.1,36.973,32.977,0.09,2.0,1.0,32.977,0.09,0.273,0.0,131.891,27.075,123.458,25.33,44.58039900271067,0.098125,47.36476727050919,0.13,0.2760326086956439,0.8013716655199831,0.2603804347826042,0.8109516477427674,0.2146584428846836,0.2486213073134422,184.35,17.59,148.87,15.61,0.936,3098.83,1.8,2131.5,1.4,177.2,2.2,324.79,3.3,74.66,0.17,79.93,0.18,0.442852,0.09,0.435203,0.09,2.0,9.0,5560.0550744656075,15.0,5743.4917749851775,16.0,4.0,0.0,0.0,1081.0,62.139,0.595,0.0,32.97691311433545,50.0,32.97691311433545,50.0,86.58247576500925,95.0,98.04602700613025,97.0,1.0,3.0,0.0
chr2-178072297-178072298-C-T,TWJF-5120-17,Pending,0.32,3.06,16.5,5.45,0.073,46.57,0.06,2.0,540.106,25152.75,10.0,0.259,0.0,155.523,139.26,24384.726,323.08,51.6378497128919,0.124625,23616.701699517384,5.409499999999998,0.2070652173912748,0.8449294874242437,46.22467391304348,0.0050098847621161,0.3399321287870407,0.0469205044209957,293.99,0.74,32207.67,21.72,156.792,196.75,0.33,27816.33,30.0,46.57,0.31,25152.75,21.0,98.01,0.16,31186.27,20.0,0.897279,0.06,0.000507,10.0,2.0,10.0,405.4416423251884,0.7,6903.327759871985,13.0,2.0,0.0,0.0,6.0,0.22,0.333,0.0,114.2957284755078,0.4,1725.957112765993,4.8,238.5173634241036,0.7,3376.9139954760913,8.7,1.0,3.0,0.0
chr2-8877112-8877113-C-T,TWJF-5120-17,Pending,0.435,0.56,0.46,0.6,77.904,11.148,0.03,2.0,0.859,9.577,0.06,0.13,0.0,116.115,18.36,141.161,19.11,47.20068733759566,0.1245,52.58211775602086,0.184625,0.0557608695652334,0.9439514184958684,0.0717391304347785,0.9331601574098264,0.634214736521244,0.6108397729694843,3837.88,64.41,7419.56,79.53,1.216,273.91,0.37,336.13,0.42,185.03,2.2,229.74,2.6,36.42,0.09,48.02,0.11,0.650732,0.03,0.52111,0.06,3.0,9.0,1085.26206538749,0.5,1085.26206538749,0.5,5.0,0.0,0.0,2064.0,202.874,0.384,0.0,11.148334730576694,13.0,9.576570275833587,9.2,22.72113384346713,30.0,12.895256941625332,15.0,1.0,3.0,0.0
chr9-95456340-95456341-C-T,TWJF-5120-17,Pending,0.155,0.82,0.405,0.75,5.467,7.65,0.004,2.0,2.18,16.68,0.015,0.182,0.0,24.209,30.86,31.27,28.55,34.50509516818348,0.019875,35.8135846014038,0.027625,0.0037228260869568,0.9841317806342488,0.0153804347826422,0.9731693383814252,0.9166405946016312,0.7752453535795212,50.76,7.720000000000001,31.67,5.23,1.292,90.77,0.17,195.58,0.3,13.79,0.14,30.87,0.51,7.65,0.02,16.68,0.04,0.80595,0.01,0.71805,0.02,6.0,9.0,1709.5876151371574,1.3,5805.9724867553105,16.0,3.0,0.0,0.0,110.0,22.313,0.245,0.0,12.508637302442551,14.0,15.89315064792913,19.0,13.913295209478097,16.0,18.08964316155974,23.0,1.0,3.0,0.0
chr12-6567825-6567826-AG-A,TWJF-5120-17,Pending,0.29,4.96,2.9,28.33,6.481,33.12,0.148,2.0,150.66,4989.87,2.438,0.095,0.0,87.646,100.28,3194.69,1099.48,62.41210142913493,0.184875,13274.219438536256,2.4378749999999973,0.1480163043478342,0.883690516525993,2.489130434782524,0.1263747322315761,0.4859286658465862,0.8378168940544128,1112.27,1.4500000000000002,13932.21,6.29,36.45,192.46,0.33,3152.47,2.9,33.12,0.22,4989.87,3.0,86.06,0.15,2350.72,1.3,0.492921,0.28,0.038473,1.5,2.0,10.0,432.6355196637657,0.8,3236.909768355534,5.7,9.0,9.0,1.0,797.0,62.921,0.103,0.0,69.02874855635787,0.3,1016.3188952681016,2.9,89.23187114369057,0.3,2463.3152754837974,6.5,1.0,0.0,1.0
chr12-14461079-14461080-C-T,TWJF-5120-17,Pending,0.872,0.69,4.689,0.69,21.351,3.38,0.06,2.0,1.592,5.38,0.36,0.114,0.0,197.044,26.43,2259.855,26.32,171.68772253064205,1.2333750000000006,2018.310142114765,4.577375000000001,0.2053804347825973,0.8467045509059957,1.256114130434682,0.3318093612780274,0.6736160628497601,0.669304646551609,3.38,0.06,5.38,0.36,11.469,271.03,0.37,9674.93,4.8,222.4,2.6,5071.52,19.0,320.88,0.51,2501.4,2.2,0.169158,0.34,0.018339,1.8,4.0,9.0,9245.505976249102,29.0,10081.437073887206,32.0,9.0,0.0,0.0,1452.0,127.851,0.167,0.0,11.097112785264216,13.0,11.67373955961419,13.0,29.270490487806217,42.0,22.93136990645383,30.0,1.0,3.0,0.0
chr1-180024467-180024482-TGATCCTTCCTCTGTG-T,TWJF-5120-17,Pending,0.87,10.01,15.3,21.59,19.152,10.8,0.07,2.0,4.699,50.749,0.59,0.197,0.0,174.12,225.44,1269.1,689.23,48.4161926244171,0.141625,122.52755176384964,0.8906250000000001,0.2603804347826042,0.810968845336216,0.726657608695561,0.5451003611332262,0.2546806931495666,0.1491103172302246,257.33,20.96,1346.75,43.77,7.289,364.35,0.44,14722.34,7.6,265.87,2.9,7247.76,23.0,90.91,0.19,1191.45,1.3,0.51316,0.07,0.092006,0.59,1.0,9.0,1728.185404637339,1.3,11604.035633311569,37.0,4.0,0.0,0.0,817.0,84.002,0.228,1.0,15.247898768401091,18.0,44.68996350456743,68.0,10.800155289161165,12.0,50.74929342398287,74.0,1.0,1.0,0.0
chr10-97469653-97469654-G-A,TWJF-5120-17,Pending,1.5,0.75,1.204,0.67,21.049,164.9,0.39,2.0,1.348,222.31,0.44,0.112,0.0,282.42,36.815,340.7,32.07,273.1850117195277,1.1900000000000002,277.35827339219486,1.2037500000000003,1.3658152173912157,0.2996820768507698,0.8628804347825252,0.4806114634489143,0.0782080627977848,0.3003439977765083,994.07,6.69,3872.09,13.8,1.206,282.42,0.8447317029710253,340.7,0.894683503012351,164.9,2.0,222.31,2.3,282.42,0.39,340.7,0.44,0.024035,1.5,0.093628,0.68,2.0,9.0,1989.193095131647,5.9,1785.2014996700302,4.9,5.0,5.0,1.0,813.0,60.486,0.348,0.0,282.42,8.209423237861788,340.7,7.7464169467632145,282.42,8.58928456544092,340.7,8.289747224670847,1.0,3.0,1.0
chr16-372206-372207-A-G,TWJF-5120-17,Pending,1.409,0.11,1.255,0.22,41.494,332.7,0.245,2.0,2.022,672.65,0.176,0.146,0.0,366.216,7.9,672.65,11.2,366.21630179410647,1.40875,300.8406551485477,1.2550000000000003,0.2445652173912833,0.8212797462715344,0.1761413043477944,0.8657163520592064,0.829603273421526,0.8713063076138496,1251.59,7.61,1927.77,9.58,1.837,366.216,0.4592449334507638,672.65,0.18537016124477468,363.36,3.0,594.95,3.7,332.7,0.43,672.65,0.65,0.114228,0.58,0.133802,0.49,8.0,9.0,1746.9855106325765,4.8,2240.6066112583476,7.0,7.0,0.0,0.0,1690.0,173.615,0.239,0.0,366.216,7.65855468764562,672.65,9.014551017206587,366.216,7.938095840462614,672.65,9.29796467425512,1.0,3.0,0.0
chr19-54162730-54162731-G-T,TWJF-5120-17,Pending,0.25,1.07,0.21,1.03,4.607,35.3,0.03,2.0,1.944,68.64,0.04,0.079,0.0,112.269,27.59,72.055,26.95,67.66710815488081,0.104125,64.73403848322852,0.096625,0.4509782608695616,0.6918320780762913,0.2760326086956439,0.8009566733805799,0.1635468229651451,0.3163231089711189,156.87,0.31,75.47,0.21,0.642,35.3,0.11,68.64,0.18,42.02,0.19,55.38,0.21,39.51,0.03,44.98,0.04,0.718452,0.07,0.726456,0.07,6.0,9.0,277.6287273290855,0.4,223.60679774997897,0.3,7.0,0.0,0.0,1095.0,59.06,0.078,1.0,428.58799299257856,1.0,498.93043853546226,1.1,309.4282776886716,0.7,404.1662082817183,0.9,1.0,3.0,0.0
chr9-128818741-128818742-G-C,TWJF-5120-17,Pending,0.583,1.31,3.1,2.18,7.618,62.359,0.25,2.0,4.922,306.95,1.7,0.156,0.0,150.82,49.32,2469.769,88.99,62.358792788363786,0.262125,306.9499233656508,1.2701250000000002,0.5828532608695269,0.6174333973463962,1.6274184782607648,0.2372744819643192,0.0478401444852352,0.0200780890882015,101.6,1.15,1459.75,8.24,16.376,150.82,-0.338806984735593,2469.769,0.8892500004453654,518.91,3.5,3963.91,9.9,150.82,0.25,2733.14,1.7,0.15403,0.44,0.005418,3.1,2.0,9.0,1158.0530182780362,2.3,2469.769045352091,7.9,9.0,0.0,0.0,139.0,22.08,0.345,0.0,150.82,5.078109463658255,2469.769,8.875120692451206,150.82,5.4516278653175885,2469.769,9.655963496947317,1.0,3.0,0.0
chr2-112021543-112021544-G-A,TWJF-5120-17,Pending,0.135,4.3,0.14,4.7,1.739,15.3,0.04,2.0,1.022,15.63,0.06,0.126,0.0,66.841,149.13,69.044,185.74,51.54162425749235,0.04475,49.97422694396162,0.038375,0.265271739130398,0.8087002025047711,0.2793206521738796,0.7995673772864148,0.267690971493721,0.2428214959800243,16.43,0.0699999999999999,21.42,0.09,1.033,15.3,0.05,15.63,0.05,37.31,0.19,45.82,0.19,93.32,0.08,115.52,0.09,0.823043,0.04,0.775993,0.06,2.0,9.0,260.17800677216036,0.4,306.0237497348042,0.4,3.0,0.0,0.0,413.0,42.408,0.041,0.0,92.47833457096996,0.2,88.11300243451608,0.2,82.14100269848596,0.2,88.42193201759454,0.2,1.0,3.0,0.0
chr7-100894107-100894108-G-A,TWJF-5120-17,Pending,0.278,1.5,2.05,3.8,1.498,22.48,0.05,2.0,83.757,1882.85,1.1,0.062,0.0,60.426,23.935,1832.881,95.53,42.07041995898685,0.0565,256.1461706049107,0.5346249999999994,0.2252989130434741,0.8338127960957814,1.1369021739128868,0.3709621637270795,0.2603648714721203,0.1511745229363441,230.36,0.65,2439.99,2.14,30.333,43.56,0.11,1950.95,2.1,29.41,0.33,1610.82,2.0,22.48,0.05,1882.85,1.1,0.910116,0.06,0.098103,0.98,4.0,9.0,89.13998400042847,0.4,618.2842486218158,2.5,9.0,0.0,0.0,144.0,10.776,0.139,0.0,84.70323552770208,0.7,2522.89978645071,4.9,77.29119108796432,0.6,1782.9123775498736,4.1,1.0,3.0,0.0
chr12-120516665-120516666-C-T,TWJF-5120-17,Pending,0.31,21.47,0.227,25.36,4.308,39.556,0.034,2.0,0.961,37.996,0.023,0.111,0.0,129.402,682.92,112.336,905.37,39.55594828992973,0.034,37.995721622321504,0.023,0.0794021739130386,0.9287948657845848,0.2334510869565207,0.8281425982567017,0.5134832598268986,0.2209862186573445,302.75,0.75,152.36,0.5,0.868,220.75,0.35,299.21,0.45,63.74,0.32,32.77,0.22,118.03,0.19,109.72,0.18,0.920066,0.06,0.919188,0.06,2.0,10.0,243.82417431786635,0.4,154.7818460245322,0.2,7.0,0.0,0.0,616.0,29.109,0.148,0.0,89.7490788826858,0.3,89.7490788826858,0.3,140.77320553264656,0.5,114.95291799759902,0.4,1.0,3.0,0.0
chr7-2432765-2432766-C-A,TWJF-5120-17,Pending,0.92,1.1,0.187,0.81,4.145,16.6,0.14,2.0,0.621,10.31,0.15,0.094,0.0,131.423,15.85,62.75,18.245,131.42251956768857,0.6971249999999998,48.80933277647416,0.1425,0.9274999999998812,0.4528001831558139,0.1871739130434804,0.858628899995234,0.063702967017889,0.3551536202430725,14104.78,30.1,8738.89,21.95,0.477,131.423,0.3493618374009083,62.75,-0.7539806629558814,16.6,0.18,10.31,0.06,60.26,0.14,62.75,0.15,0.05747,0.92,0.16718,0.41,1.0,10.0,2365.159660107549,1.3,1728.185404637339,0.6,4.0,0.0,0.0,543.0,24.526,0.169,0.0,131.423,7.5908822182400995,62.75,7.853206268727809,131.423,7.8152921465737615,62.75,7.151796497905336,1.0,3.0,0.0
chr3-45762937-45762938-C-T,TWJF-5120-17,Pending,0.84,8.73,2.251,12.81,1.223,125.037,0.27,2.0,5.463,683.038,1.6,0.134,0.0,190.47,677.52,2379.2,1289.76,125.03703670706987,0.6646249999999998,683.0378061591011,1.920625,0.8399184782607563,0.4911548204295902,2.2514130434781947,0.1471871801506782,0.0935486890375614,0.0731563232839107,3147.4,12.4,2715.98,11.45,12.491,190.47,-0.7786955828848849,2379.2,-0.4873062177480847,190.47,2.2,1453.57,6.2,168.5,0.27,2379.2,1.6,0.19572,0.35,0.013678,2.0,6.0,9.0,2416.898449635213,7.7,4676.226873485467,19.0,9.0,0.0,0.0,52.0,4.893,0.25,0.0,190.47,6.752432037954379,2379.2,13.478561801181593,190.47,7.779337097993436,2379.2,14.840310628158674,1.0,3.0,0.0
chr20-34854543-34854544-C-G,TWJF-5120-17,Pending,2.5,3.56,3.35,8.03,2.204,46.581,0.375,2.0,0.154,7.181,1.021,0.102,0.0,327.425,71.7,1842.275,171.39,117.92371462231227,0.8566250000000001,530.9203339829766,2.4880000000000013,0.3752989130434798,0.7395698141399032,1.0214402173911594,0.4141917219943845,0.3824652284383774,0.4025536440312862,2042.45,51.39,2756.87,57.32000000000001,5.627,3819.95,2.1,3221.15,1.9,276.13,2.9,927.68,6.5,378.72,0.57,4981.78,3.8,0.086584,0.62,0.008572,2.8,3.0,9.0,10527.332102653643,34.0,4883.053172255114,13.0,3.0,0.0,0.0,392.0,19.165,0.115,0.0,46.581127879761326,70.0,7.181414595112938,4.4,57.07290780991816,79.0,6.243527084032026,2.9,1.0,3.0,0.0
chr2-171392100-171392101-C-A,TWJF-5120-17,Pending,0.447,2.68,0.449,0.85,8.099,35.64,0.077,2.0,1.228,43.76,0.081,0.222,0.0,50.08,116.45,62.25,31.97,40.99373616294727,0.076625,41.18565300842617,0.080625,0.4474999999999767,0.6943394319707165,0.449130434782603,0.6931465996623926,0.0292847901582717,0.0289802774786949,438.76,4.07,605.89,5.0,1.243,50.08,0.19985232849791304,62.25,0.4082135766557362,35.64,0.63,43.76,0.78,50.08,0.12,62.25,0.15,0.355608,0.2,0.259613,0.27,3.0,9.0,727.2315846854273,1.0,759.396537558375,1.0,7.0,0.0,0.0,141.0,21.948,0.369,0.0,50.08,6.20049378847889,62.25,6.1004782212842015,50.08,6.030359797942166,62.25,5.930603448902374,2.0,3.0,0.0
chr7-139284008-139284009-C-T,TWJF-5120-17,Pending,1.15,0.15,5.425,0.06,3.535,7.68,0.03,2.0,2.789,21.42,0.41,0.071,0.0,33.142,8.95,609.625,5.89,500.95658669113607,2.4081250000000014,5957.113961438459,7.92975,0.7355706521738057,0.5410239233290237,3.1588586956520857,0.0899857608338658,0.5310680605471134,0.5103292688727379,7.68,0.8,21.42,3.55,18.394,14.97,0.03,322.85,0.41,96.15,1.5,4196.68,18.0,47.74,0.11,896.4,1.0,0.192885,0.31,0.009582,2.7,4.0,9.0,6195.392041023354,18.0,6755.547524396056,20.0,9.0,0.0,0.0,316.0,27.837,0.127,1.0,18.54428102140239,23.0,19.50787661197889,25.0,10.925215193331804,12.0,8.559137436055927,7.3,2.0,3.0,0.0
chr17-7174045-7174046-C-T,TWJF-5120-17,Pending,0.425,3.54,0.877,7.0,0.74,5.34,0.02,2.0,0.869,4.64,0.02,0.163,0.0,19.347,71.55,23.046,145.61,79.46468496647839,0.490125,111.90757576414674,0.80525,0.7513858695650981,0.5335012214422247,0.9495108695650742,0.4433444832579444,0.0170332826673984,0.0087655298411846,5.34,0.35,4.64,0.2299999999999999,1.191,7.82,0.02,10.92,0.02,11.6,0.1,22.19,0.31,27.58,0.07,93.69,0.19,0.164357,0.36,0.041536,1.1,3.0,9.0,3033.4495271226524,4.7,4106.841418464271,8.3,7.0,0.0,0.0,294.0,15.426,0.048,0.0,15.283048805249964,18.0,15.567181896238376,18.0,23.41154095300481,31.0,23.901766533361943,32.0,1.0,3.0,0.0
chr14-96329548-96329549-G-C,TWJF-5120-17,Pending,0.511,0.07,0.406,0.16,2.338,75.574,0.19,2.0,0.877,66.283,0.15,0.064,0.0,110.39,111.74,127.61,155.6,75.57354940582036,0.3623749999999998,66.28340219075986,0.29575,0.5110326086956007,0.658579628085621,0.4060597826086933,0.7190013619594473,0.1510014981031417,0.1948475912213325,110.39,1.27,127.61,1.49,1.156,110.39,0.3521010617861102,127.61,0.4554376353500482,304.6,2.7,147.39,1.9,87.04,0.19,65.71,0.15,0.202114,0.34,0.253535,0.28,6.0,9.0,696.4290085710637,0.9,631.8094575737812,0.8,5.0,0.0,0.0,247.0,32.025,0.073,0.0,110.39,6.094142207616411,127.61,5.678212324001543,110.39,5.941122339166653,127.61,6.032279703613721,5.0,3.0,0.0
chr12-116277109-116277110-C-G,TWJF-5120-17,Pending,0.786,0.32,0.623,0.32,46.124,25.31,0.3,2.0,0.778,19.7,0.2,0.152,0.0,1062.03,14.51,995.274,14.7,86.95249530508731,0.4462499999999997,63.4467242345768,0.272,0.7859510869564019,0.5173923024711826,0.6232880434781833,0.5958189988611873,0.0234945900738239,0.0269833877682685,1267.79,7.66,1125.51,7.17,0.937,1062.03,1.8496582788189242,995.274,1.4666520064557913,25.31,0.36,19.7,0.26,1720.85,1.3,1004.18,0.86,0.030801,1.3,0.041247,1.2,1.0,11.0,1062.0297506032605,0.3,995.274467102104,0.2,5.0,0.0,0.0,1108.0,290.086,0.159,0.0,1062.03,5.7843737706329,995.274,4.3731526407765475,1062.03,6.555131389649165,995.274,5.539824301864947,1.0,3.0,0.0
chr19-48750707-48750708-G-A,TWJF-5120-17,Pending,0.464,0.41,0.21,7.98,4.33,18.97,0.11,2.0,0.828,15.7,0.09,0.418,0.0,228.44,237.37,148.851,1587.39,249.5826018415148,0.5284999999999994,53.59128178530478,0.135375,1.482146739130343,0.2693010410448365,0.4295380434782458,0.704801758483287,0.0111866928637027,0.1169227547943592,469.33,0.95,924.95,1.32,0.652,475.96,0.67,585.22,0.8,18.97,0.11,15.7,0.09,118.93,0.19,152.65,0.22,0.376748,0.4,0.763072,0.13,5.0,11.0,207.29661580797057,0.3,145.05282854048255,0.2,1.0,0.0,0.0,195.0,5.413,0.8,0.0,228.44,5.640053560458637,148.851,5.4121058815203105,228.44,5.601945002992463,148.851,5.675501128365636,6.0,3.0,0.0
chr6-24588771-24588772-G-T,TWJF-5120-17,Pending,0.235,0.81,0.245,4.59,0.142,21.84,0.115,2.0,1.369,29.89,0.045,0.14,0.0,96.726,30.68,97.074,249.83,83.50949365374525,0.2696249999999999,46.8283404470727,0.09125,0.1149184782608756,0.9047312762851144,0.0451630434782828,0.9513564554022912,0.6289260499179363,0.6742983050644398,118.26,0.42,100.6,0.38,1.004,104.9,0.2,170.48,0.3,21.84,0.13,29.89,0.19,66.35,0.12,48.91,0.1,0.72698,0.14,0.907646,0.06,4.0,10.0,176.2412896328162,0.3,174.34467692156656,0.3,7.0,0.0,0.0,18.0,0.641,0.222,0.0,93.3318769946879,0.4,93.54702919141788,0.4,100.11980613511568,0.4,117.6305154291672,0.5,1.0,3.0,0.0
chr12-25245349-25245350-C-T,TWJF-5120-17,Pending,4.47,1.97,5.5,2.82,15.606,0.829,0.1,2.0,4.808,3.985,1.0,0.405,1.0,858.587,118.33,1848.676,153.65,871.002435015874,3.140750000000001,362.1376655896876,2.0440000000000005,2.778451086956437,0.1080618100838261,1.8393206521738392,0.1993181881190697,0.0398823022842407,0.0024763643741607,235.79,20.06,1004.28,38.91,2.153,11622.88,5.8,23585.52,16.0,15795.37,38.0,18279.56,43.0,16959.99,15.0,16022.05,14.0,0.00176,6.3,0.001299,7.3,1.0,9.0,846.1713421466491,0.3,2693.0728595832916,3.7,3.0,0.0,0.0,904.0,26.677,0.585,0.0,1.6300840576252338,0.2,5.959502413593745,2.7,0.8287623248029642,0.1,3.985015362779395,1.0,1.0,3.0,0.0
chr5-141209696-141209697-G-A,TWJF-5120-17,Pending,5.775,0.81,3.2,0.5,8.749,41.28,1.549,2.0,0.443,18.3,0.684,0.144,0.0,928.454,30.57,901.515,20.15,594.1485217529687,2.6193750000000016,505.65009867403694,2.4222500000000013,1.548505434782527,0.2547067211144219,0.6837228260868784,0.5662435944671896,0.2279677912592888,0.5624784976243973,41.28,6.550000000000001,18.3,2.98,0.971,4306.8,2.3,3065.85,1.8,1262.76,7.9,1297.38,8.0,5192.84,3.9,3714.19,3.0,0.002851,5.0,0.006314,3.4,1.0,9.0,13070.666201741768,42.0,10757.621596058185,34.0,9.0,0.0,0.0,194.0,21.235,0.412,0.0,44.79298451013807,69.0,23.131830429585623,30.0,55.00852500981435,77.0,27.19130178773385,38.0,6.0,3.0,0.0
chr3-89399420-89399421-G-T,TWJF-5120-17,Pending,0.33,1.71,6.491,0.97,0.817,11.98,0.07,2.0,72.962,874.09,5.3,0.107,0.0,137.945,38.48,4094.43,25.81,83.02962025318963,0.536875,4503.174113828411,6.782250000000001,0.167038043478243,0.8708900093113066,3.1845108695651163,0.0887919561296291,0.5306585282087326,0.4293671287596226,46.08,7.16,125.47,14.16,29.682,1359.64,0.93,20832.83,13.0,11.98,0.07,874.09,5.3,192.86,0.36,15467.6,13.0,0.337179,0.14,0.001816,6.2,3.0,8.0,2010.8325794908649,0.3,3685.6851539916497,0.7,8.0,0.0,0.0,89.0,6.053,0.135,0.0,137.945,6.404714756525795,4094.43,17.742366792358887,137.945,4.496403075472485,4094.43,14.659842232825207,1.0,3.0,0.0
chr5-102867327-102867328-G-A,TWJF-5120-17,Pending,6.0,0.36,5.85,0.82,16.666,51.905,2.0,2.0,1.0,51.905,2.1,0.125,0.0,1243.435,221.05,1280.664,343.23,1153.9190198703534,3.5645000000000016,1305.378129881456,3.7607500000000016,3.2661956521738205,0.0853731495318221,3.679429347826016,0.073977919774633,0.0433942787349224,0.0332614965736866,68.34,9.56,94.93,11.92,1.03,3423.54,2.0,3734.42,2.1,1332.95,8.2,1255.95,7.9,5007.72,3.8,5071.85,3.8,0.006737,3.2,0.006375,3.3,1.0,9.0,11730.270410722256,38.0,12382.344244718724,40.0,6.0,0.0,0.0,1139.0,71.838,0.232,0.0,51.90509616495534,75.0,51.90509616495534,75.0,64.33243649987924,84.0,85.00216748387557,94.0,1.0,3.0,0.0
chr17-4017917-4017918-C-T,TWJF-5120-17,Pending,1.2,6.5,1.5,6.06,17.287,94.62,0.4,2.0,1.822,172.36,0.4,0.127,0.0,1318.609,106.52,1661.71,121.7,1138.5849193297493,2.41875,9595.794988882111,7.568375,3.3897826086955547,0.0813490407893552,17.305597826086952,0.013941310536076,0.0248344019055366,0.091472677886486,5589.06,16.88,12490.54,27.63,1.26,1318.609,2.3137263380483946,1661.71,2.442489792667142,94.62,0.9,172.36,1.5,1566.85,1.2,1661.71,1.3,0.096973,0.66,0.096813,0.67,1.0,11.0,1318.6091434272448,0.4,1249.169100192773,0.4,4.0,0.0,0.0,533.0,82.321,0.21,0.0,1318.609,6.135070824931571,1661.71,4.248063768846397,1318.609,6.696904210425488,1661.71,4.502754322240815,1.0,3.0,0.0
chr19-45361624-45361625-A-T,TWJF-5120-17,Pending,0.817,10.77,0.835,6.28,5.37,214.14,0.46,2.0,1.183,253.23,0.46,0.071,0.0,743.792,247.82,881.821,128.86,920.5672241432466,0.8337499999999988,1177.9181326622183,0.8976249999999989,2.378505434782525,0.1353394818650792,2.356766304347744,0.1374674099080527,0.1274716891348362,0.2002549543976783,313.55,0.76,326.81,0.7799999999999999,1.186,4406.74,3.7,6336.54,4.8,214.14,0.77,253.23,0.83,1484.54,0.88,1404.46,0.84,0.316234,0.46,0.31854,0.46,5.0,11.0,567.0174473895294,0.8,585.7244221034721,0.8,4.0,0.0,0.0,327.0,30.862,0.174,0.0,743.792,6.009931010345454,881.821,8.16626682421552,743.792,6.049723274002724,881.821,7.476339888910102,1.0,3.0,0.0
chr17-63824390-63824391-G-A,TWJF-5120-17,Pending,8.15,0.31,14.0,0.18,15.927,25.8,0.821,2.0,28.812,743.35,0.604,0.117,0.0,1451.958,14.755,1344.98,23.455,711.2750734202609,2.853375000000001,521.3122989636257,2.4606250000000007,0.8208423913042395,0.5000037623464694,0.6037771739130022,0.605935750635968,0.5808253139257431,0.6171258017420769,25.8,4.3,743.35,34.33,0.926,20785.32,13.0,23327.66,16.0,2192.64,12.0,1946.61,12.0,4100.14,3.2,4405.4,3.4,0.016669,1.9,0.0141,2.1,1.0,9.0,25017.040063580014,69.0,22451.54457257587,65.0,7.0,0.0,0.0,969.0,52.048,0.306,0.0,168.73687432796407,100.0,169.90650246389404,100.0,147.37709780131004,100.0,143.36066273453076,100.0,1.0,3.0,0.0
chr11-65547724-65547725-C-G,TWJF-5120-17,Pending,9.0,15.59,21.596,6.23,43.584,9.256,1.767,2.0,1.644,15.221,15.237,0.153,0.0,4188.534,414.17,12250.185,127.82,1473.7407802469734,3.9648750000000015,14309.26187182386,15.236875,1.767119565217314,0.2121474456647782,22.19230978260869,0.0101369706632434,0.4099967181682586,0.1100184619426727,294.64,22.44,535.15,29.71,2.925,17304.38,9.4,30382.91,24.0,10414.04,29.0,17038.15,41.0,7188.95,5.2,15803.91,13.0,0.00296,4.9,0.000238,15.0,0.0,9.0,6903.327759871985,20.0,10191.108226684144,32.0,4.0,0.0,0.0,1973.0,177.169,0.246,0.0,16.91258529958107,21.0,16.91258529958107,21.0,9.256141817176069,8.6,15.2205378702316,18.0,1.0,3.0,0.0
chr6-115967622-115967623-C-G,TWJF-5120-17,Pending,0.866,3.3,0.963,6.5,1.617,219.41,0.52,2.0,0.367,80.51,0.83,0.12,0.0,602.177,47.94,569.26,98.465,1000.359977750424,0.8526249999999989,1803.3676537458848,1.0267499999999985,1.3243206521738389,0.312084760791345,2.5574999999999197,0.1211933647276031,0.4510618150234222,0.2762880362570286,219.41,0.63,80.51,0.32,0.945,576.99,0.79,426.86,0.62,506.12,1.3,711.66,1.4,654.61,0.52,1390.36,0.83,0.116885,0.88,0.071246,1.2,1.0,10.0,427.97973197836103,0.8,855.3764372017306,1.5,1.0,0.0,0.0,572.0,3.44,0.47,0.0,907.883242364758,2.6,302.7122527095363,0.9,627.3645865256992,1.8,266.39127716590076,0.8,1.0,3.0,0.0
chr9-109255810-109255811-C-G,TWJF-5120-17,Pending,3.05,4.7,3.795,16.1,5.77,5.096,0.97,2.0,1.0,5.096,0.85,0.157,0.0,1822.5,94.77,1212.49,434.89,7105.239592284783,8.804625000000003,4861.508048196024,7.060125000000001,11.6303260869565,0.0208872898265047,9.15535326086956,0.0260304071636134,0.1252388730645179,0.0847594030201435,12.91,1.91,23.33,3.89,0.665,1452.36,0.97,1175.81,0.85,2192.64,12.0,1249.17,7.9,3092.37,2.6,2228.16,2.0,0.017776,1.9,0.028287,1.4,1.0,9.0,6610.930835365694,19.0,5500.220791866743,15.0,4.0,0.0,0.0,443.0,13.054,0.442,0.0,5.09577213921994,1.9,5.09577213921994,1.9,6.720939716316199,3.5,6.84589131467056,3.7,1.0,3.0,0.0
chr15-73927413-73927414-G-T,TWJF-5120-17,Pending,3.838,0.84,4.993,33.32,2.23,17.71,0.1,2.0,0.962,17.03,0.27,0.137,0.0,969.265,31.49,1318.23,6473.57,1749.454903565616,4.286875000000002,2441.0324614772867,5.016750000000001,3.3897826086955547,0.0814940124267043,4.968641304347784,0.0513342531440676,0.1433015465736389,0.094997689127922,2348.73,54.11,2075.54,51.690000000000005,1.36,45.03,0.1,171.19,0.27,317.83,3.2,560.92,4.7,1620.7,1.6,2272.47,2.0,0.014229,2.1,0.011628,2.4,2.0,9.0,8758.623007239306,28.0,8571.126278780523,27.0,8.0,8.0,1.0,165.0,9.214,0.242,0.0,17.709650888537315,22.0,17.029817740305663,21.0,20.296913459007353,26.0,19.653051852807735,25.0,1.0,3.0,1.0
chr7-73478096-73478097-C-T,TWJF-5120-17,Pending,12.095,7.3,15.675,7.08,25.151,2.88,0.4,2.0,1.469,4.231,1.3,0.135,0.0,5012.774,360.46,8180.445,348.66,7555.778211991976,9.189,12494.835122545148,13.34925,18.61798913043478,0.0127828851708538,31.64317934782608,0.0078672331182419,0.0010043084621429,0.0005028210580348,1847.63,49.46,6081.3,74.86,1.632,8908.87,4.4,10279.59,5.1,14485.65,36.0,15457.23,37.0,17617.23,15.0,21940.75,20.0,0.000199,16.0,0.000139,18.0,0.0,9.0,2469.769045352091,3.1,3066.448979894378,4.9,4.0,0.0,0.0,1492.0,86.728,0.29,0.0,8.245367174849484,6.5,8.245367174849484,6.5,2.880248771107695,0.4,4.230873106031547,1.3,1.0,3.0,0.0
chr8-95269178-95269179-T-C,TWJF-5120-17,Pending,1.82,3.03,1.9,1.73,0.166,290.62,0.5,2.0,0.948,275.53,0.5,0.186,0.0,415.756,763.39,614.42,530.77,415.756028618929,1.4996250000000002,208.23439069588747,0.9974999999999998,1.8201630434782032,0.2023867446500032,1.3243206521738389,0.3113675126379501,0.0457864142954349,0.019242063164711,347.07,3.45,614.42,5.050000000000001,1.478,415.756,1.3760366712778538,614.42,0.30829497930092153,290.62,2.0,275.53,1.9,3722.31,2.0,7036.2,3.2,0.020293,1.7,0.0108,2.3,3.0,8.0,1584.8879846730229,0.5,1534.2695396588344,0.5,4.0,0.0,0.0,35.0,0.341,0.486,0.0,415.756,7.156462045075457,614.42,6.419453694652588,415.756,5.924369994745672,614.42,5.924517804948789,1.0,3.0,0.0
chr2-218344509-218344510-C-A,TWJF-5120-17,Pending,1.1,0.4,1.3,0.52,4.624,103.396,0.546,2.0,1.298,134.246,0.712,0.076,0.0,1672.99,15.35,1249.169,17.66,103.39637796087712,0.5459999999999997,134.2464149413152,0.7123749999999998,0.7554076086955206,0.530744564319127,0.9867391304346428,0.4284224416353471,0.0861781239509582,0.0415791794657707,1816.62,9.29,3853.53,13.77,0.747,1672.99,2.6968132892936794,1249.169,2.323865828658558,509.32,3.1,379.22,2.5,2032.16,1.4,1816.41,1.3,0.044103,1.1,0.020034,1.7,0.0,10.0,1672.9903001725866,0.6,1249.169100192773,0.4,9.0,0.0,0.0,1158.0,46.243,0.1,0.0,1672.99,5.721356402061915,1249.169,4.618261521361628,1672.99,6.351091346675145,1249.169,4.8952093103861065,1.0,3.0,0.0
chr19-49835882-49835883-C-A,TWJF-5120-17,Pending,14.0,2.21,17.0,2.18,8.45,12.287,1.92,2.0,1.754,21.549,1.131,0.102,0.0,2848.42,90.24,6447.19,89.03,433.8665950920155,2.240625000000001,179.012129266072,1.2673750000000006,1.9201630434781836,0.1872164552284185,1.1307065217390004,0.3732996679104903,0.0301456786692142,0.0556363649666309,2580.22,55.97,8488.31,82.67,2.263,21922.24,14.0,23972.71,16.0,3116.62,15.0,4406.07,18.0,15738.22,13.0,14028.47,12.0,0.010369,2.5,0.019618,1.8,0.0,9.0,11857.878436159015,38.0,10301.972439723151,33.0,9.0,0.0,0.0,596.0,69.831,0.121,0.0,25.657243743416828,35.0,50.14296377420591,73.0,12.286551348079994,14.0,21.549142844275096,28.0,1.0,3.0,0.0
chr2-127713616-127713617-C-T,TWJF-5120-17,Pending,2.4,24.0,1.74,24.0,19.409,277.358,0.6,2.0,1.291,358.129,0.8,0.146,0.0,4787.445,694.75,3956.405,695.78,3765.775349766491,1.3301249999999991,7873.121124835016,1.9803749999999989,5.054048913043445,0.0506644509924085,17.305597826086952,0.0134956185187993,0.2101076245307922,0.0278386883437633,7588.17,3.53,1677.29,1.13,0.826,8728.07,5.0,7321.85,4.3,4883.05,3.3,4242.33,3.0,4691.84,1.5,3670.48,1.2,0.048624,1.3,0.039689,1.5,0.0,9.0,10757.621596058185,29.0,9865.62273093003,27.0,9.0,0.0,0.0,965.0,90.273,0.215,0.0,277.35755486365355,0.6,358.1294205222728,0.8,369.4536827451425,0.9,413.58044865136674,0.9,1.0,3.0,0.0
chr17-7673778-7673779-C-G,TWJF-5120-17,Pending,46.5,25.78,56.5,29.69,23.192,67.988,9.0,2.0,1.094,74.376,19.0,0.254,1.0,21219.744,931.67,25997.64,1198.5,11414.272223331152,12.4105,15894.95416521315,17.092624999999998,27.61739130434782,0.0087775202802651,37.35904891304347,0.0068354386079219,0.0068750344216823,0.0265522450208663,20566.3,98.83,23816.34,99.7,1.225,36215.43,36.0,40259.93,50.0,25702.97,57.0,28178.94,63.0,21873.19,20.0,35515.4,47.0,0.000789,9.0,0.000121,19.0,0.0,9.0,32787.64122076024,79.0,50000.0,91.0,1.0,0.0,0.0,732.0,40.405,0.574,0.0,73.48691229841795,90.0,73.14927060628177,90.0,67.98764530344823,87.0,74.3755174075562,90.0,1.0,3.0,0.0
chr16-23626353-23626354-C-G,TWJF-5120-17,Pending,2.15,10.56,4.05,7.27,11.806,239.692,0.125,2.0,2.629,630.159,0.243,0.268,0.0,4163.856,241.51,6559.237,152.17,239.69174011528983,0.1247500000000001,630.1591088216032,0.2432499999999995,0.1353532608695786,0.8909548053124439,0.7967119565216052,0.5123162240450161,0.8758879825472832,0.5615048408508301,10353.04,20.89,8193.9,6.52,1.575,9772.03,3.2,13812.78,5.1,7287.08,3.8,11172.82,5.8,5182.79,1.2,6620.02,1.4,0.06494,0.99,0.048221,1.2,0.0,9.0,645.6305357438321,1.2,1145.5906828097525,3.0,7.0,0.0,0.0,395.0,23.802,0.496,0.0,3144.9228791686683,3.7,6188.850616101399,6.7,2647.3416966110417,3.1,6498.453265535861,7.0,1.0,3.0,0.0
chr12-121509630-121509631-G-A,TWJF-5120-17,Pending,1.785,2.0,19.0,7.13,4.987,407.289,0.62,2.0,68.423,27867.912,12.0,0.16,0.0,2743.79,126.69,20122.53,485.25,407.2887824960444,0.6337499999999993,27867.912432993653,9.708749999999997,1.8842934782608007,0.193020196966081,62.74467391304348,0.0040437001213797,0.0234449133276939,0.0315329283475875,1836.39,1.87,19090.6,8.37,7.334,10015.34,6.9,24866.45,23.0,456.69,1.2,21154.46,20.0,3651.19,1.6,29710.95,18.0,0.207927,0.62,0.000346,12.0,0.0,8.0,1073.583066484683,1.7,13070.666201741768,21.0,8.0,0.0,0.0,218.0,29.336,0.17,0.0,18462.9035097478,32.0,18806.15451350324,32.0,4992.062338831661,13.0,6535.517772484552,14.0,1.0,3.0,0.0
chr1-158094803-158094804-A-T,TWJF-5120-17,Pending,5.462,4.5,5.493,7.1,1.962,8.132,0.58,2.0,1.009,8.207,0.49,0.079,0.0,1341.923,57.45,1159.21,71.885,2063.735118546179,4.623375,1938.368170822618,4.486375000000002,3.3897826086955547,0.0818642101412707,2.660624999999925,0.1150499145183026,0.1900539062917232,0.2794351801276207,112.91,13.29,130.31,14.47,0.864,620.11,0.58,444.15,0.49,2607.06,13.0,1874.27,10.0,4774.02,3.6,4376.56,3.4,0.007138,3.1,0.010211,2.6,3.0,9.0,7208.657199267612,21.0,5932.980398129033,17.0,7.0,0.0,0.0,382.0,12.114,0.162,0.0,8.13223649605102,6.3,8.207483153897636,6.5,9.515464645826992,9.0,9.714713562749289,9.4,1.0,3.0,0.0
chr19-56223700-56223701-C-T,TWJF-5120-17,Pending,5.1,9.53,12.5,6.83,4.375,20.711,1.2,2.0,0.776,16.077,5.4,0.4,0.0,2092.989,211.74,4217.804,141.52,605.8681732451166,2.6446250000000022,3605.104066493741,6.056250000000002,2.32364130434776,0.1407155194889341,7.558260869565203,0.0327068053014167,0.0253971330821514,0.069147627800703,148.35,15.58,119.3,13.74,2.015,6295.74,3.1,14881.86,7.7,7903.07,25.0,12315.54,32.0,3580.11,2.9,13806.51,12.0,0.035454,1.2,0.002439,5.4,0.0,9.0,3766.310953452029,7.1,4830.504415176101,13.0,9.0,0.0,0.0,136.0,8.496,0.515,1.0,20.71142592931891,27.0,16.07718465890252,19.0,31.076349707931392,46.0,21.848921282676613,28.0,1.0,3.0,0.0
chr2-96842085-96842086-G-C,TWJF-5120-17,Pending,2.741,2.5,4.9,6.5,1.911,1219.547,1.3,2.0,0.345,421.099,1.4,0.132,0.0,2032.95,33.55,4286.91,89.7,1219.546536474724,2.5073749999999992,421.09940151107713,1.506625,2.741494565217323,0.1098659674800223,1.7838858695651538,0.2084683376418679,0.1375412382185459,0.0598235353827476,37842.8,76.89,34903.03,69.26,2.109,2032.95,0.12162909871167504,4286.91,-3.0391744891473365,2032.95,7.2,4286.91,12.0,4230.1,2.2,11615.72,4.9,0.03401,1.3,0.029818,1.4,0.0,9.0,1276.4951611980568,2.9,3567.971061190687,14.0,3.0,0.0,0.0,202.0,11.044,0.173,0.0,2032.95,8.7429849191724,4286.91,14.596515118735129,2032.95,9.921545929847902,4286.91,15.19507402215709,1.0,3.0,0.0
chr4-125487567-125487568-G-C,TWJF-5120-17,Pending,2.65,0.66,19.0,1.12,1.039,11.599,0.421,2.0,2.6,30.16,1.761,0.184,1.0,1630.455,25.44,4931.769,41.66,76.75766856390854,0.461,343.9292599571783,1.9826250000000003,0.4212500000000005,0.7100593694394353,1.7611684782607997,0.2122928535051134,0.2227351740002632,0.0107549987733364,971.29,38.39,3180.69,60.33,3.025,2985.39,1.7,25202.32,18.0,5774.65,21.0,24747.82,55.0,3255.98,2.7,18271.07,16.0,0.095202,0.58,0.003347,4.6,0.0,9.0,2289.620754290416,2.6,6682.848003569165,20.0,2.0,0.0,0.0,35.0,2.273,0.457,0.0,18.205809747546333,23.0,46.26046565093872,70.0,11.59925243220039,13.0,30.159907137153883,44.0,1.0,3.0,0.0
chr17-40656540-40656541-C-A,TWJF-5120-17,Pending,14.15,1.08,16.135,0.85,0.052,70.018,1.421,2.0,1.0,70.018,1.195,0.159,0.0,1367.866,27.76,1390.736,23.6,280.3511731551919,1.7503750000000005,421.3726903896075,2.214750000000001,1.421494565217273,0.2849612428787764,1.19521739130424,0.3509324040649231,0.0652013719081878,0.2632840573787689,113.08,13.3,218.31,19.27,1.017,22600.21,15.0,19759.67,13.0,9195.62,27.0,8119.76,25.0,2455.38,2.2,2360.1,2.1,0.005412,3.6,0.009793,2.6,3.0,9.0,18679.434915124715,57.0,16404.99468020095,51.0,6.0,0.0,0.0,7.0,0.183,0.286,0.0,70.01804814387516,88.0,70.01804814387516,88.0,70.70172337828916,89.0,83.45070307953499,94.0,1.0,3.0,0.0
chr8-101689378-101689379-C-T,TWJF-5120-17,Pending,1.71,4.12,1.938,5.71,1.601,670.707,0.653,2.0,0.821,550.657,0.598,0.174,0.0,2775.31,82.7,3223.116,116.15,670.7071441382333,0.6526249999999992,550.6565270620079,0.5982499999999992,1.7204076086955808,0.2201012483756304,1.3767934782607796,0.2969828164099838,0.2071431651711464,0.2670046836137771,2516.64,1.46,1216.75,0.94,1.161,5200.04,3.3,8055.27,4.6,4454.0,3.1,6792.19,4.5,3033.98,0.93,4010.89,1.3,0.111295,0.73,0.073059,1.1,0.0,9.0,5099.027255984747,17.0,4830.504415176101,16.0,5.0,0.0,0.0,113.0,5.02,0.319,0.0,796.232682780423,1.7,1312.3207626621536,2.5,1484.4309476129754,2.8,2435.3422316747474,4.4,1.0,3.0,0.0
chr5-113434061-113434062-G-A,TWJF-5120-17,Pending,10.15,1.33,9.3,0.37,0.115,45.416,0.98,2.0,1.256,57.044,0.47,0.128,0.0,1973.395,31.82,2141.93,14.69,284.8929040374739,1.7603750000000005,95.574254155263,0.6607500000000002,1.3950543478260045,0.2915201202165802,0.6674456521738392,0.5735900196816967,0.0786494091153144,0.1135844402015209,1359.48,43.93,2880.75,58.220000000000006,1.085,12503.92,6.3,13031.97,6.6,2649.72,14.0,1999.98,12.0,2587.31,2.3,2283.88,2.1,0.046317,0.98,0.119255,0.47,0.0,9.0,5560.0550744656075,15.0,7775.837276083438,24.0,8.0,0.0,0.0,4.0,0.23,0.5,0.0,45.41611699595573,69.0,57.044003781592465,79.0,45.64886669923071,70.0,66.44005755567106,86.0,6.0,3.0,0.0
chr9-37020770-37020771-A-C,TWJF-5120-17,Pending,3.25,2.91,1.09,2.22,0.142,26.511,0.8,2.0,1.164,30.862,0.6,0.164,0.0,2051.811,59.49,557.68,47.23,354.6566406920644,2.0195000000000003,132.1274082658758,0.967375,1.2967934782607813,0.3199045763829294,0.7573369565215984,0.5297654843690811,0.1766007021069526,0.1523831449449062,16425.76,96.17,4901.7,69.86,0.272,7640.56,3.8,1498.07,0.98,3116.62,15.0,466.68,4.2,2696.57,2.4,648.68,0.81,0.009142,2.7,0.038357,1.2,1.0,9.0,1407.051206502568,0.8,1209.2729068825724,0.6,2.0,0.0,0.0,48.0,3.391,0.042,0.0,30.917900841696728,45.0,34.13579329156966,52.0,26.511237479086756,36.0,30.862421621287872,45.0,1.0,3.0,0.0
chr9-101429933-101429934-C-A,TWJF-5120-17,Pending,1.56,4.95,1.418,18.13,0.095,469.471,0.5,2.0,0.615,288.852,0.6,0.125,0.0,3119.23,100.06,4912.575,521.27,469.47076471962106,0.5577499999999992,288.8515639967632,0.4403749999999996,1.9201630434781836,0.1873305069104462,1.4358423913042344,0.2809436238666932,0.0520100370049476,0.067805029451847,1476.87,1.05,1322.77,0.98,1.575,4761.59,3.1,7132.08,4.2,1461.36,0.77,2693.07,1.4,8314.19,2.6,10947.61,3.6,0.055579,1.2,0.057561,1.2,0.0,11.0,792.984124177032,0.5,942.861739365281,0.6,1.0,0.0,0.0,19.0,0.906,0.105,0.0,9733.07343291034,25.0,14429.457388343157,36.0,6014.645010500441,16.0,11122.694272211547,28.0,6.0,3.0,0.0
chr7-14574331-14574332-A-C,TWJF-5120-17,Pending,0.14,15.0,0.23,16.0,0.0,10.41,0.013,2.0,2.421,25.2,0.029,0.121,0.0,36.726,334.15,40.829,428.43,35.94327708246684,0.013375,38.79131425769324,0.028625,0.1400543478261227,0.8884613210429971,0.1993750000000034,0.8501922415153529,0.3477929681539535,0.272911537438631,45.79,0.19,67.01,0.27,1.112,13.45,0.04,18.2,0.05,13.49,0.14,22.68,0.26,10.41,0.03,25.2,0.05,0.965235,0.02,0.956258,0.03,2.0,9.0,68.01399759106835,0.3,94.0951852953971,0.4,1.0,0.0,0.0,0.0,0.055,0.0,0.0,46.44083289410479,0.3,48.9666056610402,0.3,37.50852619882219,0.3,42.8676819625285,0.3,1.0,3.0,0.0
chr1-159440161-159440162-T-C,TWJF-5120-17,Pending,0.391,1.87,0.245,0.89,0.0,20.47,0.1,2.0,0.989,20.24,0.08,0.3,0.0,51.298,41.29,40.458,24.48,59.3261690360679,0.26,53.01778633841239,0.191125,0.392527173913038,0.7282452179634672,0.0978804347825956,0.9154451528011648,0.1774688810110092,0.5412401519715786,68.73,9.6,91.1,11.62,0.789,87.13,0.17,48.09,0.1,20.47,0.29,20.24,0.29,43.27,0.1,31.56,0.08,0.14657,0.39,0.277624,0.2,8.0,9.0,3766.310953452029,7.1,3685.6851539916497,6.8,7.0,0.0,0.0,0.0,0.007,0.0,1.0,32.078200680703986,48.0,32.82539796154011,49.0,24.57140555030995,33.0,25.90776803816227,35.0,6.0,3.0,0.0
chr2-1433544-1433545-C-T,TWJF-5120-17,Pending,0.101,1.5,0.15,5.9,0.0,11.92,0.02,2.0,2.427,28.93,0.07,0.157,0.0,52.147,16.04,72.678,42.75,61.35415190147772,0.08275,70.835127443552,0.115375,0.2525815217391169,0.8167913278769373,0.2025271739130403,0.8487486580003236,0.3305637910962105,0.4350365474820137,11.92,0.06,28.93,0.12,1.394,37.54,0.12,64.81,0.18,42.94,0.04,61.7,0.08,25.99,0.02,74.52,0.07,0.916948,0.02,0.827646,0.04,9.0,8.0,228.49828361491845,0.2,319.55896973281943,0.2,3.0,0.0,0.0,0.0,0.172,0.0,0.0,773.321349240404,5.2,607.2394804283056,4.7,486.6872847922109,4.3,387.4806325165351,3.7,1.0,3.0,0.0
chr19-6495809-6495810-G-A,TWJF-5120-17,Pending,0.178,0.04,17.306,0.06,0.0,46.26,0.051,2.0,239.215,11066.1,6.779,0.173,0.0,52.503,20.25,11066.1,23.78,52.50301960091503,0.178,8215.95790200683,6.778750000000001,0.0509510869565446,0.9478851514967526,17.305597826086952,0.0130464121221501,0.6851851753890514,0.0298441499471664,1649.2,8.81,10093.35,24.05,210.771,52.503,-1.3737889738170828,11066.1,6.806702412448198,48.22,0.82,11183.82,20.0,46.26,0.11,11066.1,4.7,0.55826,0.08,0.000721,7.1,2.0,9.0,2240.6066112583476,7.0,13070.666201741768,47.0,9.0,0.0,0.0,1.0,0.203,0.0,0.0,52.503,0.502314136987731,11066.1,28.793694483789693,52.503,1.5947645307348646,11066.1,33.8979550950195,1.0,3.0,0.0
chrX-8793679-8793680-G-A,TWJF-5120-17,Pending,0.17,0.23,0.155,1.08,0.0,17.4,0.05,2.0,1.654,28.78,0.08,0.206,0.0,59.991,11.9,74.339,27.75,47.78467896590523,0.098875,38.52187453955382,0.028625,0.2102445652173799,0.8434924266344276,0.0670652173913168,0.9359752916608104,0.3155534192919731,0.5384303517639637,93.6,0.36,120.19,0.43,1.239,39.7,0.1,47.18,0.12,17.4,0.11,28.78,0.19,27.62,0.05,36.51,0.08,0.728837,0.14,0.944688,0.04,3.0,10.0,94.0951852953971,0.2,101.49863269878648,0.2,5.0,0.0,0.0,0.0,0.01,0.0,0.0,109.4031936710816,0.4,260.633358292637,0.8,72.19714101837393,0.3,145.0507571109139,0.5,1.0,3.0,0.0
chr1-55007229-55007230-A-G,TWJF-5120-17,Pending,0.22,2.75,1.75,7.14,0.0,38.717,0.03,2.0,4.217,163.268,0.46,0.176,0.0,63.485,120.26,1820.828,491.03,43.61372740914359,0.066,118.18029730400606,0.3591249999999997,0.1168206521739136,0.903191033502876,0.8227717391303173,0.4987852782759931,0.4455744475126266,0.0866926833987236,82.52,0.33,11642.22,5.48,28.681,47.8,0.12,5467.17,4.3,48.11,0.52,2365.16,2.2,78.86,0.14,4700.17,1.9,0.949684,0.03,0.306499,0.46,1.0,9.0,548.9079394871815,2.3,1276.4951611980568,5.1,1.0,0.0,0.0,4.0,0.009,0.0,0.0,38.716848581879745,0.3,163.26759670752543,1.1,86.9220579413531,0.7,355.7377877816843,1.6,6.0,3.0,0.0
chr8-76852831-76852832-C-A,TWJF-5120-17,Pending,0.111,1.41,0.145,2.26,0.0,24.65,0.007,2.0,0.82,20.22,0.008,0.234,0.0,83.764,35.06,72.358,45.4,34.30988844051602,0.007375,35.4194084437933,0.008,0.1226630434782833,0.8992441635717159,0.235190217391306,0.8277578894681712,0.3671700544655323,0.2009465545415878,10718.58,25.32,10415.59,21.61,0.864,24.65,0.04,20.22,0.03,28.16,0.1,21.72,0.09,35.82,0.03,25.38,0.02,0.835295,0.03,0.848089,0.03,4.0,9.0,427.97973197836103,0.6,418.8179265751275,0.6,5.0,0.0,0.0,1.0,0.996,0.0,0.0,131.7073464587953,0.2,109.29744254611936,0.2,143.48615567605302,0.3,111.38071461967176,0.2,5.0,3.0,0.0
chr1-12883376-12883377-C-G,TWJF-5120-17,Pending,0.592,1.11,0.266,0.82,0.0,39.04,0.1,2.0,0.684,26.71,0.08,0.198,0.0,92.97,41.57,62.83,30.9,79.70794404023367,0.3948749999999998,62.82990539654303,0.266375,0.5923641304347171,0.612268979374648,0.1774728260869409,0.8641622034231425,0.1090657748281955,0.4375775568187237,1137.97,7.21,6223.3,17.95,0.676,92.97,1.2951477578961643,62.83,1.027582362046987,92.97,1.4,57.87,0.89,39.04,0.1,26.71,0.08,0.314172,0.23,0.555499,0.08,3.0,9.0,855.3764372017306,1.3,1158.0530182780362,2.3,4.0,4.0,1.0,0.0,0.0,0.0,0.0,92.97,7.424881869602327,62.83,6.487738821550243,92.97,7.235318638192373,62.83,7.062969661499321,1.0,3.0,1.0
chr11-55572589-55572590-T-G,TWJF-5120-17,Pending,0.291,1.63,0.83,1.43,0.0,44.526,0.108,2.0,1.674,74.548,0.357,0.148,0.0,102.16,36.97,683.38,33.76,44.52598491557775,0.10825,74.54759326703649,0.3571249999999998,0.2912499999999625,0.7914064598930298,0.5636956521738625,0.628422177652195,0.1969508789479732,0.1100775822997093,262.76,2.8000000000000003,179.71,2.06,6.689,102.16,-0.7148637311745911,683.38,-0.859557658729219,102.16,1.5,683.38,4.0,98.42,0.2,880.3,0.78,0.373918,0.18,0.068957,0.83,5.0,9.0,1485.2677558853384,3.7,2523.7962059597608,8.1,2.0,0.0,0.0,0.0,0.0,0.0,0.0,102.16,6.2534280818053025,683.38,7.846574059173232,102.16,6.4309143575346,683.38,8.89100227461699,6.0,3.0,0.0
chr11-94045902-94045903-A-G,TWJF-5120-17,Pending,0.538,3.02,2.1,16.23,0.0,30.21,0.05,2.0,133.226,4024.76,1.2,0.176,0.0,115.28,162.2,2216.494,947.44,51.63507242445469,0.172625,346.2939210193368,1.3575,0.5379891304347382,0.6423391284281393,1.7785054347825593,0.2096893869204629,0.0262368954718112,0.0082159638404846,582.78,4.88,1261.52,7.64,19.227,115.28,-0.9081467345272118,2216.494,-1.4749383607133106,115.28,1.6,5645.04,13.0,30.21,0.09,4024.76,2.1,0.701108,0.05,0.035202,1.2,2.0,9.0,942.861739365281,1.5,2216.49442399124,6.9,2.0,0.0,0.0,1.0,0.051,0.0,0.0,115.28,5.121858184936664,2216.494,7.565427522168835,115.28,5.415548093024813,2216.494,8.272489208611695,5.0,3.0,0.0
chr2-178720657-178720658-G-A,TWJF-5120-17,Pending,0.957,1.78,0.868,0.72,0.0,74.7,0.25,2.0,2.044,152.7,0.31,0.146,0.0,148.63,69.51,205.96,27.31,138.61840198103482,0.7324999999999998,133.49984365723606,0.7048749999999998,0.9574456521738028,0.4403196822966471,0.8677173913042395,0.4793520620437687,0.0640643574297428,0.0981725715100765,18008.07,36.21,16202.97,33.34,1.386,148.63,-1.6235049760837317,205.96,-2.4030274864817134,74.7,1.3,152.7,1.9,148.63,0.25,205.96,0.31,0.211773,0.33,0.236959,0.29,1.0,9.0,2496.6364866068243,8.1,3000.8051964776514,11.0,7.0,0.0,0.0,20.0,1.716,0.0,0.0,148.63,8.896844800264997,205.96,10.954434094628343,148.63,10.454571525093304,205.96,11.50668974833769,5.0,3.0,0.0
chr6-51906238-51906239-T-C,TWJF-5120-17,Pending,2.835,0.16,3.175,0.11,0.0,19.89,0.175,2.0,0.835,16.61,0.271,0.158,0.0,282.072,10.23,563.94,8.8,102.49312125301942,0.719875,169.59015083390673,1.2121250000000006,0.1746467391304236,0.8664784060123765,0.2711956521738869,0.8044496040530676,0.5775443986058235,0.5869643464684486,19.89,3.27,16.61,2.65,1.999,4494.37,2.4,7437.22,3.7,461.65,4.2,958.29,6.6,637.81,0.8,1747.76,1.7,0.075025,0.67,0.025113,1.5,4.0,9.0,11730.270410722256,38.0,14882.82461361731,47.0,2.0,0.0,0.0,23.0,1.693,0.0,0.0,45.20744889284509,69.0,35.092151853209955,54.0,61.014070565618,82.0,72.0161665537097,89.0,1.0,3.0,0.0
chr14-59727361-59727362-G-A,TWJF-5120-17,Pending,0.39,0.28,14.0,0.12,0.0,57.538,0.222,2.0,193.326,11123.541,8.571,0.349,0.0,289.71,13.34,19654.83,8.13,57.53780196614012,0.22175,11123.541051505506,8.571250000000001,0.3609510869565042,0.7486676185408381,13.500896739130424,0.0175161483550503,0.198963176459074,0.1975754201412201,5696.82,17.06,30713.07,59.540000000000006,67.843,289.71,-0.7269264872971362,19654.83,13.819084510154614,71.91,0.74,19654.83,27.0,289.71,0.39,23191.76,12.0,0.032147,1.3,4.2e-05,19.0,4.0,10.0,1196.2593708868835,0.3,9146.010879538102,14.0,10.0,0.0,0.0,181.0,7.413,0.0,1.0,289.71,-2.244546177394763,19654.83,16.621908671273232,289.71,0.16571931726366973,19654.83,20.808502300248584,1.0,3.0,0.0
chr6-137493665-137493666-C-T,TWJF-5120-17,Pending,2.47,2.22,3.19,3.54,0.0,9.777,0.461,2.0,0.78,7.624,0.698,0.173,0.0,294.946,90.45,1382.462,171.12,76.58208415863757,0.461,100.83324748949902,0.6980000000000001,0.7493749999998869,0.5344392362608069,0.8858967391303167,0.4713757565477484,0.0079545862972736,0.012088518589735,19.17,3.14,17.27,2.78,4.687,3076.05,1.8,8356.39,4.1,2551.25,13.0,6161.97,21.0,513.31,0.68,2856.28,2.5,0.090805,0.6,0.016737,1.9,2.0,9.0,2812.1856201345004,4.0,2664.091477136258,3.6,3.0,0.0,0.0,0.0,0.0,0.0,0.0,9.777098713099864,9.5,7.624475970033476,5.4,15.683030967142642,19.0,7.1355918370133695,4.3,6.0,3.0,0.0
chr12-129081794-129081795-G-C,TWJF-5120-17,Pending,0.686,0.79,0.51,0.77,0.0,39.11,0.16,2.0,2.425,94.84,0.36,0.12,0.0,312.376,66.61,345.67,65.92,279.9752147320795,0.5516249999999993,240.739645357013,0.5204999999999994,0.8208423913042395,0.5002415425436388,0.4717663043477813,0.6799668142282533,0.3251257948577404,0.4964008517563343,39.11,0.16,94.84,0.36,1.107,134.99,0.25,129.97,0.23,294.65,1.2,367.82,1.3,363.44,0.38,603.19,0.5,0.282382,0.48,0.292629,0.47,4.0,9.0,330.1018226801629,1.4,437.34195544615335,1.8,3.0,0.0,0.0,1.0,0.0,0.0,0.0,465.4789007046171,1.9,323.5191553142095,1.6,567.7145174049141,2.0,402.8376001005922,1.7,1.0,3.0,0.0
chr17-1271068-1271069-C-T,TWJF-5120-17,Pending,0.861,4.71,21.0,5.2,0.0,53.3,0.4,2.0,248.462,13243.05,10.0,0.07,0.0,318.09,259.38,16644.399,300.76,170.24723168376104,0.8606249999999998,16644.39939129695,12.977625000000002,0.9336141304346626,0.4495546964132731,37.35904891304347,0.0061045303005395,0.131058469414711,0.0070298165082931,6590.14,18.54,18045.41,36.27,52.326,318.09,1.028188670063375,16644.399,16.523959736770777,53.3,0.57,13243.05,21.0,318.09,0.42,23748.88,13.0,0.052677,0.96,1.9e-05,24.0,2.0,10.0,1347.454232446704,0.4,7860.426906686623,10.0,10.0,0.0,0.0,0.0,0.011,0.0,0.0,318.09,-1.0938956503169677,16644.399,17.72657398674975,318.09,1.7619298585122456,16644.399,21.499811835313444,6.0,3.0,0.0
chr18-7231817-7231818-C-T,TWJF-5120-17,Pending,3.65,10.01,2.585,34.06,0.0,63.821,0.25,2.0,0.815,52.014,0.11,0.156,0.0,495.195,225.48,322.87,1556.97,63.82140999063079,0.315875,52.01439644151072,0.1775,0.2510054347825985,0.8173644675774855,0.2619565217391226,0.8100698963082452,0.3424715362489223,0.2727069556713104,628.48,31.91,945.93,37.99,0.652,4498.66,2.4,1456.23,0.97,595.31,4.9,469.21,4.2,395.08,0.58,176.53,0.34,0.228203,0.25,0.373595,0.11,4.0,9.0,5500.220791866743,15.0,4382.296453477993,9.4,8.0,0.0,0.0,2.0,0.0,0.0,0.0,84.37426448805239,94.0,65.04441319359934,85.0,73.35504705227963,90.0,56.680020676078215,78.0,6.0,3.0,0.0
chr17-32021096-32021097-T-G,TWJF-5120-17,Pending,0.555,6.73,0.431,0.11,0.0,172.47,0.1,2.0,0.739,127.39,0.1,0.17,0.0,642.091,185.49,380.066,24.045,716.2017899996781,0.6699999999999992,278.44289716450095,0.4321249999999996,2.068124999999938,0.1676264552679353,0.6369565217390374,0.5891062084564774,0.1297809444367885,0.4251715093851089,567.98,0.61,1346.22,0.99,0.592,241.28,0.45,131.5,0.3,172.47,0.15,127.39,0.1,724.97,0.31,481.69,0.23,0.173993,0.5,0.203199,0.43,4.0,11.0,238.6046055607708,0.1,251.86839356475485,0.1,4.0,0.0,0.0,4.0,15.013,0.0,0.0,8170.525692783227,21.0,8058.421877614826,21.0,18205.809747546333,42.0,18501.63035859652,43.0,1.0,3.0,0.0
chr2-195873657-195873658-C-A,TWJF-5120-17,Pending,2.04,0.31,4.815,2.21,0.0,177.12,0.26,2.0,121.939,21597.76,1.494,0.137,0.0,678.39,13.58,5653.91,47.14,193.380001712434,0.952375,4728.382572095521,4.815124999999998,0.2603804347826042,0.810864460676144,1.494293478260758,0.2664858246280183,0.6346756629645824,0.8146984279155731,177.12,2.04,21597.76,42.08,8.334,678.39,-3.6921112147295814,5653.91,0.7357486995337541,678.39,4.0,3742.91,9.7,1785.55,1.3,5653.91,2.7,0.010854,2.3,0.00311,4.0,4.0,9.0,7945.936747596634,32.0,13212.85575464608,48.0,2.0,0.0,0.0,2.0,0.657,0.0,0.0,678.39,12.732108808224766,5653.91,27.17003450544709,678.39,18.070805151363864,5653.91,31.763482128818588,1.0,3.0,0.0
chr15-27983428-27983429-G-C,TWJF-5120-17,Pending,3.05,0.69,2.15,0.5,0.0,6.244,1.399,2.0,0.75,4.682,1.002,0.126,0.0,740.934,26.54,563.28,20.17,578.9377650252699,2.594250000000001,346.3390473980243,1.9826250000000003,1.3987771739129613,0.290662237093065,1.0016032608694443,0.4215720130935124,0.2721447274088859,0.2938476428389549,14.98,2.33,14.31,2.2,0.76,6533.07,3.2,3774.1,2.1,902.93,6.4,780.22,5.9,2493.78,2.2,1729.96,1.7,0.004668,4.0,0.011468,2.4,3.0,9.0,6682.848003569165,20.0,6610.930835365694,19.0,5.0,0.0,0.0,0.0,0.043,0.0,0.0,12.948217919456452,15.0,12.19579175184666,14.0,6.243527084032028,2.9,4.681984806125971,1.6,1.0,3.0,0.0
chr1-190098159-190098160-C-T,TWJF-5120-17,Pending,2.25,21.0,3.7,20.0,0.0,32.168,0.158,2.0,1.358,43.695,0.307,0.312,0.0,853.65,281.55,1284.215,228.95,49.98536002202332,0.158375,62.85929301031941,0.3075,0.392527173913038,0.7280457814623635,0.5685869565216848,0.625083633870525,0.1301500685513019,0.0592244453728199,3245.61,60.74,6477.57,76.37,1.504,2787.29,1.7,4343.92,2.3,763.52,5.8,1534.27,9.0,943.78,1.2,1034.16,1.2,0.228969,0.25,0.210409,0.28,1.0,9.0,2365.159660107549,2.8,3133.5287466619466,5.1,8.0,0.0,0.0,0.0,0.007,0.0,1.0,41.996200453524935,65.0,54.22630344412884,76.0,32.16843996915312,48.0,43.69482456583234,67.0,1.0,3.0,0.0
chr2-211383630-211383631-C-T,TWJF-5120-17,Pending,18.766,1.47,17.242,10.43,0.0,13.527,0.83,2.0,1.0,13.527,0.51,0.143,0.0,861.07,56.08,479.39,913.04,16258.308389891135,17.531625,15472.741360862276,16.484125,27.61739130434782,0.0080702430375046,31.64317934782608,0.0079822435626893,0.080044325441122,0.0633241087198257,271.2,21.51,468.16,27.94,0.557,1136.42,0.83,490.62,0.51,585.72,4.8,407.64,3.9,22013.28,20.0,20233.47,18.0,0.001667,6.5,0.001613,6.6,1.0,9.0,12517.045870855363,40.0,11479.159325780089,37.0,6.0,0.0,0.0,0.0,0.331,0.0,0.0,13.527265063333246,15.0,13.527265063333246,15.0,21.598818748905824,28.0,20.865557837522125,27.0,1.0,3.0,0.0
chr6-29676004-29676005-A-C,TWJF-5120-17,Pending,4.358,0.11,3.469,0.21,0.0,28.39,0.91,2.0,0.613,17.4,0.37,0.187,0.0,1047.075,133.13,345.13,174.19,1451.4252164874852,3.946250000000002,763.8297587335313,2.937750000000001,3.996902173913,0.0667894572097464,2.231603260869477,0.1492306267181561,0.0313002802431583,0.1084232628345489,28.39,4.72,17.4,2.81,0.33,1288.19,0.91,262.28,0.37,805.96,6.0,427.98,4.0,3463.22,2.9,3616.59,2.9,0.005212,3.7,0.004653,4.0,1.0,9.0,6195.392041023354,18.0,6330.918656946314,18.0,8.0,0.0,0.0,0.0,0.0,0.0,0.0,51.31094344233262,74.0,53.35928481339601,76.0,55.26243282478346,77.0,57.07290780991816,79.0,5.0,3.0,0.0
chr17-10511912-10511913-G-T,TWJF-5120-17,Pending,11.5,0.1,8.45,0.04,0.0,114.08,0.938,2.0,0.993,113.295,0.508,0.173,0.0,1141.255,8.56,584.765,6.32,136.05466630391257,1.0007500000000005,111.14157504410667,0.7945,0.938097826086846,0.4482421090922127,0.5077173913043254,0.6601252605000553,0.0680087022483348,0.2588355951011181,669.11,32.81,369.23,24.99,0.512,8090.99,4.0,5861.07,2.9,4962.95,19.0,2858.2,14.0,1613.4,1.6,800.3,0.93,0.046534,0.98,0.069512,0.71,1.0,9.0,10081.437073887206,32.0,8571.126278780523,27.0,7.0,0.0,0.0,0.0,0.016,0.0,0.0,114.08012805399288,98.0,113.29480597633548,98.0,135.02991678027425,100.0,132.87093772179148,100.0,5.0,3.0,0.0
chr19-44704122-44704123-G-A,TWJF-5120-17,Pending,8.346,0.26,12.903,0.47,0.0,35.335,0.2,2.0,1.019,35.992,0.26,0.123,0.0,1261.295,12.59,2068.94,19.09,2926.266844983729,5.444750000000003,6113.646104124755,8.03425,6.792608695652163,0.0361398207004989,12.805461956521723,0.0186371407163531,0.0410878285765647,0.0511083975434303,698.34,33.43,1668.11,47.53,1.64,120.82,0.2,161.46,0.26,1824.25,9.9,2469.77,13.0,2294.28,2.1,3038.48,2.6,0.006956,3.2,0.004666,4.0,1.0,9.0,5997.52246638931,17.0,5382.47700914843,15.0,1.0,0.0,0.0,0.0,0.173,0.0,0.0,35.33539902915364,54.0,35.9923331445517,56.0,54.50420382115681,77.0,59.90043827307164,81.0,1.0,3.0,0.0
chr7-90303972-90303972-C-CA,TWJF-5120-17,Pending,5.25,51.0,18.0,44.0,0.0,7.298,1.58,2.0,2.704,19.734,1.338,0.241,0.0,2063.825,1576.42,2744.387,932.55,819.9306751394276,3.048125000000001,552.6012348976984,2.5388750000000013,1.5795380434781805,0.2481127290350617,1.33812499999992,0.3081778492041311,0.3064910471439361,0.2829678058624267,325.66,23.55,363.29,24.8,1.33,9632.21,4.8,29727.03,23.0,5071.52,19.0,11857.88,31.0,10394.68,7.5,12117.67,8.8,0.013208,2.2,0.01654,1.9,0.0,9.0,3307.718431318005,5.7,4936.17358223685,13.0,7.0,0.0,0.0,6.0,4.323,0.0,0.0,7.298103195246057,4.6,19.733767176915052,25.0,13.881295518478325,16.0,40.218882559450286,63.0,1.0,0.0,0.0
chr12-114355835-114355836-A-T,TWJF-5120-17,Pending,11.1,5.7,11.05,7.73,0.0,15.354,1.482,2.0,1.0,15.354,2.692,0.135,0.0,3310.98,115.91,2579.093,163.64,503.889874428556,2.4222500000000013,949.0859703380432,3.2463750000000013,1.482146739130343,0.2696525792436994,2.6922554347825383,0.1123051111630734,0.2045734152197837,0.0756865032017231,1985.08,50.82,839.68,36.120000000000005,0.779,4636.88,2.4,8273.62,4.1,6434.51,22.0,5651.03,20.0,5689.99,4.2,4209.1,3.3,0.012349,2.3,0.007451,3.0,0.0,9.0,9972.946142268209,32.0,8387.64331174904,26.0,4.0,0.0,0.0,0.0,0.021,0.0,0.0,15.353592153349476,18.0,15.353592153349476,18.0,33.45260942718382,51.0,26.88004553001504,37.0,1.0,3.0,0.0
chr12-99154404-99154405-G-C,TWJF-5120-17,Pending,13.965,1.62,18.653,37.95,0.0,77.662,1.7,2.0,0.859,66.713,3.8,0.126,0.0,3596.565,36.95,4568.24,1925.77,3444.789448160269,5.930375000000002,7743.186065618449,9.316625,5.671874999999957,0.0447984860227346,17.305597826086952,0.0140009267456124,0.1491293609142303,0.0338040404021739,13043.16,92.09,11039.17,88.64,1.27,3748.34,2.1,3066.68,1.8,6434.51,22.0,5590.22,20.0,2680.6,2.4,3546.26,2.9,0.021183,1.7,0.004949,3.8,1.0,9.0,11604.035633311569,37.0,10301.972439723151,33.0,8.0,0.0,0.0,0.0,1.086,0.0,0.0,77.66225561501658,92.0,66.71292768390761,86.0,86.18466542419753,95.0,76.1079457604075,91.0,1.0,3.0,0.0
chr8-3230179-3230180-C-T,TWJF-5120-17,Pending,11.25,32.1,15.15,32.95,0.0,21.549,1.076,2.0,1.358,29.27,1.779,0.207,0.0,3749.17,1389.91,5902.685,1460.7,204.2157058626017,1.4103750000000008,511.203219898299,2.4330000000000007,1.0756793478259397,0.3931181666882244,1.7785054347825593,0.2097718734640264,0.1155021637678146,0.1152837425470352,2872.44,58.16,4318.49,67.06,1.574,7668.39,3.8,11716.19,5.8,4625.9,18.0,7486.88,24.0,6205.72,4.5,8705.71,6.3,0.018085,1.8,0.009292,2.7,0.0,9.0,16404.99468020095,51.0,21734.48299761229,63.0,8.0,0.0,0.0,0.0,0.08,0.0,0.0,23.889661712293144,31.0,30.846791643020207,45.0,21.549142844275096,28.0,29.270490487806217,42.0,1.0,3.0,0.0
chr17-42852555-42852556-C-T,TWJF-5120-17,Pending,5.3,10.98,13.5,10.91,0.0,1378.002,1.8,2.0,1.213,1672.053,2.3,0.162,0.0,4727.735,641.35,11382.245,637.49,30869.90987743777,27.1705,32495.913959020025,49.41875,8.839293478260856,0.0271966888934126,17.305597826086952,0.0140042779582332,0.6049522571265697,0.4276437200605869,4216.63,2.12,5790.14,2.76,2.408,22657.51,18.0,26073.82,24.0,5238.84,2.5,15710.15,9.8,14651.0,5.4,23555.42,14.0,0.000811,12.0,6.3e-05,33.0,2.0,11.0,2781.922411072352,2.4,7054.340745605158,9.0,1.0,0.0,0.0,95.0,5.731,0.0,0.0,1378.0024826179988,1.8,1672.0528483217352,2.3,2774.661448085752,5.2,5178.571775649151,13.0,1.0,3.0,0.0
chr8-109465073-109465074-C-A,TWJF-5120-17,Pending,33.322,7.3,51.5,4.68,0.0,11.653,3.8,2.0,1.738,20.25,9.6,0.117,0.0,8554.218,173.96,17796.354,98.2,27666.094794460365,49.635375,29651.33709807632,62.25849999999999,31.64317934782608,0.0075961303662225,31.64317934782608,0.0070425310396663,0.2087429426610469,0.2062233500182628,4870.47,69.71000000000001,2244.34,53.22,2.08,7660.68,3.8,17509.86,9.6,25289.19,56.0,29266.51,65.0,30864.68,35.0,37187.08,53.0,1.2e-05,40.0,5e-06,50.0,3.0,9.0,9447.75502346994,30.0,18082.847674706973,55.0,8.0,0.0,0.0,24.0,2.619,0.0,0.0,13.372419740602762,15.0,19.91636147646685,25.0,11.65279214881359,13.0,20.250231853452473,26.0,1.0,3.0,0.0
chr1-153261876-153261877-C-A,TWJF-5120-17,Pending,10.092,21.38,12.5,51.01,0.0,28.21,2.852,2.0,0.445,12.55,5.347,0.094,0.0,8707.567,1437.63,11303.3,8190.09,5009.324143496199,7.1845000000000026,5917.8390776665965,7.878875000000002,2.851521739130362,0.103176236208805,5.346684782608634,0.047780976273245,0.5055433847010136,0.3167851977050304,28.21,4.7,12.55,1.83,1.298,12405.81,6.3,16688.76,9.0,15625.39,38.0,19505.61,45.0,15202.8,13.0,18108.11,16.0,0.003297,4.6,0.001954,6.0,0.0,9.0,38565.12330084513,85.0,36534.22290651516,83.0,7.0,0.0,0.0,0.0,0.018,0.0,0.0,47.229135917746255,71.0,47.0121377493562,71.0,47.253066781498255,71.0,48.13156688278019,72.0,1.0,3.0,0.0
chr8-133220747-133220748-G-A,TWJF-5120-17,Pending,41.0,14.53,36.18,22.97,0.0,23.957,22.0,2.0,1.086,26.027,19.0,0.172,0.0,20804.273,373.8,18053.634,764.4,22834.28524258448,29.48875,19523.81033469008,22.48175,62.74467391304348,0.0045590399157439,37.35904891304347,0.006121718773018,0.0108902379870414,0.0516350530087947,18774.26,97.95,14906.5,94.6,0.868,30009.16,24.0,27527.41,20.0,25842.4,57.0,25564.3,57.0,23531.22,22.0,21310.21,19.0,4e-05,28.0,7.6e-05,22.0,0.0,9.0,16053.811300076117,50.0,16583.45680469959,52.0,5.0,0.0,0.0,34.0,5.013,0.0,0.0,33.58999970287095,51.0,34.37241130666045,52.0,23.95686579570371,32.0,26.02735286200774,35.0,1.0,3.0,0.0
