ID	Evaluation	TSL	Pos	Prob Pos	Num Passing Peptides	RNA Expr	RNA VAF	Allele Expr	RNA Depth	DNA VAF	Ref Match	Biotype	Variant Type	Peptide Length	Best MT IC50 Score	Corresponding WT IC50 Score	Corresponding Fold Change	Best MT Percentile	Corresponding WT Percentile	Median Fold Change	cysteine_count	IC50 MT class1	IC50 WT class1	%ile MT class1	%ile WT class1	IC50 MT class2	IC50 WT class2	%ile MT class2	%ile WT class2	MHCflurryEL Processing WT Score	MHCflurryEL Processing MT Score	MHCflurryEL Presentation WT Score	MHCflurryEL Presentation MT Score	MHCflurryEL Presentation WT Percentile	MHCflurryEL Presentation MT Percentile	MHCflurry WT Score	MHCflurry MT Score	MHCflurry WT Percentile	MHCflurry MT Percentile	MHCnuggetsI WT Score	MHCnuggetsI MT Score	MHCnuggetsI WT Percentile	MHCnuggetsI MT Percentile	NetMHC WT Score	NetMHC MT Score	NetMHC WT Percentile	NetMHC MT Percentile	NetMHCcons WT Score	NetMHCcons MT Score	NetMHCcons WT Percentile	NetMHCcons MT Percentile	NetMHCpan WT Score	NetMHCpan MT Score	NetMHCpan WT Percentile	NetMHCpan MT Percentile	NetMHCpanEL WT Score	NetMHCpanEL MT Score	NetMHCpanEL WT Percentile	NetMHCpanEL MT Percentile	PickPocket WT Score	PickPocket MT Score	PickPocket WT Percentile	PickPocket MT Percentile	SMM WT Score	SMM MT Score	SMM WT Percentile	SMM MT Percentile	SMMPMBEC WT Score	SMMPMBEC MT Score	SMMPMBEC WT Percentile	SMMPMBEC MT Percentile	Prob match	Gene of Interest
chr17-75570445-75570446-G-A	Accept	1	5	0	4	10.149	0.349	3.542	63.0	0.067	False	protein_coding	missense	9	2.103	4.784	2.275	0.01	0.01	1.352	0	26.775	36.19	0.21	0.2	68.55	296.77	5.801	16.0	0.0027598366141319	0.0037861391901969	0.1741912694641147	0.3546931023922876	2.012282608695557	1.1819565217390249	429.9161943556225	160.99080646932725	1.4383750000000006	0.5907499999999999	9.61	20.61	0.08	0.22	18.77	16.37	0.01	0.01	53.61	32.94	0.05	0.03	515.89	267.78	0.12	0.07	0.078015	0.155461	0.7	0.35	388.2687811477462	384.09044412331593	0.4	0.4	4.784207416825339	2.10285825658103	0.2	0.2	8.027309353859774	5.4521776732834635	0.2	0.2	False	False
chr9-136791740-136791741-C-T	Accept	1	2	0	9	5.291	0.06	0.317	182.0	0.054	False	protein_coding	missense	11	6.33	27.23	4.302	0.014	1.384	27.98	0	31.499	881.346	0.042	1.182	33.41	26.56	4.012	3.09	0.5851511061191559	0.8210839033126831	0.2795363019317671	0.974666704507041	1.4398641304346853	0.0141576086956831	1915.0820265590385	39.82882422862362	1.3836250000000008	0.05325	291.79	8.29	0.6	0.03	107.75	23.17	0.3	0.08	339.15	15.61	0.98	0.03	27.23	6.33	0.07	0.02	0.630034	0.918055	0.1	0.02	4676.226873485467	254.6083498698839	5.0	0.2	1423.5410656869328	1343.9094259014048	2.1	1.9	1769.7421719387546	1418.7634770953655	3.0	2.1	False	False
chr7-43619695-43619696-G-C	Accept	1	5	0	2	21.977	0.025	0.549	363.0	0.053	False	protein_coding	missense	9	96.559	93.7	0.97	0.225	0.218	0.856	0	813.114	696.331	1.1	1.1	46.28	75.35	5.578	8.52	0.1197548508644104	0.1586448363959789	0.5836025244910387	0.6096852843171479	0.6467391304347245	0.5961956521738614	93.70032639662637	96.5586532124334	0.2184999999999999	0.2252499999999999	2432.76	3298.05	3.53	4.35	1648.77	1534.05	2.0	1.8	545.95	522.82	1.2	1.2	834.68	863.06	0.54	0.56	0.290401	0.270899	0.4	0.43	1121.0669072114465	1039.2947723310567	3.6	3.3	251.88946268661832	251.88946268661832	1.0	1.0	557.9817569000235	763.1677330687778	2.0	2.8	False	False
chr17-7674220-7674221-G-A	Accept	1	2	0	2	10.431	0.066	0.688	366.0	0.07	False	protein_coding	missense	9	216.681	18072.008	83.404	0.479	7.247	16.661	0	876.659	14605.85	1.214	18.0	57.78	64.59	6.82	7.5	0.2118595466017723	0.0791263952851295	0.011568655259049	0.3496722167780215	20.2322554347826	1.1986684782607568	18072.00842022505	216.6814884164626	7.247250000000002	0.4791249999999994	13722.33	977.31	8.540000000000001	1.23	15489.37	542.06	12.0	1.0	22330.41	989.9	24.0	2.0	24414.57	671.33	17.0	0.74	0.001574	0.154969	6.8	0.54	10992.948761900088	776.0086328378046	24.0	1.6	13690.8370038596	1178.7725122500904	19.0	2.8	12887.539221182798	1071.9388222844614	19.0	2.6	False	True
chr1-156963551-156963552-C-T	Reject	1	3	0	0	8.406	0.221	1.858	95.0	0.061	False	protein_coding	missense	9	340.086	2045.295	6.014	0.5	1.4	1.016	0	1641.019	1667.838	2.6	1.85	1215.23	1623.58	42.156	48.02	0.0176155716180801	0.0487890653312206	0.0465893236838567	0.2376377099565574	5.44942934782604	1.6274184782607648	2045.295294252909	340.08597609947026	1.3321249999999998	0.6859999999999992	5865.62	6055.21	5.11	27.56	4034.92	5913.95	3.7	4.9	1290.38	1183.39	1.4	1.4	18193.93	9714.89	6.6	3.1	0.045082	0.231041	1.4	0.5	1062.0297506032605	1584.8879846730229	1.7	2.7	646.3831103070393	1497.9247616555156	1.2	2.5	1065.9086829258797	1697.149107194204	2.0	2.8	False	False
chr2-95049657-95049658-G-A	Accept	1	9	0	1	8.355	0.007	0.058	302.0	0.059	False	protein_coding	missense	9	124.079	101.859	0.821	0.3	0.3	1.436	0	650.524	933.942	0.72	0.695	10.41	13.2	0.71	1.12	0.0796402543783187	0.0697510875761509	0.5286061074804493	0.4720014262241326	0.7594293478259573	0.8832608695651203	101.85937085936932	124.07891844526648	0.3181249999999999	0.3831249999999998	3531.44	2892.14	0.69	0.51	2799.89	2224.16	2.9	2.5	1249.17	850.76	1.4	1.2	1324.67	1160.12	0.57	0.53	0.203076	0.123796	0.55	0.74	359.94793166265003	323.0352995794819	0.3	0.3	618.7140809710187	450.2876129132688	1.1	0.8	408.0562179402721	358.69060370234985	0.7	0.7	False	False
chr2-27384725-27384726-C-G	Pending	1	3	0	0	11.435	0.172	1.967	800.0	0.094	False	protein_coding	missense	9	1804.622	1391.909	0.771	1.1	0.6	0.982	0	5573.156	5471.482	7.148	4.927	685.75	703.785	24.0	28.0	0.0014147832989692	0.0028962530195713	0.0507975431597948	0.0263147584737979	5.054048913043445	9.15535326086956	1755.844989872534	3566.8350092003275	1.4637499999999997	2.1875	6893.29	7579.42	11.05	16.950000000000003	19384.42	19545.97	5.8	6.0	30726.73	28951.56	60.0	54.0	24443.65	28246.7	8.0	15.0	0.003664	0.001418	4.8	8.3	1391.9092882313646	1804.6218566100913	0.6	1.1	4049.6734052445	3194.625838777906	3.9	3.0	2932.851001840987	3566.8923304206833	2.6	3.3	False	False
chr14-32090795-32090796-C-T	Reject	1	3	3	0	8.734	0.147	1.284	238.0	0.085	False	protein_coding	missense	9	537.737	305.19	0.568	0.53	0.43	0.768	1	2889.878	2220.534	5.5	3.084	259.29	463.67	19.484	26.57	0.2472715973854065	0.0769210122525692	0.2154413221585452	0.0791350967530744	1.7432065217390402	3.454483695652087	798.4421401442171	1419.6278255918426	2.3680000000000008	3.623875000000001	15966.28	19955.05	29.72	37.07	1341.26	1717.11	0.43	0.53	4962.95	8208.09	4.7	7.8	7281.56	15163.54	1.9	5.0	0.028876	0.006755	1.5	3.5	3099.8074179973237	4062.6458292605503	8.9	14.0	932.8460995819288	1658.8610116216626	8.7	14.0	305.18978973223403	537.7370991175987	3.8	6.0	True	False
chr19-6472935-6472936-G-C	Accept	1	8	0	1	18.615	0.004	0.074	254.0	0.058	False	protein_coding	missense	10	922.678	1062.03	1.151	1.1	1.3	1.835	0	1465.854	2690.245	2.5	2.95	37.25	61.06	4.512	7.15	0.555583905428648	0.6034105867147446	0.2058430758201714	0.3418175904929588	1.8016032608694983	1.2239673913042424	2604.8206309406323	1516.0581595090987	1.6804999999999983	1.342124999999998	24772.91	19546.01	30.98	21.790000000000003	2775.67	1415.65	2.8	1.7	8032.38	7406.31	5.2	4.8	8249.49	8813.66	3.1	3.3	0.058192	0.061663	1.4	1.4	1062.0297506032605	922.6778027608818	1.3	1.1	1314.2863578755253	1323.3965556847627	5.3	5.3	1315.0128600791527	1333.3065112244085	5.3	5.3	False	False
chr7-72728894-72728896-CC-GT	Review	1	1	0	2	3.076				0.035	False	protein_coding	missense	9	147.688	3461.476	23.438	0.1	0.45	5.256	0	608.275	3197.385	0.667	4.0	207.71	264.96	3.25	4.37	0.4120107106864452	0.6509463116526604	0.1058042766281694	0.8550828374186169	2.813858695652101	0.1914673913043429	3461.4764473197715	147.68829848923576	6.6990000000000025	0.5343749999999999	15901.6	683.73	29.6	3.29	1392.86	212.82	0.45	0.1	3116.62	614.95	3.2	0.8	3278.15	601.6	0.76	0.14	0.061861	0.366825	0.82	0.11	1946.610237380866	1347.454232446704	4.8	2.6	9137.134124680644	1765.2653637217152	32.0	14.0	858.1634231773467	211.13974854499747	8.3	2.9	False	False
chr5-140672633-140672634-C-G	Pending	1	1	0	1	0.018	0.049	0.001	41.0	0.063	False	protein_coding	missense	11	6326.66	7607.74	1.202	4.3	4.9	1.188	0	22944.021	27249.166	19.0	24.5	149.25	149.85	11.0	12.0	0.008934661746025	0.006812322884798	0.0075219224200802	0.0075862116771331	31.64317934782608	31.64317934782608	13498.71893024475	13277.036195847566	6.494249999999999	6.329624999999999	7607.74	6326.66	17.24	7.56	35948.02	35816.03	33.0	33.0	25702.97	22695.78	43.0	34.0	29330.23	28217.99	18.0	15.0	0.003595	0.004416	4.9	4.3	28795.3614360886	23192.263360933743	31.0	23.0									False	False
chr5-155015366-155015367-A-C	Pending	6	10	0	3	0.01	0.0	0.0	0.0	0.08	False	protein_coding	missense	10	63.634	838.861	13.183	0.1	3.9	51.398	0	78.62	4040.876	0.16	3.0	26.58	93.41	3.09	10.06	0.0188549011945724	0.0324796251952648	0.0187448777045073	0.5864100098963422	12.805461956521723	0.6429076086955803	5403.212349351126	67.37665594854342	2.272375	0.112625	9613.81	80.21	10.06	0.36	5583.93	70.84	4.5	0.12	2678.54	77.03	2.6	0.11	10305.42	81.82	3.9	0.1	0.024474	0.656472	2.3	0.11	1170.650925558883	228.49828361491845	1.5	0.2	838.8609926303156	63.63411375760787	3.2	0.2	729.339945070221	97.93321229985068	2.8	0.3	False	False
chr17-44911724-44911725-A-G	Review	1	5	0	2	4.89	0.0	0.0	0.0	0.054	False	protein_coding	missense	9	25.166	62.06	2.466	0.1	0.16	1.541	0	579.44	892.8	0.648	0.918	1188.74	1354.75	18.453	20.4	0.0690118968486785	0.0071823149919509	0.5411715773287944	0.5117360238757451	0.7355706521738057	0.7967119565216052	93.02604105390044	83.86910304031798	0.276875	0.227625	14030.74	10795.57	26.38	21.0	423.49	231.2	0.16	0.1	1362.11	927.68	1.7	1.2	2157.25	1781.65	0.48	0.39	0.298344	0.368601	0.16	0.11	1376.930319032567	1391.9092882313646	2.7	2.8	62.059746891935234	25.165757072446052	1.1	0.5	78.62669121883215	40.69771254853522	1.3	0.8	False	False
chr5-140795368-140795369-G-A	Pending	1	4	0	2	0.008	0.0	0.0	0.0	0.062	False	protein_coding	missense	9	158.928	167.508	1.054	0.113	0.162	1.105	0	899.54	993.953	1.2	1.3	55.12	61.96	6.551	7.25	0.7323155924677849	0.8061874732375145	0.8744189923031829	0.9049135759832188	0.1624999999999943	0.1131793478261045	167.50847235661735	158.9280004883831	0.4061249999999996	0.3922499999999997	1966.4	1219.13	1.87	1.4	1321.05	1087.42	1.9	1.7	784.45	711.66	1.8	1.7	290.92	310.96	0.43	0.45	0.419128	0.505884	0.21	0.16	363.86363379152226	446.9089812017916	0.8	1.0	1203.4554000654105	1095.0400415404747	2.8	2.7	1285.7898703489766	1219.466852964237	3.0	2.9	False	False
chr2-85542264-85542264-A-ATGCC	Review	1	0	0	1	19.164	0.0	0.0	285.0	0.07	False	protein_coding	FS	8	8538.92			18.0			0	34254.273		65.312		108.87		11.25			0.0005147923311596		0.0032935713213873		99.28660326086955		30768.985925813933		57.583375		8538.92		28.96		43708.56		93.0		37739.56		90.0		41531.99		73.0		3.9e-05		41.0		19505.613475559738		18.0									True	False
