ID	Evaluation	TSL	Pos	Prob Pos	Num Passing Peptides	RNA Expr	RNA VAF	Allele Expr	RNA Depth	DNA VAF	Ref Match	Biotype	Variant Type	Peptide Length	Best MT IC50 Score	Corresponding WT IC50 Score	Corresponding Fold Change	Best MT Percentile	Corresponding WT Percentile	Median Fold Change	cysteine_count	IC50 MT class1	IC50 WT class1	%ile MT class1	%ile WT class1	IC50 MT class2	IC50 WT class2	%ile MT class2	%ile WT class2	MHCflurryEL Processing WT Score	MHCflurryEL Processing MT Score	MHCflurryEL Presentation WT Score	MHCflurryEL Presentation MT Score	MHCflurryEL Presentation WT Percentile	MHCflurryEL Presentation MT Percentile	MHCflurry WT IC50 Score	MHCflurry MT IC50 Score	MHCflurry WT Percentile	MHCflurry MT Percentile	MHCnuggetsI WT IC50 Score	MHCnuggetsI MT IC50 Score	MHCnuggetsI WT Percentile	MHCnuggetsI MT Percentile	NetMHC WT IC50 Score	NetMHC MT IC50 Score	NetMHC WT Percentile	NetMHC MT Percentile	NetMHCcons WT IC50 Score	NetMHCcons MT IC50 Score	NetMHCcons WT Percentile	NetMHCcons MT Percentile	NetMHCpan WT IC50 Score	NetMHCpan MT IC50 Score	NetMHCpan WT Percentile	NetMHCpan MT Percentile	NetMHCpanEL WT Score	NetMHCpanEL MT Score	NetMHCpanEL WT Percentile	NetMHCpanEL MT Percentile	PickPocket WT IC50 Score	PickPocket MT IC50 Score	PickPocket WT Percentile	PickPocket MT Percentile	SMM WT IC50 Score	SMM MT IC50 Score	SMM WT Percentile	SMM MT Percentile	SMMPMBEC WT IC50 Score	SMMPMBEC MT IC50 Score	SMMPMBEC WT Percentile	SMMPMBEC MT Percentile	Prob match	Gene of Interest
chr22-38298861-38298862-C-G	Accept	1	4	0	10	211.388	0.247	52.213	2137.0	0.261	False	protein_coding	missense	11	7.28	10.47	1.438	0.01	0.08	2.807	0	36.86	103.464	0.078	0.165	51.29	34.19	0.62	0.33	0.3061858341097832	0.5126594416797161	0.6109468110218353	0.9232276049675436	0.594076086956477	0.0861141304347796	164.36740661098648	42.87998222185853	0.4043749999999996	0.069125	15.46	17.15	0.0699999999999999	0.0699999999999999	42.56	30.84	0.13	0.1	15.78	14.4	0.03	0.03	10.47	7.28	0.03	0.02	0.721779	0.968778	0.08	0.01	196.3800481231358	141.94766797100098	0.2	0.1	1535.9249667824718	1535.9249667824718	2.4	2.4	4394.505374978811	6108.15430883302	14.0	21.0	False	False
chr1-228376861-228376862-C-T	Accept	1	7	0	2	161.576	0.664	107.286	318.0	0.702	False	protein_coding	missense	9	11.75	9.79	0.833	0.013	0.008	1.006	0	40.298	40.53	0.07	0.063	25.24	83.21	0.16	1.29	0.8825004920363426	0.8313730135560036	0.9791704187989428	0.975277529068732	0.0084239130434866	0.0130978260869767	40.52969408264626	40.29780268318452	0.062625	0.062625	16944.46	11623.15	14.15	8.219999999999999					9.79	11.75	0.04	0.06	36.31	40.11	0.06	0.07	0.850118	0.844982	0.09	0.1	72.57584845865718	69.50183030090719	0.1	0.1									False	False
chr8-18075544-18075545-G-T	Accept	1	1	0	26	51.748	0.763	39.484	746.0	0.76	False	protein_coding	missense	9	7.72	45.75	5.926	0.02	0.23	3.707	0	39.151	145.14	0.05	0.589	97.56	110.82	1.1	1.36	0.1068837344646453	0.3770273439586162	0.5845713618311373	0.8904665238154968	0.6467391304347245	0.1369293478260971	89.04244773645402	39.15117472941604	0.5891249999999999	0.050375	10527.86	18291.43	7.24	16.02					45.75	7.72	0.23	0.02	145.14	15.68	0.19	0.03	0.607665	0.942443	0.3	0.04	1109.0025961138124	326.54944676299664	3.8	0.5									False	False
chr14-23052057-23052058-AG-A	Accept	1	1	0	22	14.638	0.812	11.886	48.0	0.777	False	protein_coding	FS	9	18.62			0.17			0	38.683		0.87		11.64		0.03			0.0201230160892009		0.0507162002447499		5.054048913043445		1882.9365642764285		1.6611249999999993		4130.2		1.21		18.62		0.17		21.6		0.53		43.82		0.26		0.073602		1.5		367.8219329790623		1.3		21.408685386830957		0.3		33.545942636485435		0.5	False	False
chr11-30331018-30331019-G-A	Accept	1	5	0	7	22.868	0.863	19.735	80.0	0.846	False	protein_coding	missense	9	24.672	30.569	1.239	0.003	0.015	1.211	0	59.798	72.442	0.17	0.255	51.81	46.34	0.63	0.53	0.711250327527523	0.7233599163591862	0.971207024495277	0.9774549178272148	0.0176630434782936	0.0108695652174048	30.568584494573415	24.671568289810818	0.014625	0.002875	108.92	39.03	0.32	0.15	70.21	66.1	0.21	0.19	76.61	64.78	0.44	0.38	69.08	57.59	0.15	0.13	0.836279	0.887312	0.04	0.03	134.47247924652447	98.2569506316853	0.3	0.2	69.09235567098584	62.005469459029754	0.3	0.3	74.67410051080252	56.515815672677896	0.4	0.3	False	False
chr20-37123740-37123741-C-T	Accept	1	8	0	8	1.914	1.0	1.914	4.0	0.404	False	protein_coding	missense	10	82.22	101.16	1.23	0.18	0.29	2.099	0	125.065	262.458	0.765	1.45	19.49	20.57	0.09	0.1	0.1906581595540046	0.1804198026657104	0.0457800363246681	0.1236596793916156	5.554945652173885	2.5301358695651146	3914.779418135047	1242.1265745843518	1.942875000000002	1.1455000000000002	119.27	128.13	0.3399999999999999	0.36	101.16	82.22	0.29	0.24	236.04	122.0	0.61	0.4	174.76	89.62	0.29	0.18	0.044418	0.095449	1.4	0.83	2010.8325794908649	1637.1764276304789	1.7	1.4	288.8750276126479	113.16444556654136	1.5	0.7	368.01032200776154	172.52816372482712	1.9	1.0	False	False
chr1-242107791-242107792-A-G	Review	1	1	0	6	0.432	0.333	0.144	6.0	0.196	False	protein_coding	missense	9	0.283	0.753	2.661	0.01	0.01	1.289	0	20.325	26.2	0.043	0.081	13.575	19.085	1.3	1.5	0.3399496413767338	0.5573118180036545	0.8443910275176962	0.9376117912755796	0.2089402173912731	0.0657880434782782	51.85978167883806	40.10683114150288	0.062875	0.01875	56.42	59.64	0.5700000000000001	0.6	16.37	18.28	0.01	0.01	20.35	13.13	0.02	0.01	32.05	22.37	0.02	0.02	0.774546	0.902674	0.02	0.01	340.9925042250324	323.0352995794819	0.3	0.3	0.7530260494135277	0.2830153557731619	0.1	0.1	1.930056399456817	0.954047504738837	0.2	0.1	False	False
chr2-26482518-26482519-G-T	Review	1	6	0	5	0.538	1.0	0.538	2.0	0.268	False	protein_coding	missense	8	38.361	39.13	1.02	0.03	0.05	1.113	0	71.815	79.94	0.105	0.095	108.76	160.51	1.89	3.12	0.111597005277872	0.1245190240442752	0.7607710366827416	0.772398741896805	0.3397826086956428	0.3216847826086848	39.130102581646646	38.36129639611326	0.05225	0.0495	40.83	52.05	4.43	6.419999999999999	1059.26	1713.42	0.06	0.1	93.08	91.58	0.08	0.08	66.8	43.05	0.05	0.03	0.690213	0.695641	0.11	0.11	174.34467692156656	283.7019639618546	0.2	0.3									False	False
chr9-110483684-110483685-G-A	Review	1	7	0	4	1.108	0.3	0.332	20.0	0.386	False	protein_coding	missense	9	51.065	56.01	1.097	0.165	0.182	2.923	0	155.406	454.225	0.8	1.63	154.37	114.81	1.63	0.94	0.0849781967699527	0.0308557301759719	0.6713642027105743	0.6485480043881018	0.4883152173912748	0.5279076086955996	56.01026288910235	51.064688269050144	0.182	0.16475	4461.24	3950.56	1.66	1.04	1092.11	212.13	2.7	0.91	828.06	127.39	4.9	2.1	539.82	163.38	1.6	0.69	0.210265	0.234707	0.64	0.58	257.3781128547943	209.55169696950955	0.6	0.5	368.62942599346366	147.4314035335328	4.3	1.9	356.15578259199896	134.16523633249315	4.2	1.7	False	False
chr1-43991893-43991894-C-A	Accept	1	3	0	5	50.401	0.067	3.377	343.0	0.082	False	protein_coding	missense	9	16.89	22.34	1.323	0.1	1.2	1.707	0	70.373	120.142	0.38	0.755	103.26	119.63	1.56	1.87	0.0278156623244285	0.1222902983427047	0.5428657084287796	0.7358109436673631	0.7303532608694354	0.3806249999999807	79.50319653762593	46.63521202440364	0.2683749999999998	0.144	4122.46	1394.22	1.2	0.1	22.34	16.89	0.2	0.15	29.56	21.14	0.78	0.51	108.87	41.8	0.53	0.25	0.242151	0.323478	0.55	0.38	567.0174473895294	456.6852893751565	2.5	1.8	150.86552207798036	109.54435435238634	1.9	1.4	131.41350537766812	94.11091588919489	1.7	1.1	False	False
chr2-240568619-240568620-G-A	Accept	1	4	0	1	72.807	0.124	9.028	202.0	0.124	False	protein_coding	missense	10	113.71	107.14	0.942	0.765	0.633	0.792	0	302.615	239.753	2.485	2.276	1248.4	1672.36	5.9	8.49	0.0082513689994812	0.0072929263114929	0.2532693872552916	0.1945011918549237	1.5528260869564434	1.87081521739124	268.97739308399565	380.288168167473	0.6327499999999994	0.765249999999999	5136.15	5022.77	3.96	3.28	210.12	284.05	0.9	1.2	107.14	113.71	1.5	1.5	387.43	321.18	1.3	1.2	0.021783	0.018706	3.3	3.7	1672.9903001725866	1709.5876151371574	3.0	3.1	210.52806557956796	173.1051545303744	4.0	3.4	192.8190771693729	170.6671750757884	3.7	3.3	False	False
chr11-72231572-72231573-G-A	Reject	1	4	0	3	487.941	0.483	235.676	2554.0	0.356	True	protein_coding	missense	9	129.757	123.448	0.951	0.396	0.381	0.921	0	652.03	600.76	2.15	2.08	46.16	42.875	5.5	3.3	0.0896953307092189	0.1570685729384422	0.4908516559373946	0.5382670435019581	0.8399184782607563	0.7415489130433599	123.44837507132576	129.75660556338087	0.3813749999999997	0.3956249999999998	4703.18	4526.82	2.16	1.78	712.83	822.05	2.0	2.2	520.0	560.92	4.0	4.1	827.64	863.65	2.0	2.1	0.068801	0.067223	1.6	1.6	681.5204823560478	743.1400590825417	3.4	3.7	229.3981969174765	224.1764564479082	2.8	2.8	264.63056253843155	256.82659858132877	3.2	3.1	False	False
chr17-81691455-81691456-C-T	Reject	1	8	7	2	156.427	0.279	43.643	696.0	0.273	False	protein_coding	missense	8	50.6	30313.77	599.086	0.38	33.0	49.562	1	611.631	30313.77	0.75	33.0	338.16	429.15	6.14	8.06	0.0047237549260898	0.0691269151866436	0.0045583510809245	0.515545290880267	62.74467391304348	0.7881249999998801	22330.605017425856	103.46058526831214	27.75625	0.7203750000000001	32997.26	26654.99	63.32	34.46					30313.77	50.6	33.0	0.38	32893.89	1063.06	33.0	0.9	0.000234	0.325132	29.0	0.75	7208.657199267612	611.6306104899984	15.0	0.4									False	False
chr3-52199259-52199260-C-A	Reject	1	6	7	3	71.441	0.45	32.148	893.0	0.446	False	protein_coding	missense	10	110.487	149.386	1.352	1.5	3.5	2.878	1	580.905	1671.655	2.7	4.5	92.01	59.03	1.49	0.76	0.1655377112329006	0.203427568078041	0.0259186458800787	0.0874356620195858	9.494239130434764	3.2120380434781595	6554.352752786473	2012.104954781218	3.3473749999999987	1.7179999999999993	5349.5	5271.82	6.05	5.1	1350.11	667.86	3.0	2.0	719.41	365.84	4.2	2.9	1993.2	493.95	3.5	1.5	0.009385	0.035628	5.2	2.5	2264.981103527669	1884.439040288195	4.8	3.7	149.38603486760022	110.48669940811092	3.0	2.4	271.11278605901185	176.25847164859786	4.9	3.4	False	False
chr10-21766296-21766297-C-G	Accept	1	8	0	1	97.859	0.486	47.559	1487.0	0.369	False	protein_coding	missense	11	60.8	33.19	0.546	0.3	0.4	0.812	0	1097.049	890.464	0.768	0.807	952.225	373.35	27.0	16.0	0.2505498826503753	0.2176644206047058	0.5031924486646069	0.5119243746511746	0.8149184782607364	0.7967119565216052	210.79968211833813	180.3964517807829	0.4779999999999995	0.4298749999999996	33.19	60.8	3.06	7.93	16440.71	17047.0	4.6	4.9	1362.11	1834.15	0.56	0.72	4424.7	5775.27	0.85	1.2	0.085126	0.091607	0.8	0.74	418.8179265751275	359.94793166265003	0.4	0.3									False	False
chr5-41510434-41510435-A-G	Review	1	8	0	3	0.134	0.385	0.052	13.0	0.088	False	protein_coding	missense	9	13.73	10.84	0.79	0.12	0.13	0.805	0	93.691	75.411	0.309	0.353	250.32	91.13	0.46	0.04	0.1065182536840438	0.4648993723094463	0.6767782908233072	0.8805393200362457	0.4769021739130039	0.152717391304364	59.06412148662705	59.64195503715517	0.196375	0.198375	1545.75	1535.75	0.13	0.12	10.84	13.73	0.1	0.13	26.53	36.12	0.7	0.9	38.27	78.58	0.23	0.42	0.619003	0.61538	0.12	0.12	659.7539553864469	711.6636646085253	3.2	3.5	110.3036795413418	129.00008605085026	1.4	1.6	91.75716778805752	108.80278198340903	1.1	1.4	False	False
chr2-47839678-47839679-G-A	Accept	1	8	0	1	71.208	0.367	26.133	477.0	0.422	False	protein_coding	missense	8	18.08	60.09	3.324	0.08	12.0	14.318	0	1290.985	18483.924	0.73	17.5	40.1	126.63	0.43	1.99	0.0162696316838264	0.0243610255420207	0.0043724197072467	0.1111468359954264	62.74467391304348	2.708288043478205	24314.63769743578	796.7675682643657	56.17599999999999	2.348875000000001	60.09	18.08	0.6	0.19	30848.97	2606.53	21.0	0.83	12653.21	113.1	12.0	0.08	27462.26	2275.45	17.0	0.51	0.000205	0.082185	18.0	0.66	3807.2828566667704	1785.2014996700302	2.9	0.8									False	False
chr6-73518398-73518399-G-T	Reject	1	1	0	0	5577.535	0.425	2370.452	20825.0	0.379	False	protein_coding	missense	10	461.647	2578.161	5.585	0.58	1.2	2.099	0	2973.085	6241.005	8.35	21.5	796.87	885.73	15.26	16.86	0.0318648070096969	0.0376898609101772	0.0098038292821862	0.0089806944825899	24.57923913043477	27.61739130434782	11144.904290615628	12470.147171631475	5.132999999999999	5.7341250000000015	5741.91	5627.03	42.41	17.669999999999998	6013.44	893.93	8.4	2.3	10414.04	3416.85	20.0	9.6	6468.57	2529.32	7.8	4.0	0.105261	0.231991	1.2	0.58	16583.45680469959	11730.270410722256	31.0	25.0	2578.160795086735	461.6469812326607	23.0	7.1	3623.681343248903	847.5200866625665	26.0	12.0	False	False
chr17-61408173-61408174-G-A	Reject	1	6	0	2	8.945	0.102	0.912	157.0	0.183	True	protein_coding	missense	9	272.11	1133.8	4.167	0.684	1.212	2.135	0	505.426	1079.242	2.5	3.9	188.58	171.21	0.84	0.71	0.0634142085909843	0.1026531346142292	0.1066271475082283	0.2939482609942148	2.795434782608623	1.3880163043477154	963.6933289285296	307.1918699235188	1.212249999999999	0.6837499999999992	5648.87	5404.2	20.51	6.950000000000001	1133.8	272.11	2.7	1.2	2122.61	611.63	7.6	4.3	2448.96	1269.51	4.0	2.6	0.023105	0.05409	3.2	1.9	751.2243258762381	548.9079394871815	3.8	2.4	1024.6841063205218	461.9447120074287	8.8	5.0	1013.0712717756148	426.22606048729534	8.7	4.8	False	False
chr3-51975141-51975142-G-C	Reject	1	1	4	3	9.651	0.12	1.158	25.0	0.105	False	protein_coding	missense	10	169.092	1932.514	11.429	0.59	3.1	4.491	2	586.28	2632.94	1.165	4.3	204.83	224.58	3.28	3.7	0.0058945529162883	0.0145246461033821	0.0471982872568559	0.3524769261196471	5.346684782608634	1.1888315217390186	1932.5139453296088	169.0921988511318	3.984500000000001	1.1651249999999995	8452.39	9968.21	5.6000000000000005	6.78					2632.94	285.65	4.3	0.99	5419.0	586.28	3.1	0.59	0.002775	0.02385	11.0	4.1	2122.6127229763083	1050.6007652110409	2.5	0.8									False	False
chr8-115418357-115418358-G-C	Reject	1	6	4	0	90.005	0.39	35.102	313.0	0.291	False	protein_coding	missense	9	666.931	704.005	1.056	0.993	0.944	0.954	2	1782.536	1700.605	2.8	2.51	222.84	172.45	3.67	2.58	0.0068117082118988	0.0037888884544372	0.1044091709676263	0.0931188797377568	2.832907608695578	3.0595108695651447	803.3522358595064	905.5074564807164	0.9438749999999996	0.9928749999999996	2907.96	4845.61	2.42	3.43	2316.21	2509.64	2.6	2.8	3150.53	4727.1	4.0	5.4	3536.04	4511.18	2.4	2.8	0.002668	0.003247	5.5	5.0	704.0051280916676	666.9311044693874	1.5	1.4	1085.0006540950033	1055.4313740671057	2.6	2.6	769.4315672279314	711.4919651860932	2.0	1.9	False	False
chr13-20439603-20439604-C-G	Reject	1	1	0	2	6.337	0.765	4.848	102.0	0.7	False	protein_coding	missense	11	83.44	103.4	1.239	0.4	0.45	1.176	0	801.611	942.862	1.6	1.461	646.17	677.87	12.42	13.03	0.0855652503669262	0.0916004255414009	0.2747357011855788	0.2382894239096493	1.4610869565216404	1.622608695652076	318.12915003466577	396.0093463967204	1.776	1.995375	9356.01	15441.48	6.279999999999999	12.26					103.4	83.44	0.45	0.4	2209.69	2185.02	1.6	1.6	0.175388	0.128906	1.3	1.6	942.861739365281	801.6106208174193	0.7	0.5									False	False
chr2-240964518-240964519-C-A	Pending	5	5	0	1	0.099	0.462	0.046	26.0	0.354	False	protein_coding	missense	9	62.391	41.387	0.663	0.11	0.1	1.009	0	237.27	239.394	0.515	0.325	112.57	251.45	0.07	0.46	0.3023050054907799	0.1054202318191528	0.8553486352193516	0.6641597862145874	0.1914673913043429	0.5001630434782243	41.38741956836381	62.3913478891651	0.062375	0.148125	132.97	173.27	17.93	22.17	3371.46	2242.31	0.32	0.15	601.78	1011.56	0.33	0.53	198.14	248.5	0.1	0.11	0.727019	0.614687	0.1	0.14	280.6489180372726	226.0393096133909	0.7	0.6	663.9876474358151	674.7765787889349	12.0	12.0	182.3979697754797	183.2398805511683	1.8	1.8	False	False
chr2-240964517-240964518-G-T	Pending	5	5	0	1	0.099	0.462	0.046	26.0	0.354	False	protein_coding	missense	9	62.391	41.387	0.663	0.11	0.1	1.009	0	237.27	239.394	0.515	0.325	112.57	251.45	0.07	0.46	0.3023050054907799	0.1054202318191528	0.8553486352193516	0.6641597862145874	0.1914673913043429	0.5001630434782243	41.38741956836381	62.3913478891651	0.062375	0.148125	132.97	173.27	17.93	22.17	3371.46	2242.31	0.32	0.15	601.78	1011.56	0.33	0.53	198.14	248.5	0.1	0.11	0.727019	0.614687	0.1	0.14	280.6489180372726	226.0393096133909	0.7	0.6	663.9876474358151	674.7765787889349	12.0	12.0	182.3979697754797	183.2398805511683	1.8	1.8	False	False
chr6-4060499-4060500-C-G	Reject	1	6	0	0	93.485	0.396	37.02	1294.0	0.376	False	protein_coding	missense	9	98.36	158.0	1.606	0.942	1.837	3.663	0	2459.021	9006.769	5.7	17.83	359.205	333.32	16.0	16.0	0.1847329586744308	0.272878173738718	0.0670102164780912	0.2546661201372047	3.996902173913	1.548505434782527	2528.8884856216337	699.89788630306	1.8375	0.9419999999999996	158.0	98.36	20.66	13.63	19992.36	10388.38	6.8	2.0	21384.59	6978.43	24.0	4.8	29694.25	21985.43	15.0	6.6	0.006633	0.022868	3.3	1.8	9654.42834743743	2551.251382965138	39.0	14.0	8359.109224743732	2366.7914950952154	85.0	39.0	1548.8879461960105	770.9389712986133	26.0	14.0	False	False
chr3-142694468-142694469-G-C	Accept	1	9	0	1	27.158	0.259	7.034	398.0	0.205	False	protein_coding	missense	9	67.21	685.04	10.193	0.9	1.7	6.422	0	1150.458	7388.597	4.6	17.0	64.5	180.8	0.1	0.78	0.0145404338836669	0.1492318846285343	0.0081085039499072	0.124048495845614	27.61739130434782	2.5301358695651146	12744.48748750062	1104.6570537496857	5.684624999999996	1.1883749999999993	685.04	67.21	47.88	9.01	24771.13	23504.26	12.0	9.7	26265.23	13356.59	33.0	13.0	33888.79	18107.71	22.0	4.7	7.5e-05	0.007196	23.0	3.2	2032.7074694949488	1196.2593708868835	9.6	5.3	325.20708603634523	325.20708603634523	4.5	4.5	171.40362399768233	119.40430909145832	1.7	0.9	False	False
chr10-126459179-126459180-C-T	Reject	1	4	0	2	0.083	1.0	0.083	2.0	0.795	False	protein_coding	missense	9	320.359	1771.616	5.53	0.698	1.611	2.18	0	509.888	1111.342	1.805	3.834	51.715	219.245	5.0	14.0	0.0805447734892368	0.1524919085204601	0.0655902518735292	0.3228474072277688	4.047907608695596	1.2861684782607767	1771.616424982637	320.3592398050899	1.6114999999999997	0.6979999999999992	5083.67	4436.09	3.62	1.61	722.58	349.19	2.1	1.4	1183.39	479.47	5.7	3.9	1305.99	835.39	2.7	2.0	0.101964	0.160572	1.2	0.8	1039.2947723310567	973.9685259346436	5.5	5.0	652.5142492504378	465.14675977890585	6.3	5.0	834.9106482949817	540.3062608539598	7.7	5.6	False	False
chr19-39314605-39314606-G-A	Reject	1	9	0	0	37.967	0.195	7.404	706.0	0.18	False	protein_coding	missense	9	220.84	3392.67	15.363	0.523	8.096	8.062	0	1501.815	12106.93	5.3	31.822	382.315	706.195	26.0	32.0	0.0863788425922393	0.205943439155817	0.0078675799585902	0.4284469232568565	31.64317934782608	0.984076086956378	17082.778389173203	244.2681837805532	8.096124999999997	0.5231249999999995	3392.67	220.84	78.17	26.28	34306.79	17132.43	29.0	5.0	40708.92	19088.05	86.0	20.0	42160.86	19976.13	50.0	5.6	0.000501	0.056553	11.0	1.1	7131.081559054952	1062.0297506032605	32.0	4.6	2673.991362040897	1941.601058108038	43.0	32.0	1199.5545434056137	783.4657218652947	21.0	14.0	False	False
chr6-34242748-34242749-G-C	Reject	1	9	0	0	219.588	0.466	102.328	4427.0	0.398	False	protein_coding	missense	9	426.177	3166.577	7.43	3.2	3.8	1.136	0	7410.985	8415.277	11.9	19.5	6946.81	3912.54	73.72	54.41	0.8122842162847519	0.395706232637167	0.2070717349750828	0.0430642361090846	1.7952717391303563	5.788070652173886	6584.164840131116	8824.4479699533	3.3473749999999987	4.159499999999999	5520.37	5645.51	10.21	20.03	16099.03	18165.61	22.0	24.0	10246.39	17316.93	19.0	29.0	17691.92	15060.52	21.0	18.0	0.017508	0.023179	3.8	3.2	16583.45680469959	5997.52246638931	50.0	29.0	3166.5766135315803	426.1769922232898	20.0	4.8	4546.110628830021	567.0743452327188	23.0	5.8	False	False
chr21-46349070-46349071-A-T	Reject	1	4	0	0	98.104	0.164	16.089	581.0	0.202	False	protein_coding	missense	9	950.189	522.168	0.55	1.5	2.0	0.986	0	2562.852	2528.215	4.65	4.349	269.92	310.51	3.88	4.71	0.0045992173254489	0.0140601657330989	0.0687700231779795	0.0896639748816657	3.8986413043477626	3.1588586956520857	1275.0893963070564	981.1700936773824	3.3495000000000013	2.7715	3139.66	2707.07	8.559999999999999	7.76	12800.28	13595.12	4.8	5.1	14643.23	14485.65	16.0	15.0	12466.63	10768.45	3.8	3.1	0.018194	0.02766	2.0	1.5	1637.1764276304789	1804.6218566100913	3.6	4.2	522.1676952660483	950.1890034140248	5.8	8.8	1916.769984658091	2418.6331441185166	15.0	17.0	False	False
chr2-32115756-32115757-G-T	Pending	1	9	0	0	54.146	0.065	3.519	705.0	0.081	False	protein_coding	missense	9	378.46	1076.515	2.844	1.287	19.283	10.821	0	1549.663	16768.177	3.74	31.0	765.75	641.46	14.7	12.33	0.0135796107351779	0.0229123048484325	0.0041221540266996	0.0731815467282176	62.74467391304348	3.679429347826016	25590.416549349706	1272.2966236281568	19.282625000000003	1.2873749999999995	3146.99	1827.03	76.92	67.10000000000001	30146.16	14948.83	20.0	3.8	37132.0	11233.42	67.0	8.7	42835.87	14036.51	54.0	3.2	4.5e-05	0.02196	27.0	1.8	7945.936747596634	855.3764372017306	35.0	3.5	711.4755826667771	516.606659143995	13.0	7.6	1076.514787826394	378.4600130434747	19.0	5.2	False	False
chr15-22851842-22851843-C-A	Accept	1	1	0	1	19.293	0.892	17.209	379.0	0.703	False	protein_coding	missense	10	3423.54	3862.38	1.128	0.79	0.89	1.198	0	5346.006	6406.38	6.992	7.9	72.46	45.18	1.0	0.52	0.0185104757547378	0.0306523218750953	0.0166464299697869	0.0237832258431128	14.277038043478257	10.23198369565216	6111.452556920696	4391.123161857407	9.973625000000004	7.883875000000002	6201.83	4886.04	13.66	11.57	19121.95	20891.96	8.1	9.2	8853.9	6978.43	7.7	6.1	3862.38	3423.54	0.89	0.79	0.005938	0.010746	3.8	2.7	6610.930835365694	5805.9724867553105	6.8	5.5									False	False
chr6-136179050-136179051-G-T	Pending	1	6	0	5	0.661	0.056	0.037	36.0	0.125	False	protein_coding	missense	11	22.19	19.91	0.897	0.137	0.304	1.496	0	885.412	1324.655	0.73	0.885	29.26	34.58	0.12	0.17	0.6050434932112694	0.5973385162651539	0.7835973606647312	0.8905390134883586	0.3040760869564849	0.1369293478260971	206.558942188789	87.28188262819313	0.4719999999999995	0.2279999999999999	19.91	22.19	0.97	1.26	14174.78	15339.77	3.5	4.1	1967.79	1347.45	0.8	0.56	7234.44	4909.38	1.5	0.92	0.028322	0.069271	1.6	0.9	681.5204823560478	423.3740473427198	0.6	0.4									False	False
chr16-24790656-24790657-G-A	Pending	5	2	0	0	63.987	0.16	10.238	674.0	0.126	False	protein_coding	missense	9	171.009	137.094	0.802	1.7	1.1	0.235	0	5616.584	1319.6	17.0	4.95	370.27	305.21	0.95	0.66	0.0023408383131027	0.000617291778326	0.0439577852468812	0.0098753488917666	5.788070652173886	24.57923913043477	2059.778227660055	9871.055514007285	1.6518749999999998	4.506999999999997	221.23	267.21	26.31	29.69	19511.74	30158.88	6.4	20.0	10357.86	21617.22	7.9	24.0	19012.61	36811.18	5.1	29.0	0.011327	0.000276	2.6	14.0	579.4211750802284	1362.1125453370685	2.2	6.2	345.27091841433173	401.0144295917076	4.8	5.7	137.09448990569106	171.00940660190463	1.1	1.7	False	False
chr1-979348-979349-G-A	Reject	2	4	4	0	0.552	0.25	0.138	4.0	0.214	False	protein_coding	missense	10	416.702	1043.086	2.503	0.75	0.76	1.363	1	1523.591	2075.95	3.5	4.82	154.79	177.01	1.64	2.06	0.4154385477304458	0.094246819615364	0.2774679238321001	0.2310854380019439	1.4484510869564249	1.6615489130433758	1043.0863611439845	416.7022302889444	1.2548749999999989	0.804124999999999	5333.95	5408.38	5.84	7.03	1701.71	1429.58	3.5	3.2	1407.05	588.9	5.9	3.8	2314.05	1457.5	3.8	2.9	0.172292	0.174183	0.76	0.75	4018.9258489021786	3454.0165428148343	9.1	7.7	1837.8497349309785	1589.681060245709	19.0	17.0	2438.6529538195036	1671.6678882472772	22.0	18.0	True	False
chr16-71537275-71537276-T-C	Pending	1	6	0	0	2.334	0.203	0.474	59.0	0.119	False	protein_coding	missense	10	860.02	631.81	0.735	2.201	1.862	0.796	0	2039.307	1624.083	4.5	3.469	64.245	67.04	1.4	1.2	0.2468202970921993	0.0932365581393241	0.0868006378321813	0.0393654915544013	3.238749999999925	6.327092391304319	2376.095751917102	3229.1249954570426	1.861874999999999	2.200874999999999	5258.45	5493.91	4.96	9.22	850.75	1770.37	2.3	3.6	631.81	860.02	4.0	4.5	675.49	1932.91	1.8	3.4	0.03573	0.013866	2.5	4.3	1904.938955172279	2145.7036159277955	3.7	4.5	1473.363816297026	1668.4377207528798	17.0	18.0	1774.8023700639112	2148.5724366203444	18.0	20.0	False	False
chr19-39913736-39913737-T-G	Pending	1	1	0	6	81.949	0.118	9.67	17.0	0.097	False	protein_coding	missense	10	146.01	49.717	0.341	0.68	0.14	0.197	0	10354.2	2037.49	1.1	0.209	607.97	601.17	4.72	4.66	0.3272476531565189	0.0194425694644451	0.8438709024126793	0.3897880020459604	0.2089402173912731	1.0836684782607051	49.71698331351045	146.00984415234308	0.133875	0.851625	30243.17	24459.55	58.79	42.17					2037.49	10354.2	0.22	1.3	3894.7	11863.91	0.14	0.68	0.103628	0.008852	0.14	1.1	442.0995903020487	1262.7582159361314	0.4	2.2									False	False
chr2-240964517-240964519-GC-TA	Review	5	5	0	1	0.099				0.378	False	protein_coding	missense	9	62.391	41.387	0.663	0.11	0.1	1.009	0	237.27	239.394	0.515	0.325	112.57	251.45	0.07	0.46	0.3023050054907799	0.1054202318191528	0.8553486352193516	0.6641597862145874	0.1914673913043429	0.5001630434782243	41.38741956836381	62.3913478891651	0.062375	0.148125	132.97	173.27	17.93	22.17	3371.46	2242.31	0.32	0.15	601.78	1011.56	0.33	0.53	198.14	248.5	0.1	0.11	0.727019	0.614687	0.1	0.14	280.6489180372726	226.0393096133909	0.7	0.6	663.9876474358151	674.7765787889349	12.0	12.0	182.3979697754797	183.2398805511683	1.8	1.8	False	False
chr17-19003955-19003957-TC-CT	Review	5	3	0	2	23.418				0.049	False	protein_coding	missense	9	95.448	214.118	2.243	0.24	0.85	4.877	0	272.812	1330.51	0.45	1.95	21.36	37.36	0.14	0.38	0.4600113593041897	0.348186943680048	0.6767119026612972	0.7554413519176241	0.4769021739130039	0.3495380434782333	214.1176683987572	95.44845638377316	0.7887499999999997	0.289375	1215.39	156.14	4.68	1.25	2684.38	637.12	0.85	0.24	1445.63	377.91	1.8	0.55	7927.47	1119.31	2.1	0.26	0.036962	0.183702	1.3	0.3	1709.5876151371574	1550.9601273084331	3.9	3.3	296.3534585668599	115.56065639202608	3.8	1.8	452.4493826799281	167.71426374187666	5.3	2.4	False	False
chr10-42830383-42830394-GCGGAGACCGGC-G	Reject	1	6	0	0	47.256	0.122	5.765	1024.0	0.15	False	protein_coding	FS	9	168.89	189.16	1.12	2.1	0.6	0.332	0	14055.669	4664.775	33.785	21.5	2030.71	8326.44	34.46	79.5	0.0021349601447582	0.0007170095659603	0.0045576481116079	0.0033161945583256	62.74467391304348	99.28660326086955	22124.554250714275	30574.707933726968	12.77775	42.57025	189.16	168.89	23.64	21.74	5480.85	22956.84	0.68	9.3	23571.74	34423.54	28.0	56.0	40716.85	45586.49	43.0	76.0	7.2e-05	9e-06	23.0	45.0	3848.700473704344	5154.497145169031	20.0	25.0	234.50926202408533	256.54290014101906	2.9	3.3	86.9000447314361	198.61863825144167	0.6	2.1	False	False
chr11-111723821-111723822-C-A	Pending	1	3	0	0	33.24	0.032	1.064	249.0	0.058	True	protein_coding	missense	9	264.253	2924.287	11.066	2.771	1.796	2.142	0	6840.802	14653.032	24.5	54.5	139.1	182.35	4.9	6.1	0.0014597401022911	0.0120637826621532	0.037734691959496	0.0193061888935768	6.63130434782606	12.187228260869546	2418.6757326226257	5110.477098868631	1.7961249999999995	2.7705	6610.28	3741.47	88.47	79.79	34934.21	34222.27	31.0	29.0	42740.04	42051.98	98.0	95.0	44340.18	44752.26	65.0	68.0	0.000223	0.000116	15.0	20.0	22695.784233776947	8571.126278780523	63.0	36.0	4944.928313240684	625.4030573394701	67.0	9.7	2924.287043137594	264.2530447544229	46.0	3.4	False	False
chr9-17789436-17789437-A-C	Pending	1	2	0	0	0.646	0.3	0.194	10.0	0.448	False	protein_coding	missense	9	551.266	3126.188	5.671	0.89	0.87	0.855	0	4987.46	4263.745	5.2	8.935	525.485	518.305	19.0	22.0	0.0028135813772678	0.0046900808811187	0.0297950807685432	0.1429642693030074	8.269211956521715	2.3018478260868847	3126.188459924421	551.2661672110797	6.268250000000003	1.7692500000000009	8470.15	24045.36	17.26	45.46	4057.51	7859.66	1.4	2.8	10246.39	8032.38	9.7	7.6	4469.98	4533.89	1.2	1.2	0.058719	0.056321	0.87	0.89	3272.1225681968112	5441.03041320878	9.6	19.0	29840.76826047314	4119.172695041846	50.0	22.0	3030.888779972922	1826.2910886979	19.0	14.0	False	False
chr17-28919176-28919177-C-A	Pending	1	8	0	5	192.661	0.0	0.0	1054.0	0.148	False	protein_coding	missense	9	14.43	18.85	1.306	0.05	0.07	1.105	0	40.884	45.172	0.09	0.107	312.73	1046.59	4.93	12.55	0.5497904270887375	0.3230181261897087	0.9287613991296462	0.8655718815191685	0.0794021739130386	0.1761413043477944	45.17233585064277	40.88379657456191	0.106625	0.065375	31909.39	28895.52	56.99	42.620000000000005					18.85	14.43	0.12	0.06	41.0	30.35	0.07	0.05	0.887672	0.870076	0.07	0.09	618.2842486218158	514.4056055406149	1.6	1.2									False	False
chr6-149968653-149968654-C-G	Pending	1	7	0	4	0.294	0.0	0.0	3.0	0.424	False	protein_coding	missense	11	46.04	56.58	1.229	0.09	0.05	1.249	0	97.21	121.43	0.385	0.4	310.26	774.95	4.7	14.23	0.1424381993710994	0.1733848191797733	0.6682183544060017	0.6970067712562459	0.4933152173912845	0.4426086956521544	70.06859585913901	68.39703238788326	0.400375	0.38525	12418.91	6656.31	8.98	4.31					56.58	46.04	0.36	0.3	121.43	97.21	0.16	0.13	0.911565	0.866536	0.05	0.09	1437.8310001273976	1485.2677558853384	1.6	1.7									False	False
chr6-116512113-116512114-C-G	Pending	1	8	0	2	0.056	0.0	0.0	7.0	0.234	False	protein_coding	missense	9	60.288	50.788	0.842	0.14	0.09	0.528	0	101.5	53.56	0.45	0.29	417.045	829.06	21.38	30.74	0.0937404036521911	0.1162631437182426	0.6985575297360007	0.6799543153575318	0.4409239130434628	0.4717663043477813	50.78779791841424	60.28801027703776	0.171375	0.288125	19601.07	23672.54	18.06	26.16					53.56	100.04	0.29	0.45	52.87	101.5	0.09	0.14	0.744459	0.606799	0.16	0.3	286.7882225190838	316.1200502534412	0.4	0.5									False	False
chr6-73105338-73105339-T-C	Pending	1	8	0	9	2.421	0.0	0.0	26.0	0.377	False	protein_coding	missense	10	88.135	89.981	1.021	0.378	0.483	1.145	0	171.065	195.855	1.95	1.96	33.865	34.065	3.5	3.6	0.0934845209121704	0.06144430488348	0.4117879835439303	0.4700477772722387	1.026576086956382	0.8884239130433542	173.99789920187493	121.35652948231017	0.4834999999999997	0.3784999999999997	4645.48	4693.02	2.02	2.14	575.21	477.12	1.8	1.6	211.83	197.45	2.1	2.0	179.88	144.68	0.73	0.64	0.013974	0.021609	4.3	3.4	1485.2677558853384	1391.9092882313646	2.6	2.4	110.23258705101532	97.5685835108901	2.4	2.1	89.9808310646326	88.1353229065596	1.9	1.9	False	False
chr17-7675189-7675189-G-GC	Review	1	10	4	6	27.149	0.0	0.0	121.0	0.73	False	protein_coding	FS	10	27.01	18514.24	685.459	0.14	19.0	97.845	1	189.22	18514.24	0.485	17.0	129.08	185.12	1.18	2.21	0.0035456046462059	0.1902584470808506	0.0143429576095845	0.6816572874861727	16.15755434782608	0.4698369565216751	6762.503372400171	78.3034371331429	7.265999999999997	0.48525	27832.37	15932.65	38.53	12.839999999999998					18514.24	27.01	19.0	0.14	22924.81	189.22	17.0	0.24	0.000389	0.393919	24.0	0.62	5099.027255984747	1567.8322839124316	9.1	1.6									False	True
chr17-28917403-28917404-C-G	Pending	1	4	0	5	192.661	0.0	0.0	1131.0	0.138	False	protein_coding	missense	10	37.92	25.69	0.677	0.26	0.1	0.611	0	235.554	143.864	0.495	0.249	9.085	11.425	0.35	0.46	0.2663810066878795	0.1537905633449554	0.8439383222931974	0.4714542279185518	0.2089402173912731	0.8858967391303167	39.8098545223266	168.89716262300698	0.1155	0.4714999999999997	1392.15	2219.04	0.1	0.26	32.93	53.32	0.29	0.39	25.69	37.92	0.44	0.68	27.52	52.84	0.17	0.31	0.669231	0.267613	0.1	0.49	482.0719613908703	503.39367272195074	0.5	0.5	247.91910762027936	302.21081356385537	4.6	5.2	281.2872194278138	360.7032039825607	5.0	5.9	False	False
chr18-14752874-14752875-C-G	Pending	1	1	0	5	0.521	0.0	0.0	9.0	0.095	False	protein_coding	missense	8	36.103	41.928	1.161	0.027	0.064	0.927	0	362.031	335.772	0.18	0.195	82.65	94.945	1.02	1.7	0.5662360563874245	0.6946321055293083	0.9369320751017024	0.96435942315638	0.0670652173913168	0.0267391304348052	41.92805501072611	36.10282441999466	0.064375	0.04025	35.31	82.02	3.45	11.31	10837.88	12791.28	2.1	2.9	307.68	371.82	0.17	0.19	505.78	494.34	0.18	0.17	0.462311	0.59152	0.21	0.15	363.86363379152226	352.24248988870096	0.4	0.4									False	False
chrX-18901552-18901553-C-T	Pending	1	5	0	1	53.774	0.0	0.0	760.0	0.326	False	protein_coding	missense	10	214.14	127.39	0.595	0.923	0.602	0.616	0	517.308	318.778	2.15	0.937	160.8	168.525	13.0	13.0	0.2476900145411491	0.1385078416205942	0.4626611059090638	0.2134975486834738	0.903559782608582	1.755733695652097	246.5796308112488	543.6856699584923	0.6018749999999995	0.9234999999999992	3036.19	5046.47	0.5	3.41	238.62	793.28	0.97	2.2	127.39	214.14	1.6	2.1	158.94	490.93	0.68	1.5	0.290081	0.108932	0.44	1.1	1517.7585670175067	1584.8879846730229	2.7	2.8	426.8841205499344	401.1529589906582	6.7	6.4	390.9759107703775	415.0973874366354	6.2	6.6	False	False
chr1-57015363-57015364-C-T	Pending	1	2	0	2	0.297	0.0	0.0	4.0	0.437	False	protein_coding	missense	10	136.33	33.64	0.247	0.65	0.57	1.659	0	683.683	1134.436	3.05	6.046	18.405	23.145	0.24	0.27	0.0010325238108634	0.0016943477094173	0.0369093990112049	0.0793135871229249	6.792608695652163	3.454483695652087	2472.704360643288	1076.6609613907287	1.9068749999999992	1.2764999999999989	5626.72	5348.71	17.630000000000003	6.04	33.64	136.33	0.29	0.7	1115.02	354.15	5.3	2.8	116.47	147.65	0.57	0.65	0.083236	0.083207	1.4	1.4	3133.5287466619466	1785.2014996700302	6.8	3.3	1097.2611431925404	667.2829067184841	14.0	9.4	1153.851715269831	700.083754612219	15.0	9.7	False	False
chr1-114677966-114677967-G-T	Pending	1	1	0	2	0.195	0.0	0.0	2.0	0.47	False	protein_coding	missense	10	369.59	1659.97	4.491	1.17	2.3	3.365	0	776.028	2611.43	2.54	3.5	149.435	172.185	14.0	16.0	0.2315547727048397	0.1908098310232162	0.1047326642524858	0.0601663450175993	2.832907608695578	4.329592391304317	1815.030342503257	2910.5674205031555	1.6297499999999994	2.080125	4755.49	4099.86	2.3	1.17	1659.97	369.59	3.5	1.4	2145.7	390.37	7.3	3.0	2033.06	612.94	3.5	1.7	0.021205	0.054904	3.4	1.9	4676.226873485467	3307.718431318005	12.0	7.3	4648.469652330007	832.3576971767521	29.0	12.0	3077.1594444403336	719.6975097949365	24.0	9.9	False	False
chr17-11932025-11932026-A-T	Pending	1	8	0	1	0.014	0.0	0.0	0.0	0.414	False	protein_coding	missense	8	130.797	709.775	5.427	0.335	0.952	2.481	0	922.896	2289.805	0.588	1.276	370.67	526.35	8.4	11.63	0.1930299252271652	0.2113644890487194	0.2026190532536408	0.5836365782777077	1.8201630434782032	0.6467391304347245	709.7753064356866	130.79656527104217	0.9519999999999996	0.3353749999999997	2735.51	593.41	74.47	45.02	10398.5	9229.41	2.0	1.7	1844.1	902.93	0.91	0.49	4057.86	2393.42	0.79	0.53	0.126411	0.271498	0.62	0.34	1133.2624602040687	942.861739365281	1.6	1.3									False	False
chr10-117543493-117543494-C-T	Pending	1	4	0	1	0.148	0.0	0.0	1.0	0.157	False	protein_coding	missense	10	167.56	66.33	0.396	0.73	0.58	0.461	0	1080.009	497.462	3.26	1.81	54.43	181.18	0.67	2.93	0.0623449645936489	0.0467079989612102	0.1483608012385448	0.0475638202653576	2.241521739130363	5.346684782608634	650.3925532971333	2223.6418285432624	1.0006249999999992	1.8027499999999992	4545.84	5160.78	1.82	4.12	66.33	167.56	0.45	0.79	154.78	286.79	1.8	2.4	353.54	472.88	1.2	1.5	0.231857	0.179939	0.58	0.73	2781.922411072352	3380.0760613847024	5.9	7.5	443.9254054320794	984.7137449877994	7.0	14.0	550.9979715014834	1175.3034202653232	8.2	15.0	False	False
chr2-1889469-1889470-T-G	Pending	1	6	0	2	0.003	0.0	0.0	0.0	0.084	False	protein_coding	missense	9	511.199	474.887	0.929	0.62	1.1	1.442	0	1136.23	1638.58	2.6	3.899	391.89	457.88	6.3	7.2	0.2992736622691154	0.381192646920681	0.0683657858500564	0.1383417360767048	3.8986413043477626	2.3454619565216603	3754.2050578761705	2259.714196273174	2.3758749999999984	1.8212499999999991	5254.45	5178.21	4.92	4.25	1986.78	1136.5	3.9	2.7	1290.38	1340.18	6.0	6.1	2255.0	1135.96	3.8	2.5	0.11238	0.215454	1.1	0.62	508.8698527539727	514.4056055406149	2.2	2.2	474.8866927769772	511.1990051901346	5.1	5.4	613.2534498447104	654.0937509354433	6.1	6.3	False	False
chr5-80654880-80654907-TGCAGCGGCTGCAGCGGCCGCAGCGGCC-T	Pending	1	8	0	0	10.198	0.0	0.0	184.0	0.435	True	protein_coding	inframe_del	9	155.604	147.918	0.951	0.926	0.267	0.169	0	1781.47	300.204	2.064	0.96	278.15	201.25	4.05	2.52	0.1796833947300911	0.1232747845351696	0.615363503066649	0.1725535531473308	0.5868206521738557	2.027690217391225	101.71273811691196	674.7400081356166	0.2667499999999999	0.9258749999999996	345.8	2888.2	34.5	75.42	9021.0	10761.46	1.6	2.1	4478.16	14407.49	2.9	14.0	3068.87	16365.63	0.62	4.0	0.164413	0.016605	0.53	2.1	254.6083498698839	514.4056055406149	0.6	1.8	171.85414045954934	171.85414045954934	1.7	1.7	147.91765051951586	155.60372881203858	1.3	1.3	False	False
chr2-11635286-11635287-T-C	Pending	1	3	0	3	2.46	0.0	0.0	22.0	0.13	False	protein_coding	missense	9	773.82	1934.817	2.5	0.45	0.77	1.71	0	1925.983	3293.933	5.45	8.35	32.335	31.24	4.3	4.1	0.1110962256789207	0.1164112500846386	0.0757360235262511	0.0987149078620911	3.599483695652097	2.9511413043477432	1688.5453844484437	1276.997857719522	1.5756249999999994	1.3806249999999989	3587.06	2904.69	0.77	0.4499999999999999	4817.92	2123.78	7.1	4.0	7989.04	3606.79	17.0	9.8	8522.85	5482.93	9.6	6.9	0.021435	0.036186	3.4	2.5	3000.8051964776514	1728.185404637339	17.0	9.8	2407.6314072123164	930.229268665055	17.0	8.2	1934.8174695605076	773.820088696776	15.0	7.2	False	False
chr17-9861194-9861195-A-G	Pending	1	9	0	1	0.0	0.0	0.0	0.0	0.158	False	protein_coding	missense	9	167.714	145.402	0.867	1.3	3.6	1.777	0	2131.389	3788.21	3.1	5.0	219.61	606.76	1.08	4.72	0.0076759085059165	0.054903257638216	0.012778556484991	0.0631025904510167	18.61798913043478	4.157119565217343	7744.376144024935	1683.7719988882063	11.988250000000004	4.066500000000002	373.91	303.91	2.24	1.95	5106.65	5842.21	1.8	2.1	13356.59	9146.01	14.0	8.6	11996.61	5105.1	3.6	1.3	0.002062	0.008424	6.4	3.1	2469.769045352091	2579.005231766049	6.5	6.9	231.1053503481445	231.1053503481445	3.1	3.1	145.40187268506557	167.7142637418765	2.1	2.4	False	False
chr12-113153354-113153355-C-A	Pending	3	9	0	2	0.193	0.0	0.0	0.0	0.143	False	protein_coding	missense	10	251.87	346.57	1.376	0.25	0.34	1.058	0	2347.916	2484.669	1.75	2.6	99.84	464.33	3.68	15.83	0.0369117707014083	0.1003195010125637	0.190411417266916	0.302296508477485	1.898478260869496	1.3596467391303406	435.2440721697208	292.3339360836569	1.4537500000000003	1.0456249999999998	1078.77	1352.13	4.35	5.01	9057.18	8430.13	3.3	3.0	346.57	251.87	0.34	0.25	8742.15	5677.38	2.3	1.5	0.009668	0.017963	2.9	2.0	3890.5686532731647	3343.7015248821103	3.0	2.4									False	False
chr13-110183209-110183210-C-G	Pending	1	7	0	0	55.841	0.0	0.0	351.0	0.206	False	protein_coding	missense	11	1151.619	652.981	0.567	0.93	2.04	1.479	0	3093.94	4576.122	3.218	2.533	717.96	2338.22	13.09	38.36	0.0177494473755359	0.0118935666978359	0.1290753692700192	0.0772009045628104	2.4632608695651186	3.526929347825998	652.981193854048	1151.619364671583	2.533375	3.218125000000001	2996.64	1214.49	2.04	0.93					11412.55	7761.67	13.0	8.6	4767.52	3093.94	2.8	2.0	0.230003	0.244857	1.1	0.98	4576.122411906873	4242.333860404259	7.8	7.2									False	False
chr8-142681447-142681448-C-G	Pending	4	10	0	0	0.809	0.0	0.0	0.0	0.416	False	protein_coding	missense	10	566.435	751.883	1.327	4.2	3.6	0.936	0	4130.591	3864.588	13.5	13.0	886.54	2076.75	7.44	17.65	0.0151127688586711	0.0712728351354599	0.0038509405693006	0.0052168270506935	99.28660326086955	46.22467391304348	27609.17997703016	24748.69079095868	28.239125000000005	19.033875000000005	5150.17	5709.93	4.05	32.65	1745.7	2259.52	3.6	4.2	5590.22	5774.65	14.0	14.0	13646.11	9325.58	16.0	12.0	8e-06	9.3e-05	69.0	37.0	2579.005231766049	2551.251382965138	5.5	5.5	278.8110615712086	914.7659696938556	5.0	13.0	751.882540205631	566.4348949381523	12.0	8.3	False	False
chr8-42732034-42732035-C-G	Pending	1	9	0	3	0.0	0.0	0.0	0.0	0.111	False	protein_coding	missense	9	6829.038	5099.027	0.747	2.854	10.698	1.259	0	10098.189	12711.64	14.0	14.0	95.79	569.47	1.43	8.1	0.0458421893417835	0.0342916510999202	0.0053771579178933	0.0145239539437249	46.22467391304348	16.15755434782608	21863.374728006616	7465.450072333474	10.698000000000002	2.854000000000001	13560.95	8245.02	8.44	5.26	11257.03	15124.87	8.0	12.0	19932.31	11233.42	21.0	12.0	22124.06	25696.57	15.0	19.0	0.000797	0.000729	9.0	9.4	5099.027255984747	6829.0379086880075	14.0	17.0	8006.2657234954495	10554.313740671068	14.0	17.0	11862.329957089893	9642.063781930236	18.0	16.0	False	False
