ID	A*26:01	A*32:01	B*35:02	B*37:01	C*04:01	C*06:02	Gene	AA Change	Num Passing Transcripts	Best Peptide	Best Transcript	TSL	Allele	Pos	Prob Pos	Num Passing Peptides	IC50 MT	IC50 WT	%ile MT	%ile WT	RNA Expr	RNA VAF	Allele Expr	RNA Depth	DNA VAF	Tier	Ref Match	Comments	python_Evaluation_pred	python_Accept_pred_prob	Evaluation	R_Evaluation_pred	R_Accept_pred_prob
chr10-87894102-87894103-T-C						3.0	PTEN	V53A	5	YRNNIDDAV	ENST00000371953.8	1.0	HLA-C*06:02	8		3	123.408	81.278	0.49	0.298	57.596	0.57	32.83	286	0.41	Pass	False	No comments	Accept	0.9306930693069309	Accept	Accept	0.932668329177057
chr1-113590620-113590621-A-G	3.0	1.0	1.0	2.0			MAGI3	M301V	4	EVAYTDTGM	ENST00000369617.8	1.0	HLA-A*26:01	2		7	92.651	1657.07	0.15	0.995	8.066	0.2	1.613	20	0.305	Pass	False	No comments	Accept	0.8415841584158416	Accept	Accept	0.880299251870324
chr13-77901081-77901082-CA-C						2.0	EDNRB	FS399	8	LRKKSGMQM	ENST00000377211.8	1.0	HLA-C*06:02	9		2	389.232	531.974	0.717	0.824	73.477	0.033	2.425	246	0.247	Pass	False	No comments	Accept	0.6633663366336634	Accept	Accept	0.683291770573566
chr5-160620586-160620587-C-T	1.0		2.0	3.0			ATP10B	A726T	3	YEAESPDEATL	ENST00000327245.10	1.0	HLA-B*37:01	10		6	495.13	524.44	0.332	0.423	31.885	0.14	4.464	50	0.253	Pass	False	No comments	Accept	0.8118811881188119	Accept	Accept	0.760598503740648
chr17-81957899-81957900-C-T		2.0		4.0		1.0	NOTUM	A201T	3	KSEKNEYTF	ENST00000409678.8	1.0	HLA-A*32:01	8		6	211.435	372.325	0.55	0.945	0.28	1.0	0.28	2	0.27	LowExpr	False	No comments	Review	0.3267326732673267	Reject	Review	0.269326683291771
chr1-210404479-210404480-C-A				2.0		1.0	HHAT	T34K	6	KENEYYLL	ENST00000426968.2	1.0	HLA-B*37:01	1		3	290.67	525.658	0.116	0.11	2.238	0.207	0.463	29	0.206	LowExpr	False	No comments	Review	0.5742574257425742	Review	Accept	0.623441396508728
chr7-146774336-146774337-C-A	4.0	1.0					CNTNAP2	S55Y	2	SIYGSYSPGY	ENST00000361727.8	1.0	HLA-A*26:01	3		4	390.212	701.136	0.2	0.305	81.035	0.32	25.931	25	0.204	Subclonal	False	No comments	Accept	0.9405940594059404	Accept	Accept	0.915211970074813
chr15-22870140-22870141-C-T		2.0		1.0		1.0	CYFIP1	E1217K	3	ILNDKIITI	ENST00000610365.4	1.0	HLA-A*32:01	5		3	232.404	427.551	0.254	0.774	100.893	0.029	2.926	489	0.068	Subclonal	False	No comments	Accept	0.693069306930693	Accept	Accept	0.745635910224439
chr19-49889940-49889941-A-G	1.0	1.0	1.0				IL4I1	F500S	3	YSAGEHTAY	ENST00000341114.7	1.0	HLA-A*26:01	2		3	475.682	1889.849	0.434	1.15	9.53	0.152	1.449	33	0.028	Subclonal	False	No comments	Accept	0.7722772277227723	Review	Accept	0.693266832917706
chr1-93567817-93567818-G-A		2.0					BCAR3	R670W	5	KTWTALWHQY	ENST00000260502.11	1.0	HLA-A*32:01	7		2	594.348	3089.408	0.15	0.46	8.78	0.275	2.414	40	0.3	Poor	False	No comments	Accept	0.801980198019802	Accept	Accept	0.810473815461347
chr11-82900395-82900396-G-A						1.0	PRCP	R3C	4	CRALLLLLL	ENST00000313010.8	1.0	HLA-C*06:02	1		1	876.933	458.199	0.696	0.356	91.606	0.136	12.458	44	0.341	Poor	True	No comments	Review	0.4752475247524752	Reject	Review	0.406483790523691
chr5-177301954-177301955-C-T		1.0		2.0			RAB24	V173I	3	KVAEDYISV	ENST00000303251.11	1.0	HLA-A*32:01	7		3	759.087	308.639	1.04	0.575	14.829	0.292	4.33	48	0.269	Poor	False	No comments	Accept	0.7326732673267327	Accept	Accept	0.688279301745636
chr11-66294685-66294686-C-T		4.0				2.0	TMEM151A	P147L	1	RLQQAPLCVWW	ENST00000327259.5	1.0	HLA-A*32:01	7		6	681.71	1676.076	0.485	0.745	46.229	0.02	0.925	152	0.281	Poor	False	No comments	Review	0.4653465346534653	Review	Review	0.408977556109726
chr19-10869295-10869296-C-T		1.0					C19orf38	R208W	2	ATPSNSRTW	ENST00000397820.5	1.0	HLA-A*32:01	9		1	874.625	23793.0	1.3	27.0	5.049	0.222	1.121	9	0.231	Poor	False	No comments	Review	0.5445544554455446	Accept	Review	0.491271820448878
chr3-124773796-124773797-G-T						1.0	ITGB5	S603R	2	ICRERGHCL	ENST00000296181.9	1.0	HLA-C*06:02	3		1	2325.404	3156.045	5.95	6.065	103.421	0.134	13.858	321	0.344	Poor	False	No comments	Reject	0.1782178217821782	Reject	Reject	0.187032418952618
chr7-21601465-21601466-C-T						1.0	DNAH11	H1166Y	1	DYDGLVDIM	ENST00000409508.8	5.0	HLA-C*06:02	2		1	2277.0	11037.432	6.485	13.5	40.777	0.231	9.419	26	0.205	Poor	True	No comments	Review	0.2376237623762376	Reject	Review	0.209476309226933
chr6-40392349-40392350-G-A		1.0	1.0	1.0			LRFN2	R655C	1	LDCLMGAFASL	ENST00000338305.7	1.0	HLA-B*37:01	3		3	1782.15	3461.19	3.41	3.3	1.848	0.625	1.155	8	0.279	Poor	False	No comments	Review	0.3762376237623762	Reject	Review	0.234413965087282
chr9-124312559-124312560-G-A							NEK6	E82K	0	ADFQIKKKI	ENST00000373600.7	1.0	HLA-B*37:01	6		0	8853.904	7287.077	0.65	0.58	157.613	0.304	47.914	240	0.31	Poor	False	No comments	Accept	0.6633663366336634	Review	Review	0.523690773067332
chr12-7142921-7142922-G-A						1.0	CLSTN3	V532M	1	MRSGRLESREV	ENST00000266546.11	1.0	HLA-C*06:02	1		1	1186.218	3918.719	1.265	1.95	21.522	0.004	0.086	267	0.04	Poor	False	No comments	Reject	0.1584158415841584	Pending	Review	0.251870324189526
chr6-89743171-89743172-A-T						1.0	MDN1	S1476T	2	TVLERLNSV	ENST00000369393.8	1.0	HLA-C*06:02	1		1	1433.285	1407.945	1.535	1.185	8.605	0.059	0.508	68	0.031	Poor	False	No comments	Review	0.4059405940594059	Pending	Review	0.324189526184539
chr12-47679562-47679563-A-T							RPAP3	V406D	0	IEKGHWDDDFL	ENST00000005386.8	2.0	HLA-B*37:01	9		0	4616.44	3347.05	3.3	2.1	37.648	0.321	12.085	106	0.263	Poor	False	No comments	Review	0.2178217821782178	Pending	Review	0.221945137157107
chr19-8091584-8091585-C-T							FBN3	D1971N	0	NECSEEPNLCL	ENST00000270509.6	1.0	HLA-B*37:01	1		0	2814.1	7274.84	2.0	4.8	14.28	0.219	3.127	32	0.259	Poor	False	No comments	Review	0.2376237623762376	Pending	Reject	0.177057356608479
chr19-608030-608031-G-A				1.0			HCN2	G429E	1	IEYGRQAPESM	ENST00000251287.3	1.0	HLA-B*37:01	2		1	2226.78	23661.83	1.6	24.579	114.96	0.005	0.575	598	0.213	Poor	False	No comments	Review	0.2277227722772277	Review	Review	0.224438902743142
chr7-118236107-118236108-A-G							ANKRD7	E179G	0	KMVKFLLGK	ENST00000265224.9	1.0	HLA-A*32:01	8		0	6206.565	4411.665	4.165	2.56	3.333	0.2	0.667	5	0.196	Poor	False	No comments	Reject	0.1683168316831683	Pending	Reject	0.164588528678304
chr11-118643937-118643938-A-C			2.0				PHLDB1	K1006Q	6	SPSPQSALL	ENST00000361417.6	1.0	HLA-B*35:02	5		2	154.63	367.822	0.264	0.164	228.793	0.0	0.0	447	0.028	NoExpr	False	No comments	Reject	0.1386138613861386	Pending	Reject	0.0723192019950125
chr3-19342634-19342635-G-A						2.0	KCNH8	R164Q	2	QRRSRAVLY	ENST00000328405.7	1.0	HLA-C*06:02	1		2	176.021	142.882	0.592	0.55	2.64	0.0	0.0	27	0.048	NoExpr	False	No comments	Reject	0.0	Pending	Reject	0.0224438902743142
chr5-115984658-115984659-T-C	2.0	2.0	5.0	1.0			LVRN	F310L	2	MPTYLVAL	ENST00000357872.9	1.0	HLA-B*35:02	8		9	192.176	611.32	0.2	0.36	0.931	0.0	0.0	1	0.044	NoExpr	False	No comments	Reject	0.099009900990099	Pending	Reject	0.0623441396508728
chr7-143960547-143960548-C-T	1.0	2.0		1.0		4.0	OR2F1	S193F	2	FSNEVTIMV	ENST00000624504.1		HLA-C*06:02	1		7	267.955	1089.84	0.478	1.35	4.278	0.0	0.0	0	0.206	NoExpr	False	No comments	Reject	0.0	Pending	Reject	0.0174563591022444
chr8-66442831-66442832-T-G		1.0	1.0	2.0	1.0	1.0	ADHFE1	D44E	6	TEYAFEMAV	ENST00000396623.8	1.0	HLA-B*37:01	2		6	302.73	890.4	0.189	0.456	6.967	0.0	0.0	15	0.302	NoExpr	False	No comments	Reject	0.0099009900990099	Pending	Reject	0.0448877805486284
chr15-22866539-22866540-C-T		2.0	2.0			2.0	NIPA2	S259L	9	TPIYYVFFTTL	ENST00000398013.7	1.0	HLA-B*35:02	11		4	316.12	13973.48	0.78	14.53	51.169	0.0	0.0	89	0.092	NoExpr	False	No comments	Reject	0.0891089108910891	Pending	Reject	0.117206982543641
chr14-45187845-45187846-A-G		1.0				1.0	FANCM	M1580V	4	MMNNKYKVI	ENST00000267430.10	1.0	HLA-A*32:01	8		1	383.886	374.112	0.95	1.55	5.38	0.0	0.0	0	0.026	NoExpr	False	No comments	Reject	0.0099009900990099	Pending	Reject	0.0224438902743142
chr12-84885527-84885528-T-A	3.0	13.0				2.0	SLC6A15	I161F	17	NVFIGWSLFY	ENST00000266682.10	1.0	HLA-A*26:01	3		15	397.422	301.444	0.214	0.165	10.4	0.0	0.0	38	0.307	NoExpr	False	No comments	Reject	0.0396039603960396	Pending	Reject	0.0598503740648379
chr6-34036241-34036242-C-T		1.0	1.0	3.0			GRM4	R623H	7	HELSYVLL	ENST00000538487.7	2.0	HLA-B*37:01	1		5	405.442	174.04	0.2	0.2	0.101	0.0	0.0	0	0.354	NoExpr	False	No comments	Reject	0.0792079207920792	Pending	Reject	0.0399002493765586
chr7-97988449-97988450-C-T	1.0				1.0	2.0	OCM2	D54N	1	FRFIDNNQS	ENST00000257627.4	1.0	HLA-C*06:02	7		4	406.526	1008.611	2.5	4.7	0.4	0.0	0.0	0	0.207	NoExpr	False	No comments	Reject	0.0594059405940594	Pending	Reject	0.027431421446384
chr1-225374805-225374806-A-C	1.0					2.0	DNAH14	K4053T	3	TRCLKTLLY	ENST00000430092.5	5.0	HLA-C*06:02	1		3	436.99	631.797	0.792	1.166	3.808	0.0	0.0	0	0.293	NoExpr	False	No comments	Reject	0.0198019801980198	Pending	Reject	0.0099750623441396
chr1-186137575-186137576-G-A		1.0					HMCN1	R4554H	1	RSHLCNQPL	ENST00000271588.9	1.0	HLA-A*32:01	3		1	460.74	823.94	1.65	2.673	2.022	0.0	0.0	0	0.311	NoExpr	False	No comments	Reject	0.0099009900990099	Pending	Reject	0.0124688279301746
chr17-41516940-41516941-C-T		2.0	2.0	2.0		3.0	KRT15	R202H	5	YENELALHQGV	ENST00000254043.8	1.0	HLA-B*37:01	8		7	613.36	713.8	1.623	1.698	0.332	0.0	0.0	0	0.299	NoExpr	True	No comments	Reject	0.0594059405940594	Pending	Reject	0.0224438902743142
chr7-143960612-143960613-C-T		4.0				1.0	OR2F1	L215F	2	LMTPFCLVF	ENST00000624504.1		HLA-A*32:01	9		5	641.408	3057.3	0.715	4.465	4.278	0.0	0.0	0	0.196	NoExpr	False	No comments	Reject	0.0198019801980198	Pending	Reject	0.0199501246882793
chr7-144259599-144259600-T-A	1.0	2.0		1.0			OR2A7	E10V	2	ITVFLLLGF	ENST00000493325.1		HLA-A*32:01	3		3	696.694	1014.214	1.037	1.904	0.046	0.0	0.0	2	0.202	NoExpr	False	No comments	Reject	0.0099009900990099	Pending	Reject	0.0
chr8-25395677-25395678-G-A			1.0				DOCK5	V1555M	1	HPLSMLLSGIM	ENST00000276440.12	1.0	HLA-B*35:02	11		1	756.68	2960.48	0.978	2.754	53.325	0.0	0.0	88	0.027	NoExpr	False	No comments	Reject	0.0495049504950495	Pending	Reject	0.0698254364089776
chr19-58067183-58067184-C-T	1.0	2.0					ZNF135	R258W	5	WTHTGERPY	ENST00000401053.8	1.0	HLA-A*26:01	1		3	928.35	10089.433	0.91	4.65	2.038	0.0	0.0	5	0.218	NoExpr	False	No comments	Reject	0.0	Pending	Reject	0.0174563591022444
chr11-126436962-126436963-C-T				1.0			KIRREL3	R467H	3	LESGTSGHYTV	ENST00000525144.7	1.0	HLA-B*37:01	8		1	990.08	1195.92	1.215	1.237	3.917	0.0	0.0	7	0.279	NoExpr	False	No comments	Reject	0.0099009900990099	Pending	Reject	0.0324189526184539
chr7-129482956-129482957-G-A		2.0					STRIP2	R722H	2	QTKYLGHQW	ENST00000249344.7	1.0	HLA-A*32:01	7		2	1024.117	2154.348	1.85	2.75	4.216	0.0	0.0	8	0.236	NoExpr	False	No comments	Reject	0.0594059405940594	Pending	Reject	0.0698254364089776
chr7-93219400-93219401-C-T	1.0		1.0			1.0	HEPACAM2	V32I	4	IRGQALYL	ENST00000440868.5	1.0	HLA-C*06:02	1		3	1043.988	1112.566	0.483	0.627	0.062	0.0	0.0	0	0.202	NoExpr	False	No comments	Reject	0.0099009900990099	Pending	Reject	0.0174563591022444
chr9-12694362-12694363-G-T						1.0	TYRP1	D123Y	1	ACYQRVLIV	ENST00000388918.10	1.0	HLA-C*06:02	3		1	1055.872	1776.685	2.3	5.145	0.173	0.0	0.0	0	0.048	NoExpr	False	No comments	Reject	0.0198019801980198	Pending	Reject	0.0099750623441396
chr4-153703844-153703845-C-A		1.0		1.0			TLR2	T313K	3	KIRRLHIPRF	ENST00000260010.6		HLA-A*32:01	1		2	1233.97	6174.18	1.024	4.82	34.448	0.0	0.0	85	0.306	NoExpr	False	No comments	Reject	0.0	Pending	Reject	0.0423940149625935
chr19-35559839-35559840-C-A	1.0	2.0				1.0	ATP4A	A341S	1	MVFFMAIVVSY	ENST00000262623.4	1.0	HLA-A*32:01	10		2	1301.559	1599.685	1.5	1.865	0.0	0.0	0.0	0	0.205	NoExpr	False	No comments	Reject	0.0198019801980198	Pending	Reject	0.0324189526184539
chr5-151549339-151549340-C-T						1.0	FAT2	A1582T	1	RAMDTDRGV	ENST00000261800.6	1.0	HLA-C*06:02	5		1	1798.334	1860.253	1.835	1.96	0.011	0.0	0.0	0	0.272	NoExpr	False	No comments	Reject	0.0	Pending	Reject	0.0
chr9-129012257-129012258-A-C	1.0		1.0	1.0			SH3GLB2	I205S	4	QETRPRNYSL	ENST00000372554.8	1.0	HLA-B*37:01	9		3	1807.59	1519.62	0.88	1.2	37.366	0.0	0.0	173	0.04	NoExpr	False	No comments	Reject	0.0693069306930693	Pending	Reject	0.0548628428927681
chr5-156954606-156954607-G-A				1.0			TIMD4	R70C	2	KEALICTDGM	ENST00000274532.7	1.0	HLA-B*37:01	6		1	1824.253	2314.528	1.9	2.0	0.955	0.0	0.0	9	0.271	NoExpr	False	No comments	Reject	0.0495049504950495	Pending	Reject	0.0024937655860349
chr19-14972766-14972767-G-A			1.0				SLC1A6	R53C	2	DPRACAAL	ENST00000430939.6	2.0	HLA-B*35:02	5		1	2048.84	6852.6	2.05	2.4	2.376	0.0	0.0	0	0.199	NoExpr	False	No comments	Reject	0.0099009900990099	Pending	Reject	0.0199501246882793
chr14-100881063-100881064-C-T	1.0						RTL1	R1242H	1	EALQDDLQHY	ENST00000649591.1		HLA-A*26:01	9		1	2348.489	1924.23	0.935	0.75	0.04	0.0	0.0	0	0.313	NoExpr	False	No comments	Reject	0.0099009900990099	Pending	Reject	0.0124688279301746
chr17-35363622-35363623-C-T				1.0			SLFN11	R62Q	9	IQMAKKVEHPV	ENST00000308377.8	1.0	HLA-B*37:01	2		1	2394.71	12045.03	4.9	19.0	27.252	0.0	0.0	204	0.328	NoExpr	True	No comments	Reject	0.0594059405940594	Pending	Reject	0.084788029925187
chr7-44239659-44239660-C-T							CAMK2B	G317D	0	FSVDRQTTA	ENST00000395749.7	1.0	HLA-C*06:02	4		0	2540.039	3120.02	2.206	4.042	30.641	0.0	0.0	3	0.201	NoExpr	False	No comments	Reject	0.0099009900990099	Pending	Reject	0.0149625935162095
chr1-1298100-1298101-C-T							ACAP3	V310M	0	KDALTMVV	ENST00000354700.10	1.0	HLA-B*37:01	6		0	2607.061	1989.193	0.76	0.56	61.561	0.0	0.0	159	0.041	NoExpr	False	No comments	Reject	0.0495049504950495	Pending	Reject	0.0349127182044888
chr15-48288071-48288072-C-G							SLC12A1	H887D	0	MDVGEFNQKL	ENST00000380993.8	5.0	HLA-B*37:01	2		0	2657.5	9001.91	1.2	8.2	0.255	0.0	0.0	0	0.227	NoExpr	False	No comments	Reject	0.0396039603960396	Pending	Reject	0.0249376558603491
chr1-43183752-43183753-G-A							CFAP57	V213I	0	WVADDKIVI	ENST00000528956.5	2.0	HLA-B*35:02	9		0	4406.59	5486.55	3.0	3.6	0.266	0.0	0.0	0	0.259	NoExpr	False	No comments	Reject	0.0198019801980198	Pending	Reject	0.0074812967581047
chr3-119146640-119146641-C-A							TEX55	P151H	0	TERRLHTQA	ENST00000295622.6	1.0	HLA-B*37:01	6		0	7629.08	11603.78	2.7	3.5	0.0	0.0	0.0	1	0.032	NoExpr	False	No comments	Reject	0.0297029702970297	Pending	Reject	0.0149625935162095
