ID	Index.x	A.03.01	A.25.01	B.18.01	B.35.01	C.04.01	C.12.03	Gene	AA.Change	Num.Passing.Transcripts	Best.Peptide.class1	Best.Transcript.class1	TSL	Allele	Pos	Prob.Pos	Num.Included.Peptides	Num.Passing.Peptides	IC50.MT.class1	IC50.WT.class1	percentile.MT.class1	percentile.WT.class1	RNA.Expr	RNA.VAF	Allele.Expr	RNA.Depth	DNA.VAF	Tier	Ref.Match	Evaluation	Comments	DPA1.01.03.DPB1.04.01	DPA1.01.03.DPB1.16.01	DQA1.01.01.DQB1.02.01	DQA1.01.01.DQB1.05.01	DQA1.05.01.DQB1.02.01	DQA1.05.01.DQB1.05.01	DRB1.01.01	DRB1.03.01	DRB3.01.01	Best.Peptide.class2	Best.Transcript.class2	IC50.MT.class2	IC50.WT.class2	percentile.MT.class2	percentile.WT.class2	Transcript.Support.Level	Transcript.Length	Biotype	Ensembl.Gene.ID	Variant.Type	Mutation	Protein.Position	Gene.Name	HGVSc	HGVSp	Peptide.Length	Sub.peptide.Position	Mutation.Position	WT.Epitope.Seq	Best.MT.IC50.Score.Method	Best.MT.IC50.Score	Corresponding.WT.IC50.Score	Corresponding.Fold.Change	Best.MT.Percentile.Method	Best.MT.Percentile	Corresponding.WT.Percentile	Tumor.DNA.Depth	Tumor.DNA.VAF	Tumor.RNA.Depth	Tumor.RNA.VAF	Normal.Depth	Normal.VAF	Gene.Expression	Transcript.Expression	Median.MT.IC50.Score	Median.WT.IC50.Score	Median.Fold.Change	Median.MT.Percentile	Median.WT.Percentile	BigMHC_EL.WT.Score	BigMHC_EL.MT.Score	BigMHC_IM.WT.Score	BigMHC_IM.MT.Score	MHCflurryEL.Processing.WT.Score	MHCflurryEL.Processing.MT.Score	MHCflurryEL.Presentation.WT.Score	MHCflurryEL.Presentation.MT.Score	MHCflurryEL.Presentation.WT.Percentile	MHCflurryEL.Presentation.MT.Percentile	MHCflurry.WT.IC50.Score	MHCflurry.MT.IC50.Score	MHCflurry.WT.Percentile	MHCflurry.MT.Percentile	MHCnuggetsI.WT.IC50.Score	MHCnuggetsI.MT.IC50.Score	MHCnuggetsI.WT.Percentile	MHCnuggetsI.MT.Percentile	NetMHC.WT.IC50.Score	NetMHC.MT.IC50.Score	NetMHC.WT.Percentile	NetMHC.MT.Percentile	NetMHCcons.WT.IC50.Score	NetMHCcons.MT.IC50.Score	NetMHCcons.WT.Percentile	NetMHCcons.MT.Percentile	NetMHCpan.WT.IC50.Score	NetMHCpan.MT.IC50.Score	NetMHCpan.WT.Percentile	NetMHCpan.MT.Percentile	NetMHCpanEL.WT.Score	NetMHCpanEL.MT.Score	NetMHCpanEL.WT.Percentile	NetMHCpanEL.MT.Percentile	PickPocket.WT.IC50.Score	PickPocket.MT.IC50.Score	PickPocket.WT.Percentile	PickPocket.MT.Percentile	SMM.WT.IC50.Score	SMM.MT.IC50.Score	SMM.WT.Percentile	SMM.MT.Percentile	SMMPMBEC.WT.IC50.Score	SMMPMBEC.MT.IC50.Score	SMMPMBEC.WT.Percentile	SMMPMBEC.MT.Percentile	Index.y	DeepImmuno.WT.Score	DeepImmuno.MT.Score	Problematic.Positions	cterm_7mer_gravy_score	max_7mer_gravy_score	difficult_n_terminal_residue	c_terminal_cysteine	c_terminal_proline	cysteine_count	n_terminal_asparagine	asparagine_proline_bond_count
chr1-9039612-9039613-T-G	1.SLC2A5.ENST00000377424.9.missense.312E/A	NA	NA	NA	2	NA	4	SLC2A5	E312A	1	SAGVPEAHV	ENST00000377424.9	1	HLA-C*12:03	7	None	6	0	996.99	1630.87	4.2	6.65	5.028	0.043	0.216	46	0.471	Poor	FALSE	Pending	No comments	2	6	NA	1	14	13	15	4	2	DQIYLSAGVPEAHVQ	ENST00000377424.9	38.075	148.415	9.4	31	1	501	protein_coding	ENSG00000142583	missense	E/A	312	SLC2A5	ENST00000377424.9:c.935A>C	ENSP00000366641.4:p.Glu312Ala	9	3	7	SAGVPEEHV	SMM	6.183	6.284	1.016	MHCflurry	0.749	1.208	1184	0.471	46	0.043	339	0	5.028	1.193	996.99	1630.87	1.636	4.2	6.65	0.0004894264	0.0015423504	0.0057918886	0.013795486	0.0110447628831025	0.0444351888727396	0.347346725394233	0.488823684595354	1.20777173913032	0.84440217391294	170.884369623736	105.564138877386	1.2235	0.748875	765.1	119.71	34.74	13.77	21175.76	19513.42	14	12	2496.64	1874.27	13	10	10608.63	4666.62	7.6	3.6	0.004059	0.01042	4.2	2.5	5681.68344658443	6399.78970601227	16	18	6.28362125390532	6.18315309823954	2.9	2.8	7.82402086586245	7.36936385653348	5.7	4.8	1.SLC2A5.ENST00000377424.9.missense.312E/A	NA	NA	None	0.214285714285714	0.214285714285714	False	False	False	0	False	0
chr10-119892807-119892808-G-A	175.SEC23IP.ENST00000369075.8.missense.9G/D	NA	NA	NA	1	NA	NA	SEC23IP	G9D	1	KPNGDSGGAST	ENST00000369075.8	1	HLA-B*35:01	5	None	1	0	6735.575	6612.91	15	14	62.927	0.459	28.883	917	0.436	Poor	FALSE	Pending	No comments	NA	NA	NA	NA	NA	NA	1	NA	NA	DSGGASTSSSGTNLL	ENST00000369075.8	2610.48	2568.595	80	80	1	1000	protein_coding	ENSG00000107651	missense	G/D	9	SEC23IP	ENST00000369075.8:c.26G>A	ENSP00000358071.3:p.Gly9Asp	11	5	5	KPNGGSGGAST	SMM	880.339	888.485	1.009	MHCflurry	1.35	1.385	1684	0.436	917	0.459	454	0	62.927	13.761	6735.575	6612.91	0.982	15	14	0.001262739	0.0010211228	0.041813403	0.055532075	0.0043993124054395	0.0030116351008473	0.0708965527171451	0.0737214981312907	3.80744565217384	3.67942934782602	1231.93060139104	1173.70809715253	1.385375	1.350375	6359.74	6378.54	27.32	28.48	27014.02	27655.49	28	29	6866.08	7092.61	12	13	35056.51	32005.32	32	25	0.000533	0.002641	13	6.8	9346.08343273421	10641.8539351179	15	17	888.484795107154	880.339117543672	2.7	2.7	4855.67935098814	4855.67935098814	21	21	175.SEC23IP.ENST00000369075.8.missense.9G/D	NA	NA	None	-0.685714285714286	-0.642857142857143	False	False	False	0	False	0
chr10-96620548-96620549-C-T	172.PIK3AP1.ENST00000339364.10.missense.582V/I	1	NA	NA	NA	NA	1	PIK3AP1	V582I	3	SIRKGPPIR	ENST00000339364.10	1	HLA-A*03:01	8	None	2	0	2207.001	1658.256	3.145	2.605	17.795	0.021	0.374	191	0.419	Poor	FALSE	Pending	No comments	NA	4	NA	NA	NA	NA	15	NA	NA	NFYVSSESIRKGPPIRP	ENST00000339364.10	185.145	179.24	27	27	1	805	protein_coding	ENSG00000155629	missense	V/I	582	PIK3AP1	ENST00000339364.10:c.1744G>A	ENSP00000339826.5:p.Val582Ile	9	2	8	SIRKGPPVR	MHCflurry	280.231	252.37	0.901	NetMHCpanEL	0.54	0.51	961	0.419	191	0.021	317	0	17.795	2.649	2207.001	1658.256	0.751	3.145	2.605	0.17044081	0.095979445	0.07317364	0.068859175	0.448786822613329	0.416436456143856	0.63165554283987	0.580090980610898	0.557010869565175	0.655597826086876	252.370089150926	280.231345783668	0.7325	0.772875	5393.83	5498.83	1.91	2.79	1422.6	1695.31	3.4	3.9	2664.09	2904.96	3.3	3.5	1325.4	1296.65	1.8	1.8	0.385937	0.364927	0.51	0.54	1097.06811455742	1262.75821593613	3.6	4.2	1962.45632417369	2856.2748772641	4.3	5.4	1893.91289055846	2718.69194208894	4.2	5.3	172.PIK3AP1.ENST00000339364.10.missense.582V/I	0.96397907	0.93889713	None	-1.71428571428571	-0.428571428571429	False	False	False	0	False	0
chr11-34658851-34658852-T-A	184.EHF.ENST00000531794.5.missense.297I/N	NA	NA	NA	NA	NA	1	EHF	I297N	5	YKRENLERV	ENST00000531794.5	1	HLA-C*12:03	5	None	1	1	260.12	442.18	7.992	5.628	392.135	0.455	178.421	5684	0.422	Pass	FALSE	Pending	No comments	7	4	NA	NA	4	4	15	9	14	RENLERVDGRRLVYK	ENST00000531794.5	116.95	105.75	17.68	17.79	1	322	protein_coding	ENSG00000135373	missense	I/N	297	EHF	ENST00000531794.5:c.890T>A	ENSP00000435835.1:p.Ile297Asn	9	5	5	YKREILERV	SMMPMBEC	16.96	12.429	0.733	NetMHC	0.17	0.37	1126	0.422	5684	0.455	358	0	392.135	88.974	260.12	442.18	1.7	7.992	5.628	0.0002028969	5.2579348e-05	0.0012389632	0.0007907885	0.327937210910022	0.250894249882549	0.0731699859739395	0.0331958179290294	3.67942934782602	7.3480163043478	3865.32037954831	6879.59016974504	6.256875	8.636625	46.08	166.09	7.16	16.62	262.72	93.7	0.37	0.17	621.64	354.15	5	3.5	3905.92	3443.49	3.1	2.9	0.016588	0.014574	1.9	2.1	10414.0426917384	8387.64331174904	33	26	21.4392703114939	22.3980391797579	28	29	12.428822907427	16.960162147125	14	21	184.EHF.ENST00000531794.5.missense.297I/N	NA	NA	None	-1.64285714285714	-1.64285714285714	False	False	False	0	False	0
chr11-607115-607116-G-A	176.PHRF1.ENST00000264555.10.missense.554G/R	3	NA	NA	NA	NA	NA	PHRF1	G554R	4	SLSRGEERFK	ENST00000264555.10	1	HLA-A*03:01	8	None	3	1	190.187	219.47	0.922	1.118	0.46	0.35	0.161	792	0.455	LowExpr	FALSE	Pending	No comments	1	1	NA	NA	NA	NA	15	NA	NA	SFQRNSGSLSRGEERFK	ENST00000264555.10	283.745	285.54	26.84	23	1	1649	protein_coding	ENSG00000070047	missense	G/R	554	PHRF1	ENST00000264555.10:c.1660G>A	ENSP00000264555.5:p.Gly554Arg	10	3	8	SLSRGEEGFK	NetMHC	114.81	69.08	0.602	NetMHC	0.45	0.27	1879	0.455	792	0.35	689	0	0.46	0.447	190.187	219.47	1.154	0.922	1.118	0.021168908	0.03381184	0.036970925	0.058991484	0.0181045737117528	0.0636494695208966	0.328658359655106	0.476041657666733	1.26605978260859	0.874891304347713	191.082024828439	119.34400839721	0.629375	0.461125	5492.84	5558.83	2.7	4.42	69.08	114.81	0.27	0.45	196.38	239.9	0.84	0.97	228.95	196.69	0.57	0.5	0.188046	0.311197	0.97	0.63	2192.64171894287	3167.61691360185	3	4.6	209.990670376242	152.475476765992	1.7	1.3	245.510459990354	183.683438221247	1.8	1.5	176.PHRF1.ENST00000264555.10.missense.554G/R	0.32429338	0.26263192	None	-2.5	-1.38571428571429	False	False	False	0	False	0
chr14-100239843-100239844-CG-C	192.YY1.ENST00000262238.10.FS.200CG/C	11	NA	1	NA	NA	3	YY1	FS200	3	KILTMRQWLK	ENST00000262238.10	1	HLA-A*03:01	NA	None	15	6	24.205	NA	0.2	NA	99.954	0.149	14.893	1265	0.41	Pass	FALSE	Pending	No comments	13	11	NA	NA	NA	NA	15	14	NA	QMKKKILTMRQWLKN	ENST00000262238.10	77.255	NA	21	NA	1	414	protein_coding	ENSG00000100811	FS	P/X	200	YY1	ENST00000262238.10:c.602del	ENSP00000262238.4:p.Gly201AlafsTer55	10	40	NA	NA	NetMHC	14.23	NA	NA	NetMHC	0.03	NA	3229	0.41	1265	0.149	743	0.001	99.954	12.897	24.205	NA	NA	0.2	NA	NA	0.42785555	NA	0.3324557	NA	0.111433434300125	NA	0.735570436416847	NA	0.382173913043459	NA	44.8840889079383	NA	0.12825	NA	2788.53	NA	0.37	NA	14.23	NA	0.03	NA	24.6	NA	0.08	NA	23.81	NA	0.06	NA	0.50777	NA	0.32	NA	543.000891385649	NA	0.4	NA	16.3757047688359	NA	0.2	NA	16.6751596270964	NA	0.2	192.YY1.ENST00000262238.10.FS.200CG/C	NA	0.94305146	None	-1.11428571428571	0.0857142857142857	False	False	False	0	False	0
chr14-33800229-33800230-C-A	187.NPAS3.ENST00000356141.8.missense.641N/K	3	NA	NA	NA	NA	2	NPAS3	N641K	6	LSSPKSASV	ENST00000356141.8	1	HLA-C*12:03	5	None	5	3	58.705	43.975	1.105	0.655	0.857	0.417	0.357	36	0.431	LowExpr	FALSE	Pending	No comments	NA	5	NA	NA	NA	NA	15	13	NA	EPPRLLSSPKSASV	ENST00000356141.8	57	91.38	22	27	1	933	protein_coding	ENSG00000151322	missense	N/K	641	NPAS3	ENST00000356141.8:c.1923C>A	ENSP00000348460.4:p.Asn641Lys	9	5	5	LSSPNSASV	SMM	18.976	16.642	0.877	NetMHCpanEL	0.11	0.2	2348	0.431	36	0.417	594	0.002	0.857	0	58.705	43.975	0.749	1.105	0.655	0.0009331814	0.0091787875	0.0057392	0.023347422	0.0107851340944762	0.0427138354862108	0.548584296693884	0.603470843241375	0.719048913043366	0.609538043478196	72.9676458996594	65.0193084658109	0.4275	0.33175	51.24	52.21	7.77	7.88	68.96	437.98	0.14	0.48	36.71	108.89	0.59	1.6	32.02	52.39	0.08	0.12	0.265911	0.370228	0.2	0.11	3567.97106119069	4242.33386040426	6.5	8.8	16.6421717619203	18.9762328160861	20	24	25.1437471101206	47.0359586607768	34	71	187.NPAS3.ENST00000356141.8.missense.641N/K	NA	NA	None	-0.271428571428571	-0.271428571428571	False	False	False	0	False	0
chr16-10547583-10547584-G-A	195.EMP2.ENST00000359543.8.missense.12H/Y	2	NA	NA	5	1	11	EMP2	H12Y	2	IAFYITSAA	ENST00000359543.8	1	HLA-C*12:03	4	None	13	7	57.125	34.795	0.695	0.4	34.28	0.346	11.861	800	0.425	Pass	FALSE	Pending	No comments	15	13	NA	13	15	14	15	6	15	IIAFYITSAALLFIA	ENST00000359543.8	14.97	10.255	4.2	2.68	1	167	protein_coding	ENSG00000213853	missense	H/Y	12	EMP2	ENST00000359543.8:c.34C>T	ENSP00000352540.3:p.His12Tyr	9	6	4	IAFHITSAA	SMMPMBEC	2.32	2.215	0.955	NetMHCpan	0.07	0.07	1382	0.425	800	0.346	474	0	34.28	0.174	57.125	34.795	0.609	0.695	0.4	0.020872103	0.0070851143	0.04924545	0.03635741	0.0997736274730414	0.0840607668505981	0.60770415874434	0.431976486780424	0.599945652173858	0.9761956521738	78.5925285460917	154.39105932079	0.481	1.126	6.37	9.64	0.55	1.22	43.96	86.93	0.09	0.17	69.13	124.66	1.3	1.8	25.63	27.32	0.07	0.07	0.182314	0.114608	0.32	0.49	776.008632837805	751.224325876238	0.3	0.3	3.6409104719906	3.6409104719906	0.9	0.9	2.21528700545703	2.31969026554024	0.3	0.3	195.EMP2.ENST00000359543.8.missense.12H/Y	NA	NA	None	1.15714285714286	1.54285714285714	False	False	False	0	False	0
chr16-31120343-31120344-C-T	198.KAT8.ENST00000448516.6.missense.98R/W	1	NA	NA	NA	NA	1	KAT8	R98W	3	YVHYVGFNW	ENST00000448516.6	1	HLA-C*12:03	9	None	2	0	848.704	7843.685	7.398	11.815	36.089	0.397	14.327	1058	0.419	Poor	FALSE	Pending	No comments	15	15	NA	15	15	15	15	NA	5	REEFYVHYVGFNWRL	ENST00000448516.6	92.96	133.915	1.9	1.7	1	467	protein_coding	ENSG00000103510	missense	R/W	98	KAT8	ENST00000448516.6:c.292C>T	ENSP00000406037.2:p.Arg98Trp	9	1	9	YVHYVGFNR	SMM	43.073	59.595	1.384	NetMHC	0.34	3.4	941	0.419	1058	0.397	360	0.003	36.089	4.114	848.704	7843.685	9.242	7.398	11.815	0.000641118	0.0005972311	0.010452324	0.0039044686	0.357460200786591	0.209063764195889	0.0378112830487624	0.117731693034146	6.63130434782606	2.61733695652164	8826.63072543271	1460.34705579729	10.1805	3.94625	91.19	82.32	11.63	10.85	6860.74	237.06	3.4	0.34	11922.2	4883.05	31	19	14437.45	1842.6	12	1.8	0.000668	0.017081	9.7	1.9	11604.0356333116	7609.37914115875	37	23	59.5950241359375	43.0734838903981	81	67	41.7282335078772	47.8002315069345	65	72	198.KAT8.ENST00000448516.6.missense.98R/W	NA	NA	None	-0.328571428571429	0.714285714285714	False	False	False	0	False	0
chr17-40134352-40134353-G-T	200.MSL1.ENST00000398532.9.missense.610R/L	2	NA	NA	NA	NA	1	MSL1	R610L	3	IQKKQTPHL	ENST00000398532.9	1	HLA-C*12:03	9	None	3	1	2369.937	16274.54	13.03	33.565	105.975	0.422	44.721	2031	0.447	Poor	FALSE	Pending	No comments	NA	NA	NA	NA	NA	NA	15	NA	NA	RLEIQKKQTPHLT	ENST00000398532.9	375.14	1823.055	30	54	1	614	protein_coding	ENSG00000188895	missense	R/L	610	MSL1	ENST00000398532.9:c.1829G>T	ENSP00000381543.3:p.Arg610Leu	9	5	9	IQKKQTPHR	SMM	14.798	7.215	0.488	MHCflurry	0.689	17.315	824	0.447	2031	0.422	340	0	105.975	1.123	2369.937	16274.54	6.867	13.03	33.565	2.0591096e-05	0.041166212	0.0002830745	0.00197211	0.0157928393164183	0.351124100387096	0.0064837560452296	0.562934549058878	37.3590489130435	0.689103260869473	16144.085453143	237.424517945483	17.3155	1.57125	593.4	156.4	31.13	16.06	36374.48	18165.79	36	10	27131.77	4502.45	60	18	32486.44	5071.02	39	3.8	0.000396	0.053584	12	0.86	16404.994680201	8950.22129972122	51	28	7.21456249878618	14.7982377342835	4.4	17	16.8434092121311	42.9961926370634	21	67	200.MSL1.ENST00000398532.9.missense.610R/L	NA	NA	None	-1.85714285714286	-1.8	False	False	False	0	False	0
chr17-42040831-42040832-G-A	203.C17orf113.ENST00000587304.3.missense.301R/W	NA	NA	NA	1	NA	2	C17orf113	R301W	1	WTDPEPPAY	ENST00000587304.3	5	HLA-B*35:01	1	None	2	1	79.402	967.082	0.556	2.43	3.206	0.431	1.382	202	0.455	Poor	FALSE	Pending	No comments	3	3	NA	NA	3	1	15	NA	NA	WTDPEPPAYLGQYESIL	ENST00000587304.3	725.095	554	47	46	5	675	protein_coding	ENSG00000267221	missense	R/W	301	C17orf113	ENST00000587304.3:c.901C>T	ENSP00000490245.1:p.Arg301Trp	9	9	1	RTDPEPPAY	NetMHC	27.56	724.3	26.281	NetMHCpanEL	0.07	0.22	1239	0.455	202	0.431	616	0	3.206	3.206	79.402	967.082	12.18	0.556	2.43	0.03369977	0.09418662	0.03131183	0.03769766	0.792404346168041	0.432551052421331	0.858391638690757	0.759927865231568	0.18717391304348	0.341277173912999	240.472808787884	126.560788364409	0.5975	0.371375	4860.4	3846.99	3.66	1.45	724.3	27.56	0.95	0.08	1133.26	36.51	4.5	0.74	1802.18	92.34	1.2	0.15	0.519204	0.831196	0.22	0.07	3646.02181898492	1362.11254533707	14	4.2	800.903146731081	66.4630091019503	6.4	1.1	571.005116808227	49.6180851426351	5.1	0.8	203.C17orf113.ENST00000587304.3.missense.301R/W	0.46100858	0.6261911	None	-1.61428571428571	-1.52857142857143	False	False	False	0	False	0
chr2-185802011-185802012-G-C	2.FSIP2.ENST00000424728.6.missense.4236V/L	2	NA	NA	NA	NA	2	FSIP2	V4236L	1	KSILSRSPI	ENST00000424728.6	5	HLA-C*12:03	4	None	4	0	564.595	439.17	3.65	3.138	0.132	0.408	0.054	103	0.43	Poor	FALSE	Pending	No comments	15	15	NA	NA	NA	8	15	15	2	SDSLVSIQKSILSRS	ENST00000424728.6	24.415	39.555	5.37	7.85	5	6907	protein_coding	ENSG00000188738	missense	V/L	4236	FSIP2	ENST00000424728.6:c.12706G>C	ENSP00000401306.1:p.Val4236Leu	9	6	4	KSIVSRSPI	SMM	32.75	32.75	1	NetMHCpan	0.55	0.62	841	0.43	103	0.408	261	0	0.132	0.016	564.595	439.17	0.778	3.65	3.138	0.00035376995	0.00038988213	0.0062579117	0.0050606285	0.0577380929607898	0.026261554157827	0.211877929142118	0.155115956802315	1.76711956521731	2.18296195652164	409.168463512603	540.289899788139	2.176875	2.499375	599.48	1495.43	31.27	45.57	2795.47	2396.25	1.7	1.5	430.3	588.9	4.1	4.8	448.04	359.15	0.62	0.55	0.016425	0.019007	2	1.8	4883.05317225511	4830.5044151761	13	13	32.7499016412293	32.7499016412293	49	49	46.927778957812	50.5161216009948	71	74	2.FSIP2.ENST00000424728.6.missense.4236V/L	NA	NA	None	0.728571428571429	0.728571428571429	False	False	False	0	False	0
chr2-190057487-190057488-C-G	3.MSTN.ENST00000260950.5.missense.300A/P	2	NA	NA	NA	NA	1	MSTN	A300P	1	WIIPPKRYK	ENST00000260950.5	1	HLA-A*03:01	4	None	3	1	475.994	348.221	1.65	1.25	0.51	0.333	0.17	48	0.415	LowExpr	FALSE	Pending	No comments	8	6	NA	12	5	NA	12	12	14	AFGWDWIIPPKRYKA	ENST00000260950.5	140.385	73.97	28	19	1	375	protein_coding	ENSG00000138379	missense	A/P	300	MSTN	ENST00000260950.5:c.898G>C	ENSP00000260950.3:p.Ala300Pro	9	6	4	WIIAPKRYK	MHCflurry	128.056	209.5	1.636	NetMHCpanEL	0.19	0.42	1203	0.415	48	0.333	431	0	0.51	0.51	475.994	348.221	0.732	1.65	1.25	0.055266757	0.12248	0.19051449	0.22314063	0.335831983014941	0.293030295521021	0.57944962352269	0.656387449788407	0.657201086956434	0.514374999999959	209.500436663835	128.055548271392	0.663	0.490125	5656.9	5620.8	80.94	29.16	356.19	497.21	1.3	1.7	409.85	560.92	1.6	1.8	151.8	199.69	0.4	0.51	0.441162	0.666912	0.42	0.19	727.231584685427	696.429008571064	2.2	2.1	340.251462027022	454.77857864369	1.3	1.7	300.164964736045	427.917453061039	1.2	1.6	3.MSTN.ENST00000260950.5.missense.300A/P	0.8011358	0.79164344	None	-1.75714285714286	-0.5	False	False	False	0	False	0
chr2-218583024-218583025-T-A	4.CNOT9.ENST00000273064.11.missense.87S/T	1	NA	NA	NA	NA	3	CNOT9	S87T	4	LTAHQTNRV	ENST00000273064.11	1	HLA-C*12:03	6	None	4	0	723.66	1206.96	4.365	6.908	55.032	0.37	20.362	1388	0.432	Poor	FALSE	Pending	No comments	NA	NA	NA	NA	NA	2	15	NA	NA	YPSINPPTLTAHQTN	ENST00000273064.11	536.02	1007.745	62	63	1	299	protein_coding	ENSG00000144580	missense	S/T	87	CNOT9	ENST00000273064.11:c.259T>A	ENSP00000273064.6:p.Ser87Thr	9	4	6	LTAHQSNRV	SMM	43.272	43.272	1	NetMHCpanEL	1.1	1.7	825	0.432	1388	0.37	332	0	55.032	0.011	723.66	1206.96	1.668	4.365	6.908	0.00015686003	0.0003593076	0.0018271337	0.0034676294	0.0052629554484155	0.0135897833388298	0.0302432524840067	0.0569049020677586	8.01565217391304	4.58573369565214	3104.61754150032	1622.17883144901	5.621875	4.144125	203.09	218.97	18.55	19.31	3153.8	1975.42	1.8	1.3	751.22	382.02	5.8	3.7	1662.7	1065.3	1.6	1.3	0.020047	0.04016	1.7	1.1	16946.2263866992	21269.2107221157	53	62	43.272302058596	43.272302058596	67	67	79.5115097792577	83.258771788489	93	94	4.CNOT9.ENST00000273064.11.missense.87S/T	NA	NA	None	-1.34285714285714	-0.857142857142857	False	False	False	0	False	0
chr2-219374903-219374904-C-T	8.DNPEP.ENST00000273075.9.missense.453R/Q	NA	NA	1	1	NA	1	DNPEP	R453Q	4	LAMHSIQEM	ENST00000273075.9	1	HLA-C*12:03	7	None	2	1	16.548	25.218	0.175	0.145	119.073	0.375	44.652	1810	0.425	Pass	FALSE	Pending	No comments	1	4	NA	NA	14	14	15	NA	NA	VLDLGSPQLAMHSIQEM	ENST00000273075.9	347.14	305.37	37	35	1	485	protein_coding	ENSG00000123992	missense	R/Q	453	DNPEP	ENST00000273075.9:c.1358G>A	ENSP00000273075.4:p.Arg453Gln	9	3	7	LAMHSIREM	NetMHCpan	7.42	5.56	0.749	NetMHCpan	0.02	0.02	1650	0.425	1810	0.375	586	0	119.073	0.009	16.548	25.218	1.524	0.175	0.145	0.8777663	0.62455016	0.11346172	0.049824383	0.486004538834095	0.24066405929625	0.92894919157046	0.843746826668168	0.0778260869565201	0.21024456521738	35.7025036725353	36.3043382991472	0.027625	0.03025	32.43	15.74	5.34	2.48	72.36	62.7	0.14	0.13	15.03	14.63	0.15	0.15	5.56	7.42	0.02	0.02	0.838333	0.729875	0.01	0.02	427.979731978361	560.91551463325	0.2	0.2	10.8945676503939	10.6220905665451	12	12	18.0065288009726	17.3552150730983	23	21	8.DNPEP.ENST00000273075.9.missense.453R/Q	NA	NA	None	-0.385714285714286	0.642857142857143	False	False	False	0	False	0
chr2-232791284-232791285-C-T	14.GIGYF2.ENST00000409451.7.missense.395S/L	NA	1	NA	1	NA	2	GIGYF2	S395L	15	ASEETPQTL	ENST00000409451.7	1	HLA-C*12:03	9	None	4	1	290.837	7584.477	3.05	15.5	88.603	0.414	36.682	1639	0.441	Pass	FALSE	Pending	No comments	NA	NA	NA	NA	15	NA	4	NA	NA	KTDRVGVASEETPQTL	ENST00000409451.7	788.41	1735.09	7.3	20.2	1	1320	protein_coding	ENSG00000204120	missense	S/L	395	GIGYF2	ENST00000409451.7:c.1184C>T	ENSP00000387170.3:p.Ser395Leu	9	1	9	ASEETPQTS	SMMPMBEC	36.765	11.026	0.3	NetMHC	0.51	6.6	966	0.441	1639	0.414	346	0	88.603	0.659	290.837	7584.477	26.078	3.05	15.5	2.116891e-05	0.0010342763	0.001221189	0.0033327877	0.0019384237784834	0.153831958305091	0.0081755258346294	0.631222666949355	27.6173913043478	0.558315217391282	12069.1467170374	86.3532061831214	12.98375	0.563125	17.16	36.92	2.76	5.98	13007.61	495.32	6.6	0.51	22451.54	1718.86	50	9.6	30369.1	3616.56	34	2.9	0.000155	0.108995	18	0.52	3099.80741799732	2523.79620595976	5	3.2	23.1851548059034	47.5565126480849	30	71	11.026304964879	36.7646131047304	13	57	14.GIGYF2.ENST00000409451.7.missense.395S/L	NA	NA	None	-1.38571428571429	-1.38571428571429	False	False	False	0	False	0
chr20-64105860-64105861-C-T	204.NPBWR2.ENST00000369768.1.missense.324R/Q	NA	NA	NA	NA	NA	3	NPBWR2	R324Q	2	FQKNFRSIL	ENST00000369768.1	NA	HLA-C*12:03	2	None	3	1	45.15	570.73	0.865	3.223	0	0	0	1	0.482	NoExpr	FALSE	Pending	No comments	15	12	3	15	15	9	15	15	15	LNPFLYAFLDDNFQKNF	ENST00000369768.1	52.65	64.56	1.95	2.62	NA	333	protein_coding	ENSG00000125522	missense	R/Q	324	NPBWR2	ENST00000369768.1:c.971G>A	ENSP00000358783.1:p.Arg324Gln	9	8	2	FRKNFRSIL	SMMPMBEC	6.644	5.4	0.813	NetMHC	0.06	0.12	1179	0.482	1	0	560	0	0	0	45.15	570.73	12.641	0.865	3.223	0.0010336454	0.1335924	0.004759735	0.022209868	0.170186699833721	0.0964402765966951	0.0676490349226899	0.531102924219897	3.94624999999994	0.755407608695521	2373.39767807379	107.175553956762	4.940625	0.7595	1410.13	16.33	44.57	2.59	57.77	28.26	0.12	0.06	214.14	62.04	2.5	0.97	927.32	140	1.2	0.28	0.018179	0.179222	1.8	0.33	5932.98039812903	3454.01654281483	17	6	14.8665432961548	13.4341440256401	17	15	5.40045062769486	6.64400575556711	2.2	3.4	204.NPBWR2.ENST00000369768.1.missense.324R/Q	NA	NA	None	-0.228571428571429	-0.228571428571429	False	False	False	0	False	0
chr22-25868320-25868321-C-T	207.MYO18B.ENST00000407587.6.missense.1297A/V	NA	NA	3	NA	NA	1	MYO18B	A1297V	3	DERKVVEEL	ENST00000407587.6	1	HLA-B*18:01	5	None	4	1	87.927	124.094	0.142	0.245	0.18	0	0	2	0.406	NoExpr	FALSE	Pending	No comments	15	10	NA	2	15	2	4	NA	NA	ERKVVEELLETLDLE	ENST00000407587.6	262	916.32	6.45	19	1	2568	protein_coding	ENSG00000133454	missense	A/V	1297	MYO18B	ENST00000407587.6:c.3890C>T	ENSP00000386096.2:p.Ala1297Val	9	5	5	DERKAVEEL	MHCnuggetsI	24.62	119.79	4.866	NetMHCpanEL	0.02	0.03	647	0.406	2	0	294	0	0.18	0.032	87.927	124.094	1.411	0.142	0.245	0.5482927	0.7438293	0.29804572	0.46521926	0.228953038342297	0.405890561640263	0.775107591676381	0.87974185746073	0.316766304347794	0.154673913043481	55.2305849182845	48.4825297887837	0.059625	0.032125	119.79	24.62	0.27	0.1	80.24	41.46	0.22	0.13	157.31	107.14	0.44	0.31	178.64	133.5	0.12	0.1	0.902941	0.917443	0.03	0.02	1376.93031903257	1453.47247883281	3.3	3.6	64.5713698725414	68.7131724270449	0.2	0.2	128.398514732303	126.054977725259	0.3	0.3	207.MYO18B.ENST00000407587.6.missense.1297A/V	0.9129835	0.8941725	None	-0.457142857142857	-0.457142857142857	False	False	False	0	False	0
chr3-179218293-179218294-G-A	112.PIK3CA.ENST00000263967.4.missense.542E/K	4	NA	NA	NA	NA	1	PIK3CA	E542K	2	AISTRDPLSK	ENST00000263967.4	2	HLA-A*03:01	10	None	5	2	72.947	22017.05	0.47	26	21.884	0.381	8.338	548	0.385	Poor	FALSE	Pending	No comments	NA	3	NA	NA	NA	NA	12	9	NA	KEQLKAISTRDPLSK	ENST00000263967.4	399.7	520.68	37	41	2	1068	protein_coding	ENSG00000121879	missense	E/K	542	PIK3CA	ENST00000263967.4:c.1624G>A	ENSP00000263967.3:p.Glu542Lys	10	1	10	AISTRDPLSE	NetMHC	34.61	21215.2	612.979	NetMHCpanEL	0.1	16	658	0.385	548	0.381	206	0	21.884	0.158	72.947	22017.05	301.824	0.47	26	0.0028638171	0.40325713	0.007159274	0.07537679	0.0180932601797394	0.124990353884641	0.0044011356749806	0.717636963738417	62.7446739130435	0.409565217391304	24311.5675064107	51.750205213214	11.27075	0.172875	5696.32	3842.77	96.84	0.53	21215.2	34.61	28	0.12	22818.9	131.59	24	0.59	25223.05	53.93	23	0.17	0.000504	0.782451	16	0.1	27875.6898671121	1691.18996491218	38	2.3	6519.28549134066	61.5460237371317	19	0.6	19501.5890290484	84.3470698222403	33	0.8	112.PIK3CA.ENST00000263967.4.missense.542E/K	0.7269638	0.78727674	None	-1.6	-0.4	False	False	False	0	False	0
chr3-41224575-41224579-TGTTA-T	27.CTNNB1.ENST00000349496.11.FS.22-23TGTTA/T	NA	NA	1	1	NA	5	CTNNB1	FS22-23	41	AAVTGSNSL	ENST00000349496.11	1	HLA-C*12:03	NA	None	6	2	251.205	NA	2.92	NA	876.252	0.377	330.347	10290	0.389	Pass	FALSE	Pending	No comments	15	15	NA	12	15	14	15	2	NA	TLESILVPLPQLLL	ENST00000349496.11	30.645	NA	8.4	NA	1	781	protein_coding	ENSG00000168036	FS	VS/X	22-23	CTNNB1	ENST00000349496.11:c.66_69del	ENSP00000344456.5:p.Ser23ThrfsTer23	9	7	NA	NA	SMM	22.605	NA	NA	MHCflurry	0.062	NA	1357	0.389	10290	0.377	520	0	876.252	0.307	251.205	NA	NA	2.92	NA	NA	0.046292268	NA	0.0061139204	NA	0.561844516545534	NA	0.937557473274745	NA	0.0657880434782782	NA	40.813482736933	NA	0.06175	NA	1393.2	NA	44.37	NA	355.53	NA	0.44	NA	677.84	NA	5.4	NA	146.88	NA	0.28	NA	0.281244	NA	0.19	NA	3766.31095345203	NA	7.1	NA	22.6052856846293	NA	29	NA	28.0821270587824	NA	39	27.CTNNB1.ENST00000349496.11.FS.22-23TGTTA/T	NA	NA	None	0.257142857142857	0.342857142857143	False	False	False	0	False	0
chr3-41233384-41233385-C-A	69.CTNNB1.ENST00000349496.11.missense.376R/S	NA	NA	NA	NA	NA	3	CTNNB1	R376S	41	HLTDPSQSL	ENST00000349496.11	1	HLA-C*12:03	8	None	3	1	483.645	2240.59	2.75	5.25	876.252	0.347	304.059	12918	0.42	Pass	FALSE	Pending	No comments	NA	NA	NA	NA	NA	3	15	8	14	ALGLHLTDPSQSLVQ	ENST00000349496.11	184.095	284.41	34	48	1	781	protein_coding	ENSG00000168036	missense	R/S	376	CTNNB1	ENST00000349496.11:c.1126C>A	ENSP00000344456.5:p.Arg376Ser	9	2	8	HLTDPSQRL	MHCflurry	62.521	160.505	2.567	MHCflurry	0.214	0.783	1451	0.42	12918	0.347	371	0	876.252	0.307	483.645	2240.59	4.633	2.75	5.25	0.00041366415	0.0008836201	0.0009201271	0.0023280208	0.192986932583153	0.384216845035553	0.518461999651091	0.84108037485713	0.783315217391177	0.213750000000004	160.504636619623	62.5210448241398	1.157	0.299125	4366.89	1320.26	67.3	43.43	3291.37	513.07	1.9	0.52	1189.81	454.22	7.6	4.2	3630.16	1081.35	2.9	1.3	0.065669	0.145292	0.74	0.4	13356.5921199808	6978.42577496761	43	21	184.59077789593	123.939574263374	100	99	254.348979797047	146.362560996182	100	100	69.CTNNB1.ENST00000349496.11.missense.376R/S	NA	NA	None	-1.01428571428571	-1.01428571428571	False	False	False	0	False	0
chr3-48689559-48689560-C-A	111.IP6K2.ENST00000328631.10.missense.253G/V	2	NA	NA	NA	NA	7	IP6K2	G253V	1	QSTSAVIVV	ENST00000328631.10	1	HLA-C*12:03	8	None	8	2	272.334	1830.687	1.119	4.868	232.837	0.487	113.392	2237	0.413	Pass	FALSE	Pending	No comments	3	8	NA	NA	2	9	15	3	NA	QQSTSAVIVVRV	ENST00000328631.10	1185.075	830.21	41	24	1	426	protein_coding	ENSG00000068745	missense	G/V	253	IP6K2	ENST00000328631.10:c.758G>T	ENSP00000331103.5:p.Gly253Val	9	2	8	QSTSAVIGV	MHCnuggetsI	5.48	7.56	1.38	MHCnuggetsI	0.38	0.78	1449	0.413	2237	0.487	455	0	232.837	48.48	272.334	1830.687	6.722	1.119	4.868	0.0006347896	0.07508379	0.023446163	0.098561354	0.0686782404663972	0.381657542660832	0.0885713428045368	0.703135994820925	3.18451086956512	0.433043478260856	1213.84463351131	141.727345295402	3.6355	1.038375	7.56	5.48	0.78	0.38	12256.52	1739.14	6.1	1.2	3472.75	788.71	16	6	2447.53	402.94	2.2	0.58	0.006144	0.056201	3.4	0.83	11355.6268690153	10191.1082266841	36	32	25.7756721996581	23.9447330701404	35	32	51.9313963239615	49.0263995203506	75	72	111.IP6K2.ENST00000328631.10.missense.253G/V	NA	NA	None	2.48571428571429	2.48571428571429	True	False	False	0	False	0
chr4-113330245-113330246-T-A	119.ANK2.ENST00000506722.5.missense.958S/R	NA	NA	3	NA	NA	2	ANK2	S958R	16	NSRFLVSFM	ENST00000506722.5	1	HLA-C*12:03	3	None	5	0	621.574	356.095	5.4	5.4	7.763	0.062	0.481	144	0.448	Poor	TRUE	Pending	No comments	15	14	NA	15	15	15	15	11	5	ERDNSRFLVSFMVDA	ENST00000506722.5	38.205	96.145	16	30	1	1863	protein_coding	ENSG00000145362	missense	S/R	958	ANK2	ENST00000506722.5:c.2874T>A	ENSP00000421067.1:p.Ser958Arg	9	7	3	NSSFLVSFM	SMM	35.827	40.664	1.135	NetMHCpan	0.32	0.25	1586	0.448	144	0.062	417	0	7.763	0	621.574	356.095	0.573	5.4	5.4	0.052996915	0.016783	0.07000879	0.02170451	0.0642779157496988	0.0447177124151494	0.350140322062297	0.364350249517437	1.19866847826076	1.15603260869553	204.83908537395	178.97775835868	1.410375	1.267375	507.35	1064.17	28.99	39.83	2445.94	2090.7	1.5	1.4	1628.34	1682.07	9.3	9.4	118.67	167.99	0.25	0.32	0.051806	0.050011	0.89	0.92	6062.766657073	4526.87667639995	17	10	40.6639909462569	35.8269633952077	63	55	117.606141070419	61.7205802049428	98	82	119.ANK2.ENST00000506722.5.missense.958S/R	NA	NA	None	1.45714285714286	1.45714285714286	False	False	False	0	True	0
chr4-72138114-72138115-C-T	118.NPFFR2.ENST00000395999.5.missense.138T/M	1	NA	NA	1	NA	7	NPFFR2	T138M	4	VAASVFMLV	ENST00000395999.5	1	HLA-C*12:03	7	None	8	2	32.721	28.704	0.258	0.245	0.041	0	0	0	0.384	NoExpr	FALSE	Pending	No comments	15	14	4	9	15	15	15	11	7	ASVFMLVAIAVDRFQ	ENST00000395999.5	33.08	36.6	9.4	12	1	423	protein_coding	ENSG00000056291	missense	T/M	138	NPFFR2	ENST00000395999.5:c.413C>T	ENSP00000379321.1:p.Thr138Met	9	3	7	VAASVFTLV	MHCnuggetsI	4.13	3.58	0.867	NetMHCpan	0.04	0.04	461	0.384	0	0	260	0	0.041	0	32.721	28.704	0.877	0.258	0.245	0.75223666	0.8398203	0.15308373	0.23492257	0.596446167677641	0.580552728846669	0.942368282385737	0.928702303005638	0.058288043478285	0.0794021739130386	42.4039342241654	50.5748760288918	0.074	0.1655	3.58	4.13	0.08	0.16	321.79	248	0.41	0.35	54.48	71.79	0.85	1.3	14.55	13.9	0.04	0.04	0.540687	0.471915	0.06	0.07	8853.9038957751	7366.34938550802	28	22	15.0041017276282	14.8665432961548	17	17	14.3030942359885	14.703813988235	16	17	118.NPFFR2.ENST00000395999.5.missense.138T/M	NA	NA	None	2.55714285714286	2.55714285714286	False	False	False	0	False	0
chr5-37020856-37020867-CTTTGATATTTA-C	135.NIPBL.ENST00000282516.13.FS.1770-1773CTTTGATATTTA/C	NA	NA	NA	1	NA	NA	NIPBL	FS1770-1773	1	RPFAQSFDT	ENST00000282516.13	1	HLA-B*35:01	9	None	1	0	2675.618	1941.16	6.11	2.3	100.15	0.07	7.011	1710	0.291	Poor	FALSE	Pending	No comments	2	NA	NA	NA	10	9	9	5	7	RYLASMRPFAQSFDTDP	ENST00000282516.13	151.55	91.78	18	14	1	2804	protein_coding	ENSG00000164190	FS	FDIY/X	1770-1773	NIPBL	ENST00000282516.13:c.5313_5323del	ENSP00000282516.8:p.Ile1772ThrfsTer8	9	3	9	RPFAQSFDI	SMMPMBEC	1209.595	974.182	0.805	NetMHC	2.1	2.1	954	0.291	1710	0.07	249	0	100.15	6.587	2675.618	1941.16	0.725	6.11	2.3	0.0016314416	0.00045813364	0.19924971	0.102732874	0.31636506691575	0.0689264552202075	0.112234320810306	0.0097998325117878	2.69225543478254	24.5792391304348	2282.20224432128	12761.112073366	1.82875	5.2205	4093.81	4721.53	1.81	3.21	2135.33	2071.59	2.1	2.1	1746.99	2827.44	5.5	7	2503.43	6327.77	1.5	2.9	0.021594	0.006076	2.5	4.6	548.907939487181	2523.79620595976	1.4	8.7	1501.68900161469	1366.40675393508	9.7	9.1	974.181773817185	1209.59504747458	7.1	8.4	135.NIPBL.ENST00000282516.13.FS.1770-1773CTTTGATATTTA/C	0.80403334	0.7535103	None	-0.157142857142857	-0.157142857142857	False	False	False	0	False	0
chr5-91378763-91378763-G-GT	138.ARRDC3.ENST00000265138.4.FS.98G/GT	2	NA	1	NA	NA	NA	ARRDC3	FS98	1	RLPHYSFRK	ENST00000265138.4	1	HLA-A*03:01	NA	None	3	1	44.286	NA	0.105	NA	166.846	0.255	42.546	2916	0.391	Pass	FALSE	Pending	No comments	NA	3	NA	NA	NA	NA	15	NA	4	DNYRRRLPHYSFRKA	ENST00000265138.4	98.5	NA	25	NA	1	414	protein_coding	ENSG00000113369	FS	S/YX	98	ARRDC3	ENST00000265138.4:c.292_293insA	ENSP00000265138.3:p.Ser98TyrfsTer14	9	12	NA	NA	NetMHCpan	13.67	NA	NA	MHCnuggetsI	0.03	NA	1127	0.391	2916	0.255	241	0	166.846	35.507	44.286	NA	NA	0.105	NA	NA	0.58722454	NA	0.24438271	NA	0.252922125626355	NA	0.85108967972744	NA	0.197744565217377	NA	35.8059289285319	NA	0.064375	NA	640.31	NA	0.03	NA	25.7	NA	0.08	NA	31.72	NA	0.13	NA	13.67	NA	0.03	NA	0.879309	NA	0.04	NA	401.078500327613	NA	1	NA	57.2532309394175	NA	0.3	NA	52.7667079592571	NA	0.3	138.ARRDC3.ENST00000265138.4.FS.98G/GT	NA	0.8549484	None	-1.78571428571429	-0.685714285714286	False	False	False	0	False	0
chr6-149679984-149679986-ATC-A	141.LATS1.ENST00000253339.9.FS.828ATC/A	NA	NA	NA	1	NA	1	LATS1	FS828	2	HKMGFIHRY	ENST00000253339.9	1	HLA-C*12:03	9	None	1	0	587.695	15587.651	6.667	44.612	20.048	0.62	12.43	297	0.768	Poor	FALSE	Pending	No comments	1	3	NA	NA	NA	NA	7	NA	NA	AVESVHKMGFIHRY	ENST00000253339.9	1183.045	1648.145	45	55	1	1130	protein_coding	ENSG00000131023	FS	D/X	828	LATS1	ENST00000253339.9:c.2482_2483del	ENSP00000253339.5:p.Asp828TyrfsTer2	9	1	9	HKMGFIHRD	SMMPMBEC	10.41	11.815	1.135	NetMHCpanEL	0.27	50	574	0.768	297	0.62	373	0	20.048	4.711	587.695	15587.651	26.523	6.667	44.612	3.3657416e-05	0.012668662	0.0005273204	0.0014734529	0.120086006703786	0.932360008358955	0.00537228630379	0.688797691434171	46.2246739130435	0.456331521739102	28679.489938318	1129.57338538894	55.451625	3.53375	1066.63	282.95	39.86	21.98	17818.71	380.34	9.8	0.45	32434.8	1785.2	74	9.8	38795.72	795.05	59	0.93	5e-06	0.217215	50	0.27	13356.5921199808	10191.1082266841	43	32	26.2548777238777	17.9974095666724	36	22	11.8148986353051	10.4095031273395	13	12	141.LATS1.ENST00000253339.9.FS.828ATC/A	NA	NA	None	-0.0285714285714285	-0.0285714285714285	False	False	False	0	False	0
chr6-152136709-152136710-G-T	145.SYNE1.ENST00000367255.10.missense.8523R/S	NA	NA	NA	NA	NA	1	SYNE1	R8523S	1	DLQDSLSQM	ENST00000367255.10	1	HLA-C*12:03	5	None	1	0	2694.374	1883.33	15	11.7	49.444	0.127	6.279	275	0.842	Poor	FALSE	Pending	No comments	NA	NA	NA	NA	NA	NA	13	6	NA	SRDLQDSLSQMNGRW	ENST00000367255.10	884.245	1559.515	61	81	1	8797	protein_coding	ENSG00000131018	missense	R/S	8523	SYNE1	ENST00000367255.10:c.25567C>A	ENSP00000356224.5:p.Arg8523Ser	9	5	5	DLQDRLSQM	SMM	45.626	43.572	0.955	MHCflurry	3.549	1.283	1112	0.842	275	0.127	531	0.002	49.444	2.996	2694.374	1883.33	0.699	15	11.7	0.00015792975	9.258651e-05	0.0016757103	0.0027397913	0.196474052034318	0.0067647132382262	0.323820926523626	0.076227106315953	1.28277173913034	3.56269021739122	374.303147343956	1146.41720798843	2.079875	3.549375	1029.52	639.43	39.3	32.16	12404.47	15131.74	6.3	7.9	2737.14	4242.33	14	18	12784.91	14664	9.4	12	0.009061	0.003067	2.7	4.8	14882.8246136173	16228.4530678281	47	51	43.5722513269215	45.6257482672681	67	69	97.5955464316963	100.79291372885	96	97	145.SYNE1.ENST00000367255.10.missense.8523R/S	NA	NA	None	-0.914285714285714	-0.642857142857143	False	False	False	0	False	0
chr6-85490578-85490579-G-A	139.NT5E.ENST00000257770.8.missense.428G/S	5	NA	NA	NA	NA	2	NT5E	G428S	2	QLKSSTLKK	ENST00000257770.8	1	HLA-A*03:01	4	None	7	4	76.755	84.351	0.365	0.4	17.513	0.045	0.788	292	0.308	LowExpr	FALSE	Pending	No comments	15	15	NA	NA	NA	NA	15	3	NA	TFDLVQLKSSTLKKA	ENST00000257770.8	4.11	4.595	0.16	0.12	1	574	protein_coding	ENSG00000135318	missense	G/S	428	NT5E	ENST00000257770.8:c.1282G>A	ENSP00000257770.3:p.Gly428Ser	9	6	4	QLKGSTLKK	MHCflurry	34.506	37.253	1.08	NetMHCpanEL	0.02	0.02	1880	0.308	292	0.045	395	0	17.513	2.946	76.755	84.351	1.099	0.365	0.4	0.41003332	0.45244378	0.4006042	0.33025408	0.0304405911592766	0.0186770706495735	0.714536872334745	0.721177784600137	0.415271739130446	0.403260869565216	37.2529628012354	34.5057694300008	0.074875	0.054125	5136.31	5046.1	1.25	1.13	102.33	81.52	0.41	0.33	63.39	53.32	0.33	0.27	56.19	40.34	0.18	0.12	0.929068	0.942768	0.02	0.02	674.186330339194	696.429008571064	2	2.1	83.7143674435157	77.5889723919874	0.4	0.4	84.988467857304	75.9206643910205	0.4	0.4	139.NT5E.ENST00000257770.8.missense.428G/S	0.8926619	0.849796	None	-1.45714285714286	-0.3	True	False	False	0	False	0
chr7-5527749-5527766-TAGAAGCATTTGCGGTGG-T	154.ACTB.ENST00000473257.3.FS.327-333TAGAAGCATTTGCGGTGG/T	NA	NA	1	NA	NA	2	ACTB	FS327-333	8	SGPSIVGGL	ENST00000473257.3	3	HLA-C*12:03	7, 8, 9	None	3	0	3617.285	8908.267	24.5	28	1660.485	0.141	234.128	12119	0.302	Poor	FALSE	Pending	No comments	NA	NA	NA	NA	NA	NA	15	NA	1	KQEYDESGPSIVGGL	ENST00000473257.3	360.155	169.67	33	22	3	332	protein_coding	ENSG00000075624	FS	VHRKCF*/VX	327-333	ACTB	ENST00000473257.3:c.981_997del	ENSP00000501773.1:p.His328GlyfsTer4	9	4	7, 8, 9	SGPSIVHRK	SMMPMBEC	23.792	16.384	0.689	MHCflurry	1.486	5.115	1962	0.302	12119	0.141	708	0.003	1660.485	0	3617.285	8908.267	2.463	24.5	28	0.00052800827	0.0018977198	0.00909878	0.012223826	0.0485522949020378	0.0097946903551928	0.0421924582586162	0.268712287349038	5.91374999999996	1.48627717391297	2547.26093280914	249.086925339896	5.115125	1.6205	3409.04	2674.91	61.8	56.7	43116.27	35676	63	34	23192.26	8853.9	52	27	20971.22	4559.66	19	3.5	0.001816	0.009554	6.2	2.7	14407.4942138379	7527.49114979243	46	22	26.3154014677373	41.2296834099031	36	64	16.3843795500399	23.7919478915799	20	31	154.ACTB.ENST00000473257.3.FS.327-333TAGAAGCATTTGCGGTGG/T	NA	NA	None	1.32857142857143	1.32857142857143	False	False	False	0	False	0
chr7-6585093-6585094-G-A	161.ZDHHC4.ENST00000335965.11.missense.192R/K	1	NA	1	2	NA	4	ZDHHC4	R192K	6	IGAWNIKYF	ENST00000335965.11	1	HLA-C*12:03	7	None	6	1	468.692	224.076	5.675	4.415	94.525	0.449	42.442	1434	0.426	Pass	FALSE	Pending	No comments	15	15	NA	15	8	15	15	NA	1	NIKYFLIYVLTLTA	ENST00000335965.11	51.9	74.535	22	25	1	344	protein_coding	ENSG00000136247	missense	R/K	192	ZDHHC4	ENST00000335965.11:c.575G>A	ENSP00000337475.6:p.Arg192Lys	9	3	7	IGAWNIRYF	MHCnuggetsI	70.41	49.08	0.697	NetMHCpanEL	0.87	0.51	1717	0.426	1434	0.449	721	0	94.525	1.57	468.692	224.076	0.478	5.675	4.415	0.13156563	0.04500768	0.06558702	0.042728484	0.350945184007287	0.166969231097028	0.676088541499417	0.468818175084348	0.478858695652136	0.8910054347825	144.342198771002	179.143480555439	1.059875	1.278125	49.08	70.41	7.53	9.75	1993.14	2521.91	1.3	1.6	1469.28	2551.25	8.7	13	292.48	758.24	0.47	0.91	0.110447	0.052951	0.51	0.87	8387.64331174904	12930.0068153155	26	41	155.671818962384	152.8304880525	100	100	150.463098139606	147.37709780131	100	100	161.ZDHHC4.ENST00000335965.11.missense.192R/K	NA	NA	None	-0.0714285714285714	0.3	False	False	False	0	False	0
chr8-21999287-21999288-C-T	167.XPO7.ENST00000252512.14.missense.876P/S	NA	NA	NA	1	NA	2	XPO7	P876S	3	LSISHSDLL	ENST00000252512.14	1	HLA-C*12:03	4	None	2	2	453.205	168.455	4.1	1.7	161.196	0.152	24.502	2005	0.146	Subclonal	FALSE	Pending	No comments	15	15	1	2	7	13	15	12	6	QTFIKLLLSISHSD	ENST00000252512.14	15.25	21.255	2.9	4.2	1	1087	protein_coding	ENSG00000130227	missense	P/S	876	XPO7	ENST00000252512.14:c.2626C>T	ENSP00000252512.9:p.Pro876Ser	9	6	4	LSIPHSDLL	SMM	78.381	78.381	1	NetMHCpan	0.57	0.31	1580	0.146	2005	0.152	558	0	161.196	9.198	453.205	168.455	0.372	4.1	1.7	0.0045128935	0.0017926286	0.004064598	0.0046735913	0.260947418399155	0.0896060704253614	0.741372979864998	0.468633230628986	0.371739130434761	0.8910054347825	75.0198422633111	135.25451448912	0.444	1.00075	3115.19	4522.38	59.88	68.07	1619.42	7472.96	1.2	3.7	176.24	522.82	2.2	4.5	160.67	383.59	0.31	0.57	0.182491	0.046503	0.32	0.98	3848.70047370434	4288.48419012512	7.4	9	78.3808556186806	78.3808556186806	92	92	105.786439465921	129.547787432539	97	99	167.XPO7.ENST00000252512.14.missense.876P/S	NA	NA	None	0.542857142857143	0.542857142857143	False	False	False	0	False	0
chr9-114930109-114930110-G-A	170.TNFSF8.ENST00000223795.3.missense.65T/M	NA	NA	NA	NA	NA	2	TNFSF8	T65M	2	LVVQRMDSI	ENST00000223795.3	1	HLA-C*12:03	6	None	2	1	492.546	646.84	3.29	2.719	0.971	0	0	15	0.406	NoExpr	FALSE	Pending	No comments	10	8	NA	1	13	15	15	12	4	TVATIMVLVVQRMDS	ENST00000223795.3	124.965	110.11	18	15	1	234	protein_coding	ENSG00000106952	missense	T/M	65	TNFSF8	ENST00000223795.3:c.194C>T	ENSP00000223795.2:p.Thr65Met	9	4	6	LVVQRTDSI	SMM	33.282	33.282	1	NetMHC	0.97	0.96	1171	0.406	15	0	350	0	0.971	0.923	492.546	646.84	1.313	3.29	2.719	0.00019815797	9.385238e-05	0.0015026139	0.001191864	0.0832132138311863	0.0996096662711352	0.266055457222865	0.183527611503042	1.49845108695642	1.94760869565209	330.0321257422	573.012163553483	1.93725	2.580375	1823.58	378.54	49.22	25.28	1427.85	1438.55	0.96	0.97	350.34	412.08	3.5	4	943.34	946.26	1.2	1.2	0.017035	0.014487	1.9	2.1	13797.2512781836	13501.8921247818	44	43	33.2820447345431	33.2820447345431	50	50	57.6009969239485	43.0953090975351	79	67	170.TNFSF8.ENST00000223795.3.missense.65T/M	NA	NA	None	-0.242857142857143	0.371428571428571	False	False	False	0	False	0
chrX-45110081-45110082-G-A	215.KDM6A.ENST00000611820.5.missense.1389E/K	NA	1	3	2	NA	3	KDM6A	E1389K	11	EVKVFDLLF	ENST00000611820.5	1	HLA-A*25:01	3	None	7	1	1627.065	12338.835	0.484	2.666	50.094	0.587	29.405	893	0.394	Poor	FALSE	Pending	No comments	15	6	NA	10	9	3	15	8	1	EVKVFDLLFVTNESN	ENST00000611820.5	334.71	795.865	37	42	1	1453	protein_coding	ENSG00000147050	missense	E/K	1389	KDM6A	ENST00000611820.5:c.4165G>A	ENSP00000483595.2:p.Glu1389Lys	9	7	3	EVEVFDLLF	MHCflurry	75.486	991.337	13.133	MHCflurry	0.071	0.588	926	0.394	893	0.587	296	0	50.094	0	1627.065	12338.835	7.583	0.484	2.666	0.0009682523	0.025558308	0.0096492935	0.003558109	0.0662568411789834	0.265374604612589	0.104979647275873	0.743218547269617	2.83290760869558	0.368532608695645	991.337452794095	75.4859180352891	0.588124999999999	0.070875	1923.57	1385.26	0.24	0.09	15255.03	6167.43	2.5	0.6	14099.07	6539.79	4.7	2	10578.6	1868.87	1.3	0.17	0.122965	0.506525	0.64	0.09	1517.75856701751	751.224325876238	5.2	1.9	35000.9635247914	1315.46712787521	9.1	1.2	14349.6067690891	2171.90087359912	5.5	1.7	215.KDM6A.ENST00000611820.5.missense.1389E/K	NA	NA	None	1.42857142857143	1.62857142857143	True	False	False	0	False	0
