ID	A.01.01	A.24.02	B.13.02	B.27.05	C.01.02	C.06.02	Gene	AA.Change	Num.Passing.Transcripts	Best.Peptide.class1	Best.Transcript.class1	TSL	Allele	Pos	Prob.Pos	Num.Passing.Peptides	IC50.MT.class1	IC50.WT.class1	percentile.MT.class1	percentile.WT.class1	RNA.Expr	RNA.VAF	Allele.Expr	RNA.Depth	DNA.VAF	Tier	Ref.Match	Evaluation	Comments	DQA1.01.01.DQB1.02.02	DQA1.01.01.DQB1.05.01	DQA1.02.01.DQB1.02.02	DQA1.02.01.DQB1.05.01	DRB1.01.01	DRB1.07.01	Best.Peptide.class2	Best.Transcript.class2	IC50.MT.class2	IC50.WT.class2	percentile.MT.class2	percentile.WT.class2	Transcript.Support.Level	Transcript.Length	Biotype	Ensembl.Gene.ID	Variant.Type	Mutation	Protein.Position	Gene.Name	HGVSc	HGVSp	Peptide.Length	Sub.peptide.Position	Mutation.Position	WT.Epitope.Seq	Best.MT.IC50.Score.Method	Best.MT.IC50.Score	Corresponding.WT.IC50.Score	Corresponding.Fold.Change	Best.MT.Percentile.Method	Best.MT.Percentile	Corresponding.WT.Percentile	Tumor.DNA.Depth	Tumor.DNA.VAF	Tumor.RNA.Depth	Tumor.RNA.VAF	Normal.Depth	Normal.VAF	Gene.Expression	Transcript.Expression	Median.MT.IC50.Score	Median.WT.IC50.Score	Median.Fold.Change	Median.MT.Percentile	Median.WT.Percentile	BigMHC_EL.WT.Score	BigMHC_EL.MT.Score	BigMHC_IM.WT.Score	BigMHC_IM.MT.Score	MHCflurryEL.Processing.WT.Score	MHCflurryEL.Processing.MT.Score	MHCflurryEL.Presentation.WT.Score	MHCflurryEL.Presentation.MT.Score	MHCflurryEL.Presentation.WT.Percentile	MHCflurryEL.Presentation.MT.Percentile	MHCflurry.WT.IC50.Score	MHCflurry.MT.IC50.Score	MHCflurry.WT.Percentile	MHCflurry.MT.Percentile	MHCnuggetsI.WT.IC50.Score	MHCnuggetsI.MT.IC50.Score	MHCnuggetsI.WT.Percentile	MHCnuggetsI.MT.Percentile	NetMHC.WT.IC50.Score	NetMHC.MT.IC50.Score	NetMHC.WT.Percentile	NetMHC.MT.Percentile	NetMHCcons.WT.IC50.Score	NetMHCcons.MT.IC50.Score	NetMHCcons.WT.Percentile	NetMHCcons.MT.Percentile	NetMHCpan.WT.IC50.Score	NetMHCpan.MT.IC50.Score	NetMHCpan.WT.Percentile	NetMHCpan.MT.Percentile	NetMHCpanEL.WT.Score	NetMHCpanEL.MT.Score	NetMHCpanEL.WT.Percentile	NetMHCpanEL.MT.Percentile	PickPocket.WT.IC50.Score	PickPocket.MT.IC50.Score	PickPocket.WT.Percentile	PickPocket.MT.Percentile	SMM.WT.IC50.Score	SMM.MT.IC50.Score	SMM.WT.Percentile	SMM.MT.Percentile	SMMPMBEC.WT.IC50.Score	SMMPMBEC.MT.IC50.Score	SMMPMBEC.WT.Percentile	SMMPMBEC.MT.Percentile	Index	DeepImmuno.WT.Score	DeepImmuno.MT.Score	cterm_7mer_gravy_score	max_7mer_gravy_score	difficult_n_terminal_residue	c_terminal_cysteine	c_terminal_proline	cysteine_count	n_terminal_asparagine	asparagine_proline_bond_count
chr1-1339399-1339400-G-A	1	2	NA	NA	1	NA	DVL1	S365F	4	AAWLFHTAAL	ENST00000378891.9	1	HLA-C*01:02	5	None	4	1219.04	853.22	2.56	1.223	48.781	0.335	16.342	227	0.458	Poor	FALSE	Pending	No comments	NA	14	17	43	114	87	AAWLFHTAALTGALP	ENST00000378891.9	19.295	20.44	6	5.9	1	670	protein_coding	ENSG00000107404	missense	S/F	365	DVL1	ENST00000378891.9:c.1094C>T	ENSP00000368169.5:p.Ser365Phe	10	6	5	AAWLSHTAAL	MHCnuggetsI	326.14	219.19	0.672	NetMHCcons	0.02	0.01	142	0.458	227	0.335	383	0	48.781	32.922	1219.04	853.22	0.7	2.56	1.223	0.008560066	0.0063205906	0.027426755	0.027131902	0.0442395433783531	0.0781532563269138	0.280248851929116	0.112240470709324	1.43986413043469	2.69225543478254	266.03279124443	958.29164022838	1.222625	2.559875	219.19	326.14	2.44	3.3	NA	NA	NA	NA	853.22	1219.04	0.01	0.02	4147.88	5310.52	0.7	0.91	0.023243	0.008633	2	3.6	2693.07285958329	2936.56665617096	0.6	0.7	NA	NA	NA	NA	NA	NA	NA	NA	2.DVL1.ENST00000378891.9.missense.365S/F	0.8552613	0.8351979	1.44285714285714	1.44285714285714	False	False	False	0	False	0
chr1-1341750-1341751-G-A	NA	NA	NA	5	2	3	DVL1	P174L	2	RRRDVGLL	ENST00000378891.9	1	HLA-B*27:05	8	None	8	262.942	1596.57	0.595	2.7	48.781	0.553	26.976	226	0.365	Pass	FALSE	Pending	No comments	NA	NA	24	NA	66	21	RRDVGLLPDSASTA	ENST00000378891.9	135.005	1079.905	23	49	1	670	protein_coding	ENSG00000107404	missense	P/L	174	DVL1	ENST00000378891.9:c.521C>T	ENSP00000368169.5:p.Pro174Leu	8	1	8	RRRDVGLP	NetMHCcons	60.38	1525.99	25.273	NetMHCcons	0.08	2.1	170	0.365	226	0.553	448	0	48.781	32.922	262.942	1596.57	6.072	0.595	2.7	0.04098901	0.16180898	0.13128571	0.5681595	0.0363190658390522	0.0280934460461139	0.0092403679741439	0.240515641301185	24.5792391304348	1.6127445652173	12045.9625998202	310.29660636086	26.9855	1.364875	4747.03	676.67	4.16	1.38	970.97	169.3	2.5	0.53	1525.99	60.38	2.1	0.08	1667.15	217.21	2.3	0.51	0.025138	0.302526	2.9	0.66	5382.47700914843	1844.09866318303	6.1	1.7	778.932814553674	308.673964568387	1	0.4	792.629076897822	169.461091744469	1.1	0.2	6.DVL1.ENST00000378891.9.missense.174P/L	NA	NA	-0.157142857142857	-0.157142857142857	False	False	False	0	False	0
chr1-173952088-173952089-T-A	NA	NA	NA	NA	NA	NA	RC3H1	Y807F	0	KYKGNDFSQY	ENST00000258349.8	1	HLA-A*24:02	7	None	0	3225.416	3704.753	2.45	2.75	29.935	0	0	195	0.029	NoExpr	FALSE	Pending	No comments	NA	NA	NA	NA	16	36	NDFSQYSPWSCDTI	ENST00000258349.8	765.02	1216.875	27	42	1	1133	protein_coding	ENSG00000135870	missense	Y/F	807	RC3H1	ENST00000258349.8:c.2420A>T	ENSP00000258349.4:p.Tyr807Phe	10	4	7	KYKGNDYSQY	MHCflurry	518.23	842.62	1.626	NetMHCpanEL	0.83	0.95	272	0.029	195	0	482	0	29.935	0	3225.416	3704.753	1.149	2.45	2.75	0.05538288	0.06721191	0.104646005	0.096632294	0.191611386835575	0.261977449059486	0.176291729087576	0.305648799231296	1.99782608695644	1.34540760869557	842.61964673834	518.230297215649	1.09925	0.886249999999999	5402.58	5414	76.02	87.6	6860.29	7550.41	5.3	5.7	4830.5	3786.74	3.4	2.8	8072.02	5828.88	3.2	2.5	0.082268	0.10349	0.95	0.83	2579.00523176605	2664.09147713626	2.3	2.4	1728.70146483175	1373.15638292508	3.6	2.9	1098.12050216716	963.05258211526	2.3	2	7.RC3H1.ENST00000258349.8.missense.807Y/F	0.41967484	0.37305254	-1.45714285714286	-1.45714285714286	False	False	False	0	False	0
chr11-123939725-123939726-T-C	NA	4	NA	NA	1	2	OR4D5	M37T	1	VYFTTVVGNL	ENST00000307033.3	NA	HLA-A*24:02	4	None	6	411.836	267.4	0.445	0.495	0	0	0	0	0.497	NoExpr	FALSE	Pending	No comments	NA	18	3	46	102	102	AVYFTTVVGNLLI	ENST00000307033.3	10.7	10.645	0.74	0.92	NA	318	protein_coding	ENSG00000171014	missense	M/T	37	OR4D5	ENST00000307033.3:c.110T>C	ENSP00000305970.2:p.Met37Thr	10	7	4	VYFMTVVGNL	MHCflurry	60.652	91.4	1.507	MHCflurry	0.158	0.275	171	0.497	0	0	357	0	0	0	411.836	267.4	0.649	0.445	0.495	0.030746195	0.15643227	0.17555402	0.306236	0.0218014009296894	0.287460006773472	0.503787954998968	0.794691175448056	0.812717391304218	0.286847826086927	91.3999923646051	60.6515830475571	0.27525	0.158375	4525.06	3505.71	0.38	0.23	302.56	691.48	0.49	0.96	232.24	265.87	0.42	0.45	226.12	509.1	0.26	0.44	0.142345	0.252924	0.67	0.4	963.487207450801	973.968525934644	0.8	0.8	305.295216756845	314.571953983467	0.7	0.7	191.712309925961	189.517797261139	0.5	0.5	44.OR4D5.ENST00000307033.3.missense.37M/T	0.47481826	0.46942505	0.985714285714286	1.81428571428571	False	False	False	0	False	0
chr11-57476516-57476517-AC-A	NA	NA	NA	18	1	5	RTN4RL2	FS290	1	RRVRPRHPR	ENST00000335099.8	1	HLA-B*27:05	9-Jan	None	22	36.847	NA	0.157	NA	1.413	0	0	11	0.076	NoExpr	FALSE	Pending	No comments	NA	NA	NA	NA	177	63	GTRLLRTTTGGATGV	ENST00000335099.8	134.1	NA	24	NA	1	420	protein_coding	ENSG00000186907	FS	T/X	290	RTN4RL2	ENST00000335099.8:c.875del	ENSP00000335397.3:p.Pro292ArgfsTer232	9	27	1-9	NA	NetMHC	19.33	NA	NA	MHCnuggetsI	0.04	NA	66	0.076	11	0	158	0	1.413	1.202	36.847	NA	NA	0.157	NA	NA	0.07417422	NA	0.6638428	NA	0.0372746028006076	NA	0.574302167550007	NA	0.667445652173839	NA	72.1645305466326	NA	0.17475	NA	22.49	NA	0.04	NA	19.33	NA	0.04	NA	40.46	NA	0.1	NA	32.28	NA	0.04	NA	0.721272	NA	0.14	NA	74.1634734344795	NA	0.2	NA	41.2638741263986	NA	0.2	NA	33.2330346217533	NA	0.2	43.RTN4RL2.ENST00000335099.8.FS.290AC/A	NA	0.9027093	-2.24285714285714	-2.24285714285714	False	False	False	0	False	0
chr12-21848158-21848159-C-T	NA	NA	NA	NA	NA	NA	ABCC9	E953K	0	SREAKAQMEDK	ENST00000261200.9	5	HLA-B*27:05	11	None	0	9153.228	25291.103	6.8	27.92	11.889	0.478	5.683	23	0.273	Poor	TRUE	Pending	No comments	NA	NA	NA	NA	15	NA	LRRAMYSREAKAQMEDK	ENST00000261200.9	616.525	641.775	46	46	5	1549	protein_coding	ENSG00000069431	missense	E/K	953	ABCC9	ENST00000261200.9:c.2857G>A	ENSP00000261200.4:p.Glu953Lys	11	1	11	SREAKAQMEDE	MHCflurry	837.422	4696.34	5.608	PickPocket	2.3	21	187	0.273	23	0.478	353	0	11.889	4.887	9153.228	25291.103	2.763	6.8	27.92	0.0006839261	0.003637157	0.003884569	0.011880981	0.0006708391010761	0.0014445818960666	0.0201132964864488	0.0989896944416524	11.6303260869565	2.95114130434774	4696.3396205189	837.422183571767	12.807125	3.329375	30540.9	17645.93	28.84	10.81	31339.82	15118.98	48	18	22451.54	7016.28	27	5.6	32470.96	9812.5	50	8	0.000471	0.027123	16	2.8	20589.910743919	2365.15966010755	21	2.3	28130.6650731689	11096.3462503455	51	28	20706.6574962662	8493.95586410675	42	22	50.ABCC9.ENST00000261200.9.missense.953E/K	NA	NA	-2.08571428571429	-1.27142857142857	False	False	False	0	False	0
chr12-2817234-2817235-G-A	NA	NA	NA	NA	NA	NA	ITFG2	V37M	0	MVGDTSGKV	ENST00000228799.7	1	HLA-C*06:02	1	None	0	5781.898	10346.737	7.989	9.85	33.282	0.49	16.308	49	0.362	Poor	FALSE	Pending	No comments	NA	NA	NA	NA	59	31	TLNELMVGDTSGKV	ENST00000228799.7	290.85	1113.69	44	56	1	447	protein_coding	ENSG00000111203	missense	V/M	37	ITFG2	ENST00000228799.7:c.109G>A	ENSP00000228799.2:p.Val37Met	9	9	1	VVGDTSGKV	SMMPMBEC	850.296	1657.945	1.95	NetMHC	3	6.6	185	0.362	49	0.49	334	0	33.282	7.739	5781.898	10346.737	1.79	7.989	9.85	0.00063067366	0.00034910228	0.023791488	0.0065014027	0.0078827291727066	0.0054864808917045	0.0373027292244576	0.031062620879038	6.63130434782606	7.77809782608696	2506.60869192193	3020.17278947292	5.3775	6.088875	17405.75	15535.86	32.3	28.98	16627.3	8396.18	6.6	3	16404.99	10641.85	17	11	18196.68	12196.06	6.7	3.7	0.002968	0.003184	5.4	5.2	4288.48419012512	3167.61691360185	15	9.2	1591.51230214698	1163.61684594433	13	9.9	1657.94454440142	850.295733622647	14	8.2	45.ITFG2.ENST00000228799.7.missense.37V/M	0.9756931	0.98468196	-0.785714285714286	0.0428571428571428	False	False	False	0	False	0
chr12-6548833-6548834-G-A	NA	NA	1	1	NA	NA	IFFO1	P366S	1	KLSLHLSSI	ENST00000619571.5	2	HLA-B*13:02	8	None	2	1474.36	1893.96	0.353	0.906	48.646	0.616	29.966	73	0.441	Poor	FALSE	Pending	No comments	NA	NA	5	NA	94	83	KKLSLHLSSIKVPSM	ENST00000619571.5	13.08	21.775	3.6	8.4	2	571	protein_coding	ENSG00000010295	missense	P/S	366	IFFO1	ENST00000619571.5:c.1096C>T	ENSP00000482285.1:p.Pro366Ser	9	2	8	KLSLHLSPI	MHCflurry	41.544	102.066	2.457	MHCflurry	0.07	0.495	211	0.441	73	0.616	310	0	48.646	1.349	1474.36	1893.96	1.285	0.353	0.906	0.00019650484	0.012450677	0.0003408168	0.016876122	0.0050424076616764	0.116534758359194	0.462231947686094	0.753291153856037	0.905923913043367	0.352907608695645	102.066498190236	41.5436833915468	0.494875	0.0705	19351.65	17891.9	20.94	18.97	NA	NA	NA	NA	15375.83	15293.37	23	23	1893.96	1474.36	0.22	0.14	0.21152	0.619246	0.84	0.09	1222.42801093886	1133.26246020407	2	1.8	NA	NA	NA	NA	NA	NA	NA	NA	49.IFFO1.ENST00000619571.5.missense.366P/S	NA	NA	0.928571428571429	0.928571428571429	False	False	False	0	False	0
chr13-45713395-45713396-G-A	NA	1	NA	NA	NA	NA	CBY2	S124N	4	VQLNDEMFVF	ENST00000310521.6	1	HLA-A*24:02	4	None	1	1241.07	1008.431	1.5	1.3	0	0	0	0	0.414	NoExpr	FALSE	Pending	No comments	NA	30	1	3	52	18	QLNDEMFVFQDGRWV	ENST00000310521.6	367.65	376.7	34.85	41.85	1	448	protein_coding	ENSG00000174015	missense	S/N	124	CBY2	ENST00000310521.6:c.371G>A	ENSP00000309189.1:p.Ser124Asn	10	7	4	VQLSDEMFVF	NetMHC	774.09	434.17	0.561	MHCnuggetsI	0.72	0.67	186	0.414	0	0	323	0	0	0	1241.07	1008.431	0.813	1.5	1.3	0.14915833	0.16391237	0.06991048	0.08510689	0.0828907303512096	0.101703435182571	0.0513408053599402	0.0671810156716535	4.96864130434778	3.94624999999994	2335.40026495764	1863.65158467455	1.7175	1.556375	5021.62	5053.18	0.67	0.72	434.17	774.09	0.68	1.2	883.6	1311.49	1.2	1.5	1264.48	1698.01	0.76	0.93	0.045737	0.040818	1.4	1.5	1133.26246020407	1170.65092555888	0.9	1	775.7468129139	825.505554872092	1.7	1.8	672.434519663066	833.009587623794	1.5	1.8	57.CBY2.ENST00000310521.6.missense.124S/N	0.34842086	0.28320757	0.171428571428571	0.314285714285714	False	False	False	0	False	0
chr16-31297551-31297552-C-T	NA	NA	NA	1	NA	NA	ITGAM	R118C	1	LRGLPLLRGC	ENST00000567031.1	1	HLA-B*27:05	10	None	1	1966.737	261.14	4.2	1.006	11.68	0	0	33	0.393	NoExpr	FALSE	Pending	No comments	NA	5	NA	17	70	21	RRLLRGLPLLRGCGQ	ENST00000567031.1	27.39	18.72	7.1	6.7	1	165	protein_coding	ENSG00000169896	missense	R/C	118	ITGAM	ENST00000567031.1:c.352C>T	ENSP00000454568.1:p.Arg118Cys	10	1	10	LRGLPLLRGR	SMM	665.687	253.671	0.381	MHCnuggetsI	1.84	0.84	234	0.393	33	0	569	0	11.68	0	1966.737	261.14	0.133	4.2	1.006	0.11425358	0.04745096	0.5764823	0.24520056	0.0387311652302742	0.005442775785923	0.383035189150103	0.0526651645337399	1.1026630434781	4.88741847826084	161.298056206087	1713.30357684387	0.772	6.038375	318.25	1116.49	0.84	1.84	166.28	2401.78	0.52	4.6	855.38	7208.66	1.8	6	268.61	2220.17	0.62	2.8	0.204908	0.013628	0.91	3.8	2192.64171894287	12117.2741492692	2.1	14	253.67052048599	665.686883769317	2.1	3.8	237.028189912978	677.329514008606	2	3.8	61.ITGAM.ENST00000567031.1.missense.118R/C	0.9858405	0.98319703	1.05714285714286	1.24285714285714	False	True	False	1	False	0
chr16-81270387-81270388-G-T	1	NA	1	7	NA	5	BCO1	R358M	1	LRMFAVPLH	ENST00000258168.7	1	HLA-B*27:05	3	None	9	119.492	629.864	0.4	1.681	2.521	0.75	1.891	4	0.385	Pass	FALSE	Pending	No comments	26	38	56	50	102	97	TSVPTLRMFAVPLHV	ENST00000258168.7	28.96	123.62	7.5	30	1	547	protein_coding	ENSG00000135697	missense	R/M	358	BCO1	ENST00000258168.7:c.1073G>T	ENSP00000258168.2:p.Arg358Met	9	7	3	LRRFAVPLH	MHCnuggetsI	40.65	492.07	12.105	MHCnuggetsI	0.12	1.13	156	0.385	4	0.75	348	0	2.521	0.411	119.492	629.864	5.271	0.4	1.681	0.09976756	0.5480155	0.21642411	0.29905525	0.010608110576868	0.0180087424814701	0.231177859408823	0.382792886289252	1.66154891304338	1.1026630434781	307.103436082009	149.729258859046	1.351875	0.724875	492.07	40.65	1.13	0.12	790.35	79.46	2.2	0.24	958.29	121.34	2	0.4	1021.26	81.35	1.7	0.18	0.081301	0.436938	1.6	0.43	767.657650839511	268.761769787247	1.8	0.4	468.349434300034	131.392325730097	1.8	0.4	372.880781380632	117.644058922344	1.5	0.4	62.BCO1.ENST00000258168.7.missense.358R/M	0.84932375	0.80397475	1.38571428571429	1.38571428571429	False	False	False	0	False	0
chr17-12896416-12896417-G-A	NA	NA	NA	NA	NA	NA	ARHGAP44	R35H	0	LQVEKHLEL	ENST00000379672.10	1	HLA-B*13:02	6	None	0	2792.6	4018.926	0.34	0.6	0.619	0	0	2	0.479	NoExpr	FALSE	Pending	No comments	1	3	16	NA	95	58	EKHLELVKQVSHSTH	ENST00000379672.10	66.715	57.63	18	15	1	818	protein_coding	ENSG00000006740	missense	R/H	35	ARHGAP44	ENST00000379672.10:c.104G>A	ENSP00000368994.5:p.Arg35His	9	4	6	LQVEKRLEL	MHCflurry	31.664	35.901	1.134	MHCflurry	0.016	0.035	119	0.479	2	0	182	0	0.619	0.135	2792.6	4018.926	1.439	0.34	0.6	0.022511657	0.04960587	0.008805274	0.010276752	0.325629614293575	0.269113205373287	0.880571795788733	0.872125140315547	0.152717391304364	0.165597826086937	35.9006300752646	31.6636761406892	0.035375	0.015875	13630.44	23035.85	14.18	26.96	NA	NA	NA	NA	14510.75	10270.37	21	14	3993.09	2792.6	0.6	0.34	0.636622	0.72126	0.08	0.04	4018.92584890218	2722.36951668803	9.7	6.3	NA	NA	NA	NA	NA	NA	NA	NA	65.ARHGAP44.ENST00000379672.10.missense.35R/H	NA	NA	-0.328571428571429	-0.328571428571429	False	False	False	0	False	0
chr17-43783202-43783203-G-A	NA	NA	NA	2	NA	3	CFAP97D1	R113H	1	NRETRNHEL	ENST00000449302.8	1	HLA-C*06:02	7	None	3	334.545	236.549	0.585	0.385	0.351	0	0	0	0.458	NoExpr	FALSE	Pending	No comments	NA	NA	NA	NA	52	50	YFSKSLNRETRNHEL	ENST00000449302.8	396.15	357.635	31	28	1	164	protein_coding	ENSG00000231256	missense	R/H	113	CFAP97D1	ENST00000449302.8:c.338G>A	ENSP00000415662.2:p.Arg113His	9	3	7	NRETRNREL	SMM	6.351	2.349	0.37	NetMHC	0.1	0.05	153	0.458	0	0	218	0	0.351	0.351	334.545	236.549	0.707	0.585	0.385	0.00827402	0.0047740364	0.018385144	0.011763143	0.0074589364230632	0.0126995556056499	0.324011730225376	0.377124628373483	1.28277173913034	1.1200271739129	187.857991304975	150.544675643716	0.6895	0.54	1989.92	9061.17	6.36	18.2	82.75	214.87	0.05	0.1	285.24	454.22	0.39	0.63	1748.65	2783.07	0.38	0.63	0.259848	0.237487	0.21	0.22	482.07196139087	759.396537558375	0.5	1.1	2.34860510206726	6.35053040972347	0.2	0.2	2.80911811262476	7.33786977374123	0.2	0.2	68.CFAP97D1.ENST00000449302.8.missense.113R/H	0.8513811	0.900633	-2.15714285714286	-2.15714285714286	False	False	False	0	True	0
chr18-10691246-10691247-C-T	NA	10	NA	NA	2	2	PIEZO2	V2330I	5	SYNYINLFLF	ENST00000503781.7	1	HLA-A*24:02	5	None	12	16.7	19.489	0.059	0.058	2.484	0	0	7	0.467	NoExpr	FALSE	Pending	No comments	9	75	10	56	104	100	NYINLFLFQGFRLV	ENST00000503781.7	38.49	34.85	6.7	6.7	1	2752	protein_coding	ENSG00000154864	missense	V/I	2330	PIEZO2	ENST00000503781.7:c.6988G>A	ENSP00000421377.3:p.Val2330Ile	10	6	5	SYNYVNLFLF	NetMHCpan	6.44	6.28	0.975	NetMHC	0.02	0.02	167	0.467	7	0	354	0	2.484	0.181	16.7	19.489	1.167	0.059	0.058	0.419813	0.32608876	0.27125415	0.22899911	0.153308272361755	0.145615223795175	0.779676134411401	0.772135582193297	0.310706521739107	0.321684782608685	40.8049687867581	41.4891468043874	0.056625	0.0585	751.45	684.38	0.05	0.04	15.3	15.13	0.02	0.02	11.47	11.29	0.02	0.02	6.28	6.44	0.02	0.02	0.794696	0.786735	0.06	0.06	131.593813284349	127.390945784338	0.2	0.2	21.8132310741193	18.2692197623749	0.2	0.2	17.165244742983	14.6436722473786	0.2	0.2	71.PIEZO2.ENST00000503781.7.missense.2330V/I	0.46319288	0.39872402	1.84285714285714	1.84285714285714	False	False	False	0	False	0
chr18-46579721-46579722-C-T	2	1	NA	NA	NA	NA	LOXHD1	V573I	3	IYLCLFGDV	ENST00000536736.5	5	HLA-A*24:02	1	None	3	687.662	1004.045	1.2	1.55	0.084	0	0	0	0.48	NoExpr	FALSE	Pending	No comments	NA	38	16	1	53	NA	ANIYLCLFGDVGDTG	ENST00000536736.5	96.785	113.965	19	19	5	2211	protein_coding	ENSG00000167210	missense	V/I	573	LOXHD1	ENST00000536736.5:c.1717G>A	ENSP00000444586.1:p.Val573Ile	9	9	1	VYLCLFGDV	PickPocket	466.675	503.394	1.079	NetMHCpan	0.77	0.73	173	0.48	0	0	435	0.007	0.084	0	687.662	1004.045	1.46	1.2	1.55	0.0029039606	0.0011427586	0.07549984	0.049621843	0.0055144056677818	0.0031336769461631	0.161838491613006	0.144446196747376	2.120054347826	2.28182065217383	475.62683054301	541.395699765226	0.850124999999999	0.904374999999999	5381.99	5474.88	50.72	99.14	953.8	915.25	1.3	1.3	674.19	503.39	1.3	1.2	1180.14	1292.48	0.73	0.77	0.006337	0.005342	3.7	4	503.393672721951	466.675458100716	1.1	1.1	1160.45953154983	700.857943526279	2	1.2	1054.28978824133	674.465904231602	1.8	1.2	76.LOXHD1.ENST00000536736.5.missense.573V/I	0.40289795	0.3724214	1.88571428571429	2.24285714285714	False	False	False	1	False	0
chr19-22088090-22088091-G-T	NA	NA	1	NA	NA	NA	ZNF257	R38I	2	CEHENLQLI	ENST00000597927.1	2	HLA-B*13:02	9	None	1	1281.74	32108.66	0.56	26	1.053	0	0	0	0.126	NoExpr	FALSE	Pending	No comments	NA	NA	NA	NA	68	51	HENLQLIKGCKSVDE	ENST00000597927.1	45.255	473.38	6.2	40	2	132	protein_coding	ENSG00000197134	missense	R/I	38	ZNF257	ENST00000597927.1:c.113G>T	ENSP00000471334.1:p.Arg38Ile	9	1	9	CEHENLQLR	MHCflurry	186.24	8987.626	48.258	NetMHCpan	0.27	37	261	0.126	0	0	424	0.002	1.053	0	1281.74	32108.66	25.051	0.56	26	0.00044605698	0.00033111693	0.0009263483	0.0002045226	0.104867313057184	0.154010690748692	0.0155523802522122	0.448068678570241	15.1609510869565	0.938097826086846	8987.6263770318	186.240483175676	8.365125	0.927375	37470.87	34776.87	95.7	74.21	NA	NA	NA	NA	32108.66	1281.74	54	0.35	35667.12	2349.63	37	0.27	0.003352	0.27994	18	0.56	10191.1082266841	344.701999286043	26	0.4	NA	NA	NA	NA	NA	NA	NA	NA	79.ZNF257.ENST00000597927.1.missense.38R/I	NA	NA	-0.228571428571428	-0.228571428571428	True	False	False	1	False	0
chr19-53982483-53982484-T-C	2	NA	NA	NA	2	1	CACNG8	S305P	1	FASTDIPMY	ENST00000270458.4	1	HLA-A*01:01	7	None	3	1229.34	649.743	0.75	0.525	6.14	0	0	32	0.055	NoExpr	FALSE	Pending	No comments	NA	NA	37	15	70	39	DIPMYTLSRDPSKG	ENST00000270458.4	454.95	354.4	40	42	1	425	protein_coding	ENSG00000142408	missense	S/P	305	CACNG8	ENST00000270458.4:c.913T>C	ENSP00000270458.3:p.Ser305Pro	9	3	7	FASTDISMY	MHCflurry	126.778	89.528	0.706	MHCflurry	0.105	0.119	91	0.055	32	0	209	0	6.14	6.141	1229.34	649.743	0.529	0.75	0.525	0.36605662	0.38213363	0.015381196	0.013194337	0.301506604999304	0.762434206902981	0.735922992159973	0.9103398234756	0.380624999999981	0.105461956521765	89.5281615852861	126.777536622364	0.1195	0.180375	5428.01	5382.78	37.66	0.96	738.57	1852.22	0.66	1.3	456.69	828.06	0.39	0.54	333.93	630.68	0.16	0.24	0.67866	0.61521	0.1	0.13	2842.77804823565	3848.70047370434	5.7	8.8	627.407924832878	1160.2457866916	0.7	1.2	672.078496274186	1298.4343613501	0.7	1.3	80.CACNG8.ENST00000270458.4.missense.305S/P	0.35085833	0.38465613	-0.214285714285714	0.357142857142857	False	False	False	0	False	0
chr2-219557348-219557349-C-T	1	NA	NA	2	NA	2	OBSL1	V1354M	2	VSMEEPLLV	ENST00000404537.6	1	HLA-C*06:02	3	None	3	646.728	2781.921	0.625	2.55	187.674	0.381	71.504	63	0.571	Poor	FALSE	Pending	No comments	32	49	73	60	86	75	RIFLVSMEEPLLVKL	ENST00000404537.6	9.57	24.35	2.6	9.1	1	1896	protein_coding	ENSG00000124006	missense	V/M	1354	OBSL1	ENST00000404537.6:c.4060G>A	ENSP00000385636.1:p.Val1354Met	9	7	3	VSVEEPLLV	SMM	14.515	153.042	10.544	MHCflurry	0.298	0.629	84	0.571	63	0.381	172	0	187.674	24.329	646.728	2781.921	4.302	0.625	2.55	0.0045792894	0.004462477	0.10770594	0.08111937	0.364096581935883	0.595243033021688	0.593467044484358	0.786864311582494	0.629483695652098	0.297798913043437	218.803045919039	195.379595812856	0.804	0.725125	5706.64	5534.61	12.87	12.6	11523.21	1974.23	4.2	0.6	2781.92	474.31	2.8	0.65	4670.87	1732.77	1.2	0.37	0.068177	0.138496	0.76	0.4	2781.92241107235	819.146165623611	7.7	1.2	153.041777094319	14.5147647052632	2.3	0.3	454.537794141968	41.45433951544	5.3	0.8	14.OBSL1.ENST00000404537.6.missense.1354V/M	0.99764615	0.9717879	0.728571428571429	0.728571428571429	False	False	False	0	False	0
chr2-74536796-74536797-GC-G	NA	NA	NA	1	NA	NA	LOXL3	FS275	4	ARCPGGALQW	ENST00000264094.8	1	HLA-B*27:05	10-Jul	None	1	2373.094	2416.17	2.885	2.985	36.017	0.021	0.756	47	0.065	Poor	FALSE	Pending	No comments	NA	NA	NA	NA	15	2	LEFYRANDTARCPGGAL	ENST00000264094.8	538.6	625.05	37	43	1	753	protein_coding	ENSG00000115318	FS	G/X	275	LOXL3	ENST00000264094.8:c.824del	ENSP00000264094.3:p.Gly275AlafsTer5	10	4	7-10	ARCPGGGPAV	MHCflurry	89.186	101.018	1.133	MHCflurry	0.098	0.459	170	0.065	47	0.021	378	0.005	36.017	4.079	2373.094	2416.17	1.018	2.885	2.985	0.0198613	0.4675533	0.0052113878	0.11421352	0.067775797098875	0.68270605802536	0.520145473705906	0.915082949786891	0.778777173912914	0.0978804347825956	101.018292455472	89.1857589953458	0.459125	0.358125	2467.18	1747.19	2.87	2.37	6043.25	10047.46	8.6	14	2365.16	3665.8	3.1	4	2241.41	1512.91	2.8	2.2	0.090626	0.539794	1.6	0.29	3529.57450109899	3454.01654281483	3.5	3.4	2490.40511691928	1816.64471611318	7.8	6.4	1709.22800523433	2929.54382976943	6.2	8.8	10.LOXL3.ENST00000264094.8.FS.275GC/G	0.98443574	0.9783292	-0.171428571428571	0.314285714285714	False	False	False	1	False	0
chr20-45207861-45207862-G-A	NA	NA	NA	2	NA	1	SEMG1	G189R	1	GRSQSSYVL	ENST00000372781.4	1	HLA-B*27:05	2	None	2	561.826	29307.135	1.25	34.415	0	0	0	0	0.524	NoExpr	FALSE	Pending	No comments	NA	3	35	18	50	38	QGRSQSSYVLQTEELVA	ENST00000372781.4	154.005	160.115	19	20	1	462	protein_coding	ENSG00000124233	missense	G/R	189	SEMG1	ENST00000372781.4:c.565G>A	ENSP00000361867.3:p.Gly189Arg	9	8	2	GGSQSSYVL	MHCflurry	71.844	3148.215	43.82	NetMHCpanEL	0.07	20	233	0.524	0	0	586	0	0	0	561.826	29307.135	52.164	1.25	34.415	0.0025269932	0.86010486	0.023094002	0.2897627	0.0325715243816375	0.417056810110807	0.0327771790047646	0.838548316608404	7.5582608695652	0.218288043478239	3148.21454670518	71.8441673474476	9.56675	0.164875	31680.65	2562.61	32.83	2.93	26962.62	700.61	36	2	25426.37	471.75	43	1.3	31651.65	203.38	47	0.47	0.000249	0.837357	20	0.07	9346.08343273421	567.017447389529	23	1.2	83285.6155719125	556.634345884456	47	2.1	73041.5532460206	572.22917966619	44	2.1	82.SEMG1.ENST00000372781.4.missense.189G/R	0.81950676	0.82802176	0.114285714285714	0.114285714285714	False	False	False	0	False	0
chr20-609893-609894-C-T	2	NA	NA	2	NA	NA	TCF15	R115H	1	RKLSKIETLHL	ENST00000246080.4	1	HLA-B*27:05	10	None	4	1486.905	1480.459	2.665	1.9	0.176	0	0	2	0.435	NoExpr	FALSE	Pending	No comments	15	44	51	24	99	97	IETLHLASSYIAHLA	ENST00000246080.4	7.87	7.1	1.4	1.46	1	199	protein_coding	ENSG00000125878	missense	R/H	115	TCF15	ENST00000246080.4:c.344G>A	ENSP00000246080.3:p.Arg115His	11	2	10	RKLSKIETLRL	SMMPMBEC	557.327	455.103	0.817	SMMPMBEC	1.1	0.9	69	0.435	2	0	159	0	0.176	0.176	1486.905	1480.459	0.996	2.665	1.9	0.045523584	0.007617496	0.059782304	0.039194822	0.437807537615299	0.320104841142893	0.612218458258209	0.25383031785736	0.592364130434717	1.55282608695644	264.019202867038	835.052406315051	1.182	3.329375	1067.08	891.77	1.8	1.61	1910.8	1870.79	4	3.9	1067.79	1103.02	1.6	1.6	2425.2	3280.17	2.9	3.6	0.055722	0.056427	2	2	7131.08155905495	6469.40997042221	7.5	6.8	1893.12809199953	2188.66856319842	5	5.9	455.103316105426	557.326893241946	0.9	1.1	81.TCF15.ENST00000246080.4.missense.115R/H	NA	NA	0.114285714285714	0.457142857142857	False	False	False	0	False	0
chr4-103591595-103591596-G-C	NA	1	NA	NA	NA	NA	TACR3	Q326E	1	IYEQLNRW	ENST00000304883.3	1	HLA-A*24:02	3	None	1	1572.836	1316.305	1.639	0.83	0.007	0	0	0	0.447	NoExpr	FALSE	Pending	No comments	19	67	42	58	101	82	HIYFILTAIYEQLN	ENST00000304883.3	40.9	26.715	7.3	6.2	1	465	protein_coding	ENSG00000169836	missense	Q/E	326	TACR3	ENST00000304883.3:c.976C>G	ENSP00000303325.2:p.Gln326Glu	8	6	3	IYQQLNRW	SMM	422.805	3803.12	8.995	MHCnuggetsI	0.46	0.31	206	0.447	0	0	487	0	0.007	0.007	1572.836	1316.305	0.837	1.639	0.83	0.25322282	0.47182283	0.31814435	0.19930612	0.0740472376346588	0.0326900221407413	0.115408211021302	0.0694601797689238	2.64657608695644	3.85252717391296	914.029972824624	1396.95222217317	1.140875	1.378375	4162.15	4740.05	0.31	0.46	474.5	1748.72	0.72	2	133.03	579.42	0.1	0.49	1718.58	4264.79	0.94	1.9	0.326691	0.205168	0.32	0.48	414.310836296246	1006.1015840455	0.4	1	3803.119746579	422.804888492301	12	4.4	6971.23944589229	2813.90868560846	16	8.9	19.TACR3.ENST00000304883.3.missense.326Q/E	NA	NA	-1.91428571428571	-1.14285714285714	False	False	False	0	False	0
chr4-10542031-10542032-G-T	NA	NA	NA	NA	1	1	CLNK	P161T	2	LTPPRPLITL	ENST00000226951.11	1	HLA-C*01:02	2	None	2	1220.88	2087.63	0.085	0.576	0.367	0	0	1	0.514	NoExpr	FALSE	Pending	No comments	NA	NA	NA	NA	69	45	KNKIPLTPPRPLITL	ENST00000226951.11	110.11	489.45	31	55	1	428	protein_coding	ENSG00000109684	missense	P/T	161	CLNK	ENST00000226951.11:c.481C>A	ENSP00000226951.6:p.Pro161Thr	10	9	2	LPPPRPLITL	MHCflurry	43.502	119.919	2.757	NetMHCpanEL	0.03	0.13	218	0.514	1	0	469	0	0.367	0	1220.88	2087.63	1.71	0.085	0.576	0.13875923	0.3638396	0.095061906	0.2477773	0.231451015919447	0.0936003513634204	0.620843206483066	0.729157233608358	0.575706521739065	0.391440217391278	119.918920332428	43.5022317405326	0.58525	0.085375	2503.82	1220.88	10.98	7.51	NA	NA	NA	NA	1878.44	1706.81	0.06	0.05	2087.63	209.81	0.35	0.05	0.370937	0.708679	0.13	0.03	10301.9724397232	4989.871863861	8.3	2	NA	NA	NA	NA	NA	NA	NA	NA	16.CLNK.ENST00000226951.11.missense.161P/T	0.9427824	0.9769027	0.528571428571429	0.528571428571429	False	False	False	0	False	0
chr4-99650470-99650471-C-T	NA	NA	NA	NA	NA	NA	C4orf54	S1393N	0	PLPNNRNVF	ENST00000511828.2	1	HLA-A*24:02	4	None	0	4185.671	3779.677	3.15	2.85	0.011	0	0	0	0.434	NoExpr	FALSE	Pending	No comments	NA	NA	18	NA	81	28	LPNNRNVFTVSASSI	ENST00000511828.2	66.03	65.18	5.7	5.6	1	1793	protein_coding	ENSG00000248713	missense	S/N	1393	C4orf54	ENST00000511828.2:c.4178G>A	ENSP00000427555.1:p.Ser1393Asn	9	6	4	PLPSNRNVF	MHCflurry	781.52	592.46	0.758	MHCnuggetsI	0.57	0.52	136	0.434	0	0	296	0.003	0.011	0.011	4185.671	3779.677	0.903	3.15	2.85	0.04260267	0.04244918	0.07115685	0.08541342	0.0536210350692272	0.0449306033551692	0.156070389880241	0.120518109575367	2.17339673913035	2.57282608695644	592.459988713199	781.519707639301	0.941249999999999	1.066125	4867.19	4943.98	0.52	0.57	4539.68	6613.15	3.9	5.2	5016.94	6903.33	4.3	5.5	5047.87	6470.81	2.2	2.7	0.099385	0.077175	0.86	0.99	1453.47247883281	1517.75856701751	3.5	3.6	2935.14796810584	3293.29018632166	4.8	5.5	3019.67358537829	3427.36217920436	5	5.7	18.C4orf54.ENST00000511828.2.missense.1393S/N	0.43974033	0.35623994	-1.37142857142857	-1.22857142857143	False	False	False	0	False	0
chr5-90753801-90753802-G-C	NA	2	NA	6	NA	NA	ADGRV1	V3784L	2	WRAASLFIRV	ENST00000405460.9	1	HLA-B*27:05	6	None	8	97.495	103.8	0.465	0.745	22.689	0.4	9.076	30	0.392	Pass	FALSE	Pending	No comments	34	49	20	67	102	84	PFGLVGWRAASLFIR	ENST00000405460.9	18.805	17.84	7.1	6.7	1	6306	protein_coding	ENSG00000164199	missense	V/L	3784	ADGRV1	ENST00000405460.9:c.11350G>C	ENSP00000384582.2:p.Val3784Leu	10	5	6	WRAASVFIRV	NetMHC	31.13	42.79	1.375	NetMHC	0.08	0.12	222	0.392	30	0.4	418	0	22.689	0.1	97.495	103.8	1.065	0.465	0.745	0.12292896	0.15994896	0.1403615	0.21731992	0.231224834918976	0.0818992890417575	0.276373624824599	0.135237993726618	1.45222826086948	2.37850543478253	536.234587910723	780.462608858606	2.2365	3.10875	463.15	172.78	1.09	0.53	42.79	31.13	0.12	0.08	129.48	123.99	0.39	0.37	78.12	71	0.17	0.16	0.056818	0.050505	2	2.1	1407.05120650257	1584.88798467302	1.2	1.4	42.098827460142	48.0031790680011	0.4	0.4	38.7971657293691	48.9553319813955	0.4	0.4	20.ADGRV1.ENST00000405460.9.missense.3784V/L	0.8505237	0.8471379	1.68571428571429	1.68571428571429	False	False	False	0	False	0
chr7-101002443-101002444-G-A	NA	NA	NA	NA	NA	NA	MUC12	V4104I	0	LSPATTTSSGI	ENST00000379442.7	5	HLA-C*01:02	11	None	0	5441.03	6062.767	2.506	3.825	8.386	0.667	5.593	3	0.059	Poor	FALSE	Pending	No comments	NA	NA	NA	NA	13	26	DATLSPATTTSSGIS	ENST00000379442.7	833.01	572.3	35	36	5	5478	protein_coding	ENSG00000205277	missense	V/I	4104	MUC12	ENST00000379442.7:c.12310G>A	ENSP00000368755.3:p.Val4104Ile	11	1	11	LSPATTTSSGV	MHCflurry	917.405	2162.427	2.357	NetMHCpan	0.6	0.82	1089	0.059	3	0.667	1238	0	8.386	0	5441.03	6062.767	1.114	2.506	3.825	0.00415966	0.0063653816	0.052795913	0.04440357	0.0021448135375976	0.002159908413887	0.0419868224460829	0.0915730055493318	6.04790760869562	3.1065489130434	2162.42727784769	917.40543160235	3.825125	2.506	41267.66	39918.15	86.5	82.63	NA	NA	NA	NA	10937.74	12489.74	4.5	5.9	4848.73	3573.61	0.82	0.6	0.032333	0.038389	1.6	1.4	6062.766657073	5441.03041320878	2.9	2.2	NA	NA	NA	NA	NA	NA	NA	NA	31.MUC12.ENST00000379442.7.missense.4104V/I	NA	NA	0.0571428571428572	0.157142857142857	False	False	False	0	False	0
chr7-55142318-55142319-T-G	NA	1	NA	NA	NA	NA	EGFR	L41W	6	QWGTFEDHF	ENST00000275493.7	1	HLA-A*24:02	2	None	1	1524.918	12119.246	1.058	9.05	2810.565	0.956	2686.9	8252	0.929	Poor	FALSE	Pending	No comments	8	49	47	38	54	42	LTQWGTFEDHFLSLQ	ENST00000275493.7	384.475	419.625	1.4	0.41	1	1210	protein_coding	ENSG00000146648	missense	L/W	41	EGFR	ENST00000275493.7:c.122T>G	ENSP00000275493.2:p.Leu41Trp	9	8	2	QLGTFEDHF	MHCflurry	88.888	2042.35	22.977	NetMHCpanEL	0.22	2	4489	0.929	8252	0.956	302	0	2810.565	1815.76	1524.918	12119.246	7.947	1.058	9.05	0.08384849	0.66207916	0.03959652	0.106292315	0.291064534336329	0.124308969825506	0.114074932893053	0.599866953397972	2.67695652173906	0.615380434782537	2042.35024320125	88.8876603376055	1.6185	0.269125	5309.83	4962.06	9.3	0.59	19484.73	1283.96	15	1.6	17600.27	3416.85	15	3.1	9448.77	428.6	3.7	0.38	0.023421	0.461757	2	0.22	3567.97106119069	674.186330339194	8.8	1.5	18863.8354760963	2195.98818922408	23	3.7	14789.7216352466	1765.87517008223	20	2.9	22.EGFR.ENST00000275493.7.missense.41L/W	0.18644199	0.25831974	-0.814285714285714	-0.814285714285714	True	False	False	0	False	0
chr7-55201296-55201297-C-T	NA	2	NA	NA	NA	NA	EGFR	P1019L	3	EYLILQQGFF	ENST00000275493.7	1	HLA-A*24:02	5	None	2	210.197	351.38	0.388	0.415	2810.565	0.308	865.654	2071	0.838	Pass	FALSE	Pending	No comments	NA	34	41	10	74	29	DEYLILQQGFFSSPS	ENST00000275493.7	42.55	149.7	8.6	23	1	1210	protein_coding	ENSG00000146648	missense	P/L	1019	EGFR	ENST00000275493.7:c.3056C>T	ENSP00000275493.2:p.Pro1019Leu	10	6	5	EYLIPQQGFF	MHCflurry	126.145	72.645	0.576	MHCnuggetsI	0.11	0.03	4910	0.838	2071	0.308	486	0	2810.565	1815.76	210.197	351.38	1.672	0.388	0.415	0.8531114	0.54526573	0.39600584	0.38383502	0.569422762840986	0.232289716601372	0.898054729706739	0.609908431391592	0.124184782608722	0.596195652173861	72.6445700442336	126.145343394673	0.207	0.376	621.23	1693.44	0.03	0.11	373.36	177.19	0.58	0.29	416.56	342.84	0.63	0.53	329.4	241.89	0.33	0.27	0.744435	0.464462	0.07	0.21	810.330961006521	743.140059082542	0.7	0.6	213.658413865056	167.772200201109	0.5	0.4	264.028008533565	178.504841596192	0.6	0.5	28.EGFR.ENST00000275493.7.missense.1019P/L	0.38625512	0.39920413	0.928571428571429	1.07142857142857	True	False	False	0	False	0
chr8-22221815-22221816-C-T	2	NA	NA	NA	NA	NA	PHYHIP	G177D	3	TSDMLHGVF	ENST00000321613.7	1	HLA-A*01:01	3	None	2	301.719	7822.029	0.31	4.15	3.749	0.231	0.866	13	0.455	LowExpr	FALSE	Pending	No comments	NA	4	NA	NA	30	15	TSDMLHGVFFSCNTEF	ENST00000321613.7	828.72	814.08	33	32	1	330	protein_coding	ENSG00000168490	missense	G/D	177	PHYHIP	ENST00000321613.7:c.530G>A	ENSP00000320017.3:p.Gly177Asp	9	7	3	TSGMLHGVF	MHCflurry	191.397	12116.074	63.303	NetMHCpan	0.15	3	145	0.455	13	0.231	216	0	3.749	0.501	301.719	7822.029	25.925	0.31	4.15	0.042547636	0.57881725	0.0033030158	0.033326	0.0610800720751285	0.376816093921661	0.0100218040911147	0.634902289506846	22.1923097826087	0.551168478260834	12116.0738641717	191.397490149087	3.833625	0.267	5447.65	5500.89	76.21	96.85	9987.53	235.81	4.1	0.32	11355.63	245.15	4.2	0.29	11160.86	295.53	3	0.15	0.009933	0.383448	3.8	0.28	4936.17358223685	1619.55802714288	14	2.5	5656.52876534572	439.086414422686	5.1	0.5	3634.29352219031	307.907310303321	3.3	0.3	33.PHYHIP.ENST00000321613.7.missense.177G/D	0.26931304	0.3529602	0.8	0.8	False	False	False	0	False	0
chr9-132376143-132376144-G-A	NA	3	1	NA	2	1	TTF1	T830M	2	YLYEMTLPL	ENST00000334270.3	1	HLA-C*01:02	5	None	4	173.56	113.71	0.18	0.1	12.823	0.433	5.552	67	0.457	Pass	FALSE	Pending	No comments	11	56	66	48	89	68	IIDYLYEMTLPLLKE	ENST00000334270.3	7.53	7.975	2.1	1.22	1	905	protein_coding	ENSG00000125482	missense	T/M	830	TTF1	ENST00000334270.3:c.2489C>T	ENSP00000333920.2:p.Thr830Met	9	5	5	YLYETTLPL	MHCflurry	65.645	47.87	0.729	NetMHCcons	0.01	0.01	208	0.457	67	0.433	443	0	12.823	11.76	173.56	113.71	0.655	0.18	0.1	0.33700633	0.33253846	0.17751251	0.13058954	0.131921499967575	0.121857594698667	0.737496935852297	0.666114639314646	0.378749999999982	0.496684782608682	47.8700497959633	65.6451439356278	0.111125	0.24275	113.71	90.96	1.31	1.02	NA	NA	NA	NA	118.41	173.56	0.01	0.01	97.24	187	0.03	0.05	0.46715	0.289495	0.1	0.18	246.476621392745	277.628727329086	0.1	0.1	NA	NA	NA	NA	NA	NA	NA	NA	41.TTF1.ENST00000334270.3.missense.830T/M	0.8765013	0.8919299	0.342857142857143	0.385714285714286	False	False	False	0	False	0
chr9-16436706-16436707-C-T	NA	NA	NA	2	NA	NA	BNC2	R322H	5	NRHSANPNPHL	ENST00000545497.5	1	HLA-B*27:05	10	None	2	1185.21	1003.15	1.483	1.35	1.849	0	0	2	0.857	NoExpr	FALSE	Pending	No comments	NA	NA	NA	NA	50	1	NPHLHMPMLRNNRD	ENST00000545497.5	270.25	333.75	43	47	1	729	protein_coding	ENSG00000173068	missense	R/H	322	BNC2	ENST00000545497.5:c.965G>A	ENSP00000444640.2:p.Arg322His	11	2	10	NRHSANPNPRL	MHCflurry	250.034	110.206	0.441	SMM	0.5	0.4	91	0.857	2	0	358	0	1.849	0.293	1185.21	1003.15	0.846	1.483	1.35	0.006293248	0.004428056	0.044614613	0.040726434	0.0215883255004882	0.0178972072899341	0.458260141560277	0.273649447748298	0.915244565217264	1.46535326086948	110.206131243343	250.034159232127	0.524125	1.122125	1042.81	1401.71	1.77	2.09	2024.35	2248.6	4.1	4.4	963.49	968.71	1.5	1.5	3963.56	5706.32	4.1	5.3	0.135121	0.129077	1.2	1.3	3606.78531917385	3307.718431318	3.8	3.5	234.520061823377	271.131514513654	0.4	0.5	303.465971870664	371.629345078527	0.6	0.6	40.BNC2.ENST00000545497.5.missense.322R/H	NA	NA	-1.11428571428571	-1.11428571428571	False	False	False	0	True	2
chrX-153694355-153694356-G-A	2	4	NA	NA	NA	1	SLC6A8	V469I	4	VTDGGMYIF	ENST00000253122.10	1	HLA-A*01:01	8	None	7	402.233	390.283	0.265	0.265	98.702	0	0	334	0.558	NoExpr	TRUE	Pending	No comments	8	70	61	60	95	63	MYIFQLFDYYSASGTTL	ENST00000253122.10	71.54	73.725	11	12	1	635	protein_coding	ENSG00000130821	missense	V/I	469	SLC6A8	ENST00000253122.10:c.1405G>A	ENSP00000253122.5:p.Val469Ile	9	2	8	VTDGGMYVF	MHCflurry	78.268	82.683	1.056	MHCflurry	0.1	0.09	147	0.558	334	0	319	0	98.702	55.261	402.233	390.283	0.97	0.265	0.265	0.8074488	0.6745585	0.16660264	0.11329007	0.682377122342587	0.576562933623791	0.92054016862471	0.893654840486473	0.0904347826086962	0.131711956521755	82.6834745811391	78.268313140916	0.107875	0.09975	4975.05	4961.42	0.28	0.27	304.77	364.5	0.38	0.42	193.22	209.55	0.25	0.26	169.72	179.34	0.1	0.11	0.701552	0.66751	0.1	0.1	801.610620817419	784.45046119223	0.7	0.7	496.078037203078	455.564631963181	0.5	0.5	475.795138212541	439.966895473821	0.5	0.5	85.SLC6A8.ENST00000253122.10.missense.469V/I	0.45818293	0.40522462	0.514285714285714	0.514285714285714	False	False	False	0	False	0
chrX-38076670-38076671-G-A	NA	NA	NA	NA	NA	NA	SYTL5	R220Q	0	GQHFQSLKS	ENST00000456733.2	1	HLA-B*27:05	5	None	0	6134.126	4994.24	9.5	7.7	0.151	0	0	0	0.404	NoExpr	FALSE	Pending	No comments	NA	NA	13	NA	84	29	GQHFQSLKSPPGSDR	ENST00000456733.2	13.425	9.935	2.2	1.3	1	752	protein_coding	ENSG00000147041	missense	R/Q	220	SYTL5	ENST00000456733.2:c.659G>A	ENSP00000395220.2:p.Arg220Gln	9	5	5	GQHFRSLKS	PickPocket	3000.805	3099.807	1.033	MHCnuggetsI	3.52	4.3	267	0.404	0	0	348	0.006	0.151	0	6134.126	4994.24	0.814	9.5	7.7	0.0032799758	0.0036169928	0.009647344	0.006227441	0.0399066358804702	0.119933519512415	0.0121718034196201	0.0128901601076639	18.6179891304348	18.6179891304348	9162.14327410788	11551.2519323619	21.317375	25.95525	5032.51	3500.76	4.3	3.52	4955.97	6452.98	7.5	9	9146.01	12249.09	7.4	10	14122.12	18103.99	13	17	0.000392	0.000582	17	14	3099.80741799732	3000.80519647765	7.9	7.6	3495.98853735317	4892.94123673868	6	7.3	4069.77125485354	5815.27155858237	6.7	8.2	84.SYTL5.ENST00000456733.2.missense.220R/Q	0.7562059	0.93236315	-0.8	-0.685714285714286	False	False	False	0	False	0
