ID	A.23.01	B.44.03	B.45.01	C.04.01	C.06.02	Gene	AA.Change	Num.Passing.Transcripts	Best.Peptide.class1	Best.Transcript.class1	TSL	Allele	Pos	Prob.Pos	Num.Passing.Peptides	IC50.MT.class1	IC50.WT.class1	percentile.MT.class1	percentile.WT.class1	RNA.Expr	RNA.VAF	Allele.Expr	RNA.Depth	DNA.VAF	Tier	Ref.Match	Evaluation	Comments	DQA1.01.02	DQA1.01.02.DQB1.02.02	DQA1.01.02.DQB1.06.02	DQA1.02.01	DQA1.02.01.DQB1.02.02	DQA1.02.01.DQB1.06.02	DQB1.02.02	DQB1.06.02	DRB1.07.01	DRB1.15.01	Best.Peptide.class2	Best.Transcript.class2	IC50.MT.class2	IC50.WT.class2	percentile.MT.class2	percentile.WT.class2	Transcript.Support.Level	Transcript.Length	Biotype	Ensembl.Gene.ID	Variant.Type	Mutation	Protein.Position	Gene.Name	HGVSc	HGVSp	Peptide.Length	Sub.peptide.Position	Mutation.Position	WT.Epitope.Seq	Best.MT.IC50.Score.Method	Best.MT.IC50.Score	Corresponding.WT.IC50.Score	Corresponding.Fold.Change	Best.MT.Percentile.Method	Best.MT.Percentile	Corresponding.WT.Percentile	Tumor.DNA.Depth	Tumor.DNA.VAF	Tumor.RNA.Depth	Tumor.RNA.VAF	Normal.Depth	Normal.VAF	Gene.Expression	Transcript.Expression	Median.MT.IC50.Score	Median.WT.IC50.Score	Median.Fold.Change	Median.MT.Percentile	Median.WT.Percentile	MHCflurryEL.Processing.WT.Score	MHCflurryEL.Processing.MT.Score	MHCflurryEL.Presentation.WT.Score	MHCflurryEL.Presentation.MT.Score	MHCflurryEL.Presentation.WT.Percentile	MHCflurryEL.Presentation.MT.Percentile	MHCflurry.WT.Score	MHCflurry.MT.Score	MHCflurry.WT.Percentile	MHCflurry.MT.Percentile	MHCnuggetsI.WT.Score	MHCnuggetsI.MT.Score	MHCnuggetsI.WT.Percentile	MHCnuggetsI.MT.Percentile	NetMHC.WT.Score	NetMHC.MT.Score	NetMHC.WT.Percentile	NetMHC.MT.Percentile	NetMHCcons.WT.Score	NetMHCcons.MT.Score	NetMHCcons.WT.Percentile	NetMHCcons.MT.Percentile	NetMHCpan.WT.Score	NetMHCpan.MT.Score	NetMHCpan.WT.Percentile	NetMHCpan.MT.Percentile	NetMHCpanEL.WT.Score	NetMHCpanEL.MT.Score	NetMHCpanEL.WT.Percentile	NetMHCpanEL.MT.Percentile	PickPocket.WT.Score	PickPocket.MT.Score	PickPocket.WT.Percentile	PickPocket.MT.Percentile	SMM.WT.Score	SMM.MT.Score	SMM.WT.Percentile	SMM.MT.Percentile	SMMPMBEC.WT.Score	SMMPMBEC.MT.Score	SMMPMBEC.WT.Percentile	SMMPMBEC.MT.Percentile	Index	Problematic.Positions	cterm_7mer_gravy_score	max_7mer_gravy_score	difficult_n_terminal_residue	c_terminal_cysteine	c_terminal_proline	cysteine_count	n_terminal_asparagine	asparagine_proline_bond_count
chr1-156963551-156963552-C-T	NA	NA	NA	NA	NA	ARHGEF11	E336K	0	PEKDYDPGY	ENST00000368194.8	1	HLA-B*44:03	3	None	0	1641.019	1667.838	2.6	1.85	8.406	0.221	1.858	95	0.061	Poor	False	Reject	No comments	NA	NA	1	2	NA	NA	NA	NA	NA	NA	SPKPLIIGPEKDYDPG	ENST00000368194.8	1215.23	1623.58	42.156	48.02	1	1562	protein_coding	ENSG00000132694	missense	E/K	336	ARHGEF11	ENST00000368194.8:c.1006G>A	ENSP00000357177.3:p.Glu336Lys	9	7	3	PEEDYDPGY	MHCflurry	340.086	2045.295	6.014	NetMHCpanEL	0.5	1.4	575	0.061	95	0.221	102	0	8.406	1.548	1641.019	1667.838	1.016	2.6	1.85	0.0176155716180801	0.0487890653312206	0.0465893236838567	0.237637709956557	5.44942934782604	1.62741847826076	2045.29529425291	340.08597609947	1.332125	0.685999999999999	5865.62	6055.21	5.11	27.56	4034.92	5913.95	3.7	4.9	1290.38	1183.39	1.4	1.4	18193.93	9714.89	6.6	3.1	0.045082	0.231041	1.4	0.5	1062.02975060326	1584.88798467302	1.7	2.7	646.383110307039	1497.92476165552	1.2	2.5	1065.90868292588	1697.1491071942	2	2.8	2.ARHGEF11.ENST00000368194.8.missense.336E/K	None	-2.21428571428571	-2.21428571428571	False	False	False	0	False	0
chr14-32090795-32090796-C-T	NA	NA	NA	NA	NA	ARHGAP5	R43C	0	FVCSKADEY	ENST00000539826.6	1	HLA-C*06:02	3	3	0	2889.878	2220.534	5.5	3.084	8.734	0.147	1.284	238	0.085	Poor	False	Reject	No comments	19	NA	NA	28	NA	NA	NA	10	18	NA	DKGNCGVGKSCLCNRFVC	ENST00000539826.6	259.29	463.67	19.484	26.57	1	1502	protein_coding	ENSG00000100852	missense	R/C	43	ARHGAP5	ENST00000539826.6:c.127C>T	ENSP00000441692.2:p.Arg43Cys	9	7	3	FVRSKADEY	SMMPMBEC	537.737	305.19	0.568	NetMHC	0.53	0.43	744	0.085	238	0.147	64	0	8.734	2.696	2889.878	2220.534	0.768	5.5	3.084	0.247271597385406	0.0769210122525692	0.215441322158545	0.0791350967530744	1.74320652173904	3.45448369565209	798.442140144217	1419.62782559184	2.368	3.623875	15966.28	19955.05	29.72	37.07	1341.26	1717.11	0.43	0.53	4962.95	8208.09	4.7	7.8	7281.56	15163.54	1.9	5	0.028876	0.006755	1.5	3.5	3099.80741799732	4062.64582926055	8.9	14	932.846099581929	1658.86101162166	8.7	14	305.189789732234	537.737099117599	3.8	6	20.ARHGAP5.ENST00000539826.6.missense.43R/C	3	-1.24285714285714	0.442857142857143	False	False	False	1	False	0
chr17-44911724-44911725-A-G	NA	NA	NA	NA	2	GFAP	Y285H	9	EANDHRRQL	ENST00000588735.3	1	HLA-C*06:02	5	None	2	579.44	892.8	0.648	0.918	4.89	0	0	0	0.054	NoExpr	False	Review	No comments	5	NA	2	10	1	NA	NA	NA	NA	NA	ELLRQAKHEANDHRRQL	ENST00000588735.3	1188.74	1354.75	18.453	20.4	1	432	protein_coding	ENSG00000131095	missense	Y/H	285	GFAP	ENST00000588735.3:c.853T>C	ENSP00000466598.2:p.Tyr285His	9	5	5	EANDYRRQL	SMM	25.166	62.06	2.466	NetMHC	0.1	0.16	776	0.054	0	0	190	0	4.89	0.04	579.44	892.8	1.541	0.648	0.918	0.0690118968486785	0.0071823149919509	0.541171577328794	0.511736023875745	0.735570652173806	0.796711956521605	93.0260410539004	83.869103040318	0.276875	0.227625	14030.74	10795.57	26.38	21	423.49	231.2	0.16	0.1	1362.11	927.68	1.7	1.2	2157.25	1781.65	0.48	0.39	0.298344	0.368601	0.16	0.11	1376.93031903257	1391.90928823136	2.7	2.8	62.0597468919352	25.165757072446	1.1	0.5	78.6266912188321	40.6977125485352	1.3	0.8	47.GFAP.ENST00000588735.3.missense.285Y/H	None	-2.7	-2.7	True	False	False	0	False	0
chr17-75570445-75570446-G-A	NA	NA	NA	NA	4	LLGL2	R658H	3	FRRMHRSRV	ENST00000392550.8	1	HLA-C*06:02	5	None	4	26.775	36.19	0.21	0.2	10.149	0.349	3.542	63	0.067	Pass	False	Accept	No comments	32	NA	5	14	NA	17	2	18	68	68	LRQSFRRMHRSRVS	ENST00000392550.8	68.55	296.77	5.801	16	1	1020	protein_coding	ENSG00000073350	missense	R/H	658	LLGL2	ENST00000392550.8:c.1973G>A	ENSP00000376333.4:p.Arg658His	9	5	5	FRRMRRSRV	SMM	2.103	4.784	2.275	NetMHC	0.01	0.01	839	0.067	63	0.349	224	0	10.149	1.55	26.775	36.19	1.352	0.21	0.2	0.0027598366141319	0.0037861391901969	0.174191269464115	0.354693102392288	2.01228260869556	1.18195652173902	429.916194355623	160.990806469327	1.438375	0.59075	9.61	20.61	0.08	0.22	18.77	16.37	0.01	0.01	53.61	32.94	0.05	0.03	515.89	267.78	0.12	0.07	0.078015	0.155461	0.7	0.35	388.268781147746	384.090444123316	0.4	0.4	4.78420741682534	2.10285825658103	0.2	0.2	8.02730935385977	5.45217767328346	0.2	0.2	53.LLGL2.ENST00000392550.8.missense.658R/H	None	-1.62857142857143	-1.62857142857143	False	False	False	0	False	0
chr17-7674220-7674221-G-A	1	NA	NA	NA	1	TP53	R248W	19	NWRPILTII	ENST00000269305.9	1	HLA-A*23:01	2	None	2	876.659	14605.85	1.214	18	10.431	0.066	0.688	366	0.07	Poor	False	Accept	No comments	78	25	52	85	25	NA	NA	21	60	57	WRPILTIITLEDSSGNLL	ENST00000269305.9	57.78	64.59	6.82	7.5	1	393	protein_coding	ENSG00000141510	missense	R/W	248	TP53	ENST00000269305.9:c.742C>T	ENSP00000269305.4:p.Arg248Trp	9	8	2	NRRPILTII	MHCflurry	216.681	18072.008	83.404	MHCflurry	0.479	7.247	772	0.07	366	0.066	270	0	10.431	0.538	876.659	14605.85	16.661	1.214	18	0.211859546601772	0.0791263952851295	0.011568655259049	0.349672216778022	20.2322554347826	1.19866847826076	18072.008420225	216.681488416463	7.24725	0.479124999999999	13722.33	977.31	8.54	1.23	15489.37	542.06	12	1	22330.41	989.9	24	2	24414.57	671.33	17	0.74	0.001574	0.154969	6.8	0.54	10992.9487619001	776.008632837805	24	1.6	13690.8370038596	1178.77251225009	19	2.8	12887.5392211828	1071.93882228446	19	2.6	23.TP53.ENST00000269305.9.missense.248R/W	None	1.5	1.5	False	False	False	0	True	0
chr19-6472935-6472936-G-C	NA	NA	1	NA	NA	DENND1C	L371V	2	AQKPGAPVQA	ENST00000381480.7	1	HLA-B*45:01	8	None	1	1465.854	2690.245	2.5	2.95	18.615	0.004	0.074	254	0.058	Poor	False	Accept	No comments	50	6	30	86	NA	26	NA	70	60	66	EEVFLAQKPGAPVQAFH	ENST00000381480.7	37.25	61.06	4.512	7.15	1	801	protein_coding	ENSG00000205744	missense	L/V	371	DENND1C	ENST00000381480.7:c.1111C>G	ENSP00000370889.1:p.Leu371Val	10	3	8	AQKPGAPLQA	PickPocket	922.678	1062.03	1.151	PickPocket	1.1	1.3	498	0.058	254	0.004	119	0	18.615	2.799	1465.854	2690.245	1.835	2.5	2.95	0.555583905428648	0.603410586714745	0.205843075820171	0.341817590492959	1.8016032608695	1.22396739130424	2604.82063094063	1516.0581595091	1.6805	1.342125	24772.91	19546.01	30.98	21.79	2775.67	1415.65	2.8	1.7	8032.38	7406.31	5.2	4.8	8249.49	8813.66	3.1	3.3	0.058192	0.061663	1.4	1.4	1062.02975060326	922.677802760882	1.3	1.1	1314.28635787553	1323.39655568476	5.3	5.3	1315.01286007915	1333.30651122441	5.3	5.3	55.DENND1C.ENST00000381480.7.missense.371L/V	None	0.1	0.1	False	False	False	0	False	0
chr2-27384725-27384726-C-G	NA	NA	NA	NA	NA	PPM1G	E258Q	0	FFQDSEDES	ENST00000344034.5	1	HLA-C*04:01	3	None	0	5573.156	5471.482	7.148	4.927	11.435	0.172	1.967	800	0.094	Poor	False	Pending	No comments	NA	NA	NA	3	NA	NA	NA	2	16	NA	ASDKLPRVAKSKFFQ	ENST00000344034.5	685.75	703.785	24	28	1	546	protein_coding	ENSG00000115241	missense	E/Q	258	PPM1G	ENST00000344034.5:c.772G>C	ENSP00000342778.4:p.Glu258Gln	9	7	3	FFEDSEDES	PickPocket	1804.622	1391.909	0.771	PickPocket	1.1	0.6	1152	0.094	800	0.172	337	0	11.435	10.56	5573.156	5471.482	0.982	7.15	4.927	0.0014147832989692	0.0028962530195713	0.0507975431597948	0.0263147584737979	5.05404891304345	9.15535326086956	1755.84498987253	3566.83500920033	1.46375	2.1875	6893.29	7579.42	11.05	16.95	19384.42	19545.97	5.8	6	30726.73	28951.56	60	54	24443.65	28246.7	8	15	0.003664	0.001418	4.8	8.3	1391.90928823136	1804.62185661009	0.6	1.1	4049.6734052445	3194.62583877791	3.9	3	2932.85100184099	3566.89233042068	2.6	3.3	3.PPM1G.ENST00000344034.5.missense.258E/Q	None	-2.72857142857143	-1.31428571428571	False	False	False	0	False	0
chr2-85542264-85542264-A-ATGCC	NA	NA	1	NA	NA	MAT2A	FS220	2	KGESHQSS	ENST00000306434.8	1	HLA-C*04:01	0-9	None	1	34254.273	NA	65.312	NA	19.164	0	0	285	0.07	NoExpr	False	Review	No comments	2	NA	NA	32	NA	NA	NA	NA	NA	NA	DACPKGESHQSSCACEIP	ENST00000306434.8	108.87	NA	11.25	NA	1	395	protein_coding	ENSG00000168906	FS	D/DAX	220	MAT2A	ENST00000306434.8:c.660_663dup	ENSP00000303147.3:p.Leu222CysfsTer17	8	12	0-9	NA	MHCnuggetsI	8538.92	NA	NA	PickPocket	18	NA	1151	0.07	285	0	314	0	19.164	8.9	34254.273	NA	NA	65.292	NA	NA	0.0005147923311596	NA	0.0032935713213873	NA	99.2866032608696	NA	30768.9859258139	NA	57.583375	NA	8538.92	NA	28.96	NA	43708.56	NA	93	NA	37739.56	NA	90	NA	41531.99	NA	73	NA	3.9e-05	NA	41	NA	19505.6134755597	NA	18	NA	NA	NA	NA	NA	NA	NA	NA	4.MAT2A.ENST00000306434.8.FS.220A/ATGCC	None	-1.85714285714286	-1.85714285714286	False	False	False	0	False	0
chr2-95049657-95049658-G-A	NA	1	1	NA	NA	MAL	M113I	2	LEALATITI	ENST00000309988.9	1	HLA-B*44:03	9	None	1	650.524	933.942	0.72	0.695	8.355	0.007	0.058	302	0.059	Poor	False	Accept	No comments	54	23	63	76	19	27	2	34	54	54	FYLSASVLEALATITIQD	ENST00000309988.9	10.41	13.2	0.71	1.12	1	153	protein_coding	ENSG00000172005	missense	M/I	113	MAL	ENST00000309988.9:c.339G>A	ENSP00000310880.4:p.Met113Ile	9	1	9	LEALATITM	MHCflurry	124.079	101.859	0.821	PickPocket	0.3	0.3	376	0.059	302	0.007	115	0	8.355	5.914	650.524	933.942	1.436	0.72	0.695	0.0796402543783187	0.0697510875761509	0.528606107480449	0.472001426224133	0.759429347825957	0.88326086956512	101.859370859369	124.078918445266	0.318125	0.383125	3531.44	2892.14	0.69	0.51	2799.89	2224.16	2.9	2.5	1249.17	850.76	1.4	1.2	1324.67	1160.12	0.57	0.53	0.203076	0.123796	0.55	0.74	359.94793166265	323.035299579482	0.3	0.3	618.714080971019	450.287612913269	1.1	0.8	408.056217940272	358.69060370235	0.7	0.7	6.MAL.ENST00000309988.9.missense.113M/I	None	2.14285714285714	2.14285714285714	False	False	False	0	False	0
chr5-140672633-140672634-C-G	NA	NA	NA	NA	1	DND1	E139Q	1	QLSVDGLPPNL	ENST00000542735.2	1	HLA-C*04:01	1	None	1	22944.021	27249.166	19	24.5	0.018	0.049	0.001	41	0.063	Poor	False	Pending	No comments	10	NA	NA	51	NA	NA	NA	NA	11	1	QLSVDGLPPNLTRSALLL	ENST00000542735.2	149.25	149.85	11	12	1	353	protein_coding	ENSG00000256453	missense	E/Q	139	DND1	ENST00000542735.2:c.415G>C	ENSP00000445366.1:p.Glu139Gln	11	11	1	ELSVDGLPPNL	MHCnuggetsI	6326.66	7607.74	1.202	NetMHCpanEL	4.3	4.9	599	0.063	41	0.049	216	0	0.018	0.018	22944.022	27249.166	1.188	19	24.5	0.008934661746025	0.006812322884798	0.0075219224200802	0.0075862116771331	31.6431793478261	31.6431793478261	13498.7189302447	13277.0361958476	6.49425	6.329625	7607.74	6326.66	17.24	7.56	35948.02	35816.03	33	33	25702.97	22695.78	43	34	29330.23	28217.99	18	15	0.003595	0.004416	4.9	4.3	28795.3614360886	23192.2633609337	31	23	NA	NA	NA	NA	NA	NA	NA	NA	8.DND1.ENST00000542735.2.missense.139E/Q	None	-0.428571428571429	0.785714285714286	True	False	False	0	False	0
chr5-140795368-140795369-G-A	2	NA	NA	NA	NA	PCDHA2	M135I	3	IFPITVKTI	ENST00000526136.2	1	HLA-A*23:01	4	None	2	899.54	993.953	1.2	1.3	0.008	0	0	0	0.062	NoExpr	False	Pending	No comments	21	NA	NA	59	NA	7	NA	5	66	46	DNPPIFPITVKTIRFPES	ENST00000526136.2	55.12	61.96	6.551	7.25	1	948	protein_coding	ENSG00000204969	missense	M/I	135	PCDHA2	ENST00000526136.2:c.405G>A	ENSP00000431748.1:p.Met135Ile	9	6	4	IFPMTVKTI	MHCflurry	158.928	167.508	1.054	MHCflurry	0.113	0.162	1457	0.062	0	0	393	0	0.008	0	899.54	993.953	1.105	1.2	1.3	0.732315592467785	0.806187473237514	0.874418992303183	0.904913575983219	0.162499999999994	0.113179347826105	167.508472356617	158.928000488383	0.406125	0.39225	1966.4	1219.13	1.87	1.4	1321.05	1087.42	1.9	1.7	784.45	711.66	1.8	1.7	290.92	310.96	0.43	0.45	0.419128	0.505884	0.21	0.16	363.863633791522	446.908981201792	0.8	1	1203.45540006541	1095.04004154047	2.8	2.7	1285.78987034898	1219.46685296424	3	2.9	11.PCDHA2.ENST00000526136.2.missense.135M/I	None	0.9	1.4	False	False	False	0	False	0
chr5-155015366-155015367-A-C	NA	NA	3	NA	NA	KIF4B	E503A	1	EEAQVETSPA	ENST00000435029.6	NA	HLA-B*45:01	10	None	3	78.62	4040.876	0.16	3	0.01	0	0	0	0.08	NoExpr	False	Pending	No comments	8	NA	15	96	NA	12	NA	9	NA	NA	EAQVETSPATSRSSDAFT	ENST00000435029.6	26.58	93.41	3.09	10.06	NA	1234	protein_coding	ENSG00000226650	missense	E/A	503	KIF4B	ENST00000435029.6:c.1508A>C	ENSP00000387875.3:p.Glu503Ala	10	1	10	EEAQVETSPE	SMM	63.634	838.861	13.183	NetMHCpan	0.1	3.9	1064	0.08	0	0	189	0	0.01	0.01	78.62	4040.876	51.398	0.16	3	0.0188549011945724	0.0324796251952648	0.0187448777045073	0.586410009896342	12.8054619565217	0.64290760869558	5403.21234935113	67.3766559485434	2.272375	0.112625	9613.81	80.21	10.06	0.36	5583.93	70.84	4.5	0.12	2678.54	77.03	2.6	0.11	10305.42	81.82	3.9	0.1	0.024474	0.656472	2.3	0.11	1170.65092555888	228.498283614918	1.5	0.2	838.860992630316	63.6341137576079	3.2	0.2	729.339945070221	97.9332122998507	2.8	0.3	12.KIF4B.ENST00000435029.6.missense.503E/A	None	-0.585714285714286	-0.585714285714286	True	False	False	0	False	0
chr7-43619695-43619696-G-C	NA	NA	2	NA	NA	STK17A	E222Q	2	EELRQIMGT	ENST00000319357.6	1	HLA-B*45:01	5	None	2	813.114	696.331	1.1	1.1	21.977	0.025	0.549	363	0.053	Poor	False	Accept	No comments	33	3	25	51	15	1	NA	23	35	20	LRQIMGTPEYVAPE	ENST00000319357.6	46.28	75.35	5.578	8.52	1	414	protein_coding	ENSG00000164543	missense	E/Q	222	STK17A	ENST00000319357.6:c.664G>C	ENSP00000319192.5:p.Glu222Gln	9	5	5	EELREIMGT	MHCflurry	96.559	93.7	0.97	MHCflurry	0.225	0.218	955	0.053	363	0.025	177	0	21.977	4.406	813.114	696.331	0.856	1.1	1.1	0.11975485086441	0.158644836395979	0.583602524491039	0.609685284317148	0.646739130434725	0.596195652173861	93.7003263966264	96.5586532124334	0.2185	0.22525	2432.76	3298.05	3.53	4.35	1648.77	1534.05	2	1.8	545.95	522.82	1.2	1.2	834.68	863.06	0.54	0.56	0.290401	0.270899	0.4	0.43	1121.06690721145	1039.29477233106	3.6	3.3	251.889462686618	251.889462686618	1	1	557.981756900023	763.167733068778	2	2.8	13.STK17A.ENST00000319357.6.missense.222E/Q	None	0.157142857142857	0.157142857142857	True	False	False	0	False	0
chr7-72728894-72728896-CC-GT	1	NA	NA	NA	1	TYW1B	W373Y	3	YKMDQPEMI	ENST00000620995.5	1	HLA-C*06:02	1	None	2	608.275	3197.385	0.667	4	3.076	NA	NA	NA	0.035	Poor	False	Review	No comments	14	11	NA	41	29	NA	NA	2	43	NA	WWYKMDQPEMILKEAI	ENST00000620995.5	207.71	264.96	3.25	4.37	1	668	protein_coding	ENSG00000277149	missense	W/Y	373	TYW1B	ENST00000620995.5:c.1118_1119delinsAC	ENSP00000482502.1:p.Trp373Tyr	9	9	1	WKMDQPEMI	MHCflurry	147.688	3461.476	23.438	NetMHC	0.1	0.45	1035	0.035	NA	NA	259	0.006	3.076	0.797	608.275	3197.385	5.256	0.667	4	0.412010710686445	0.65094631165266	0.105804276628169	0.855082837418617	2.8138586956521	0.191467391304343	3461.47644731977	147.688298489236	6.699	0.534375	15901.6	683.73	29.6	3.29	1392.86	212.82	0.45	0.1	3116.62	614.95	3.2	0.8	3278.15	601.6	0.76	0.14	0.061861	0.366825	0.82	0.11	1946.61023738087	1347.4542324467	4.8	2.6	9137.13412468064	1765.26536372172	32	14	858.163423177347	211.139748544997	8.3	2.9	17.TYW1B.ENST00000620995.5.missense.373W/Y	None	-0.542857142857143	-0.542857142857143	False	False	False	0	False	0
chr9-136791740-136791741-C-T	6	3	3	NA	NA	TMEM141	H29Y	1	SYAFMKGVFTF	ENST00000290079.9	1	HLA-A*23:01	2	None	9	31.499	881.346	0.042	1.182	5.291	0.06	0.317	182	0.054	LowExpr	False	Accept	No comments	52	NA	53	97	NA	14	NA	36	80	73	YAFMKGVFTFVTGTGMAF	ENST00000290079.9	33.41	26.56	4.012	3.09	1	108	protein_coding	ENSG00000244187	missense	H/Y	29	TMEM141	ENST00000290079.9:c.85C>T	ENSP00000290079.8:p.His29Tyr	11	10	2	SHAFMKGVFTF	NetMHCpan	6.33	27.23	4.302	MHCflurry	0.014	1.384	500	0.054	182	0.06	117	0	5.291	3.295	31.499	881.346	27.98	0.042	1.182	0.585151106119156	0.821083903312683	0.279536301931767	0.974666704507041	1.43986413043469	0.0141576086956831	1915.08202655904	39.8288242286236	1.383625	0.05325	291.79	8.29	0.6	0.03	107.75	23.17	0.3	0.08	339.15	15.61	0.98	0.03	27.23	6.33	0.07	0.02	0.630034	0.918055	0.1	0.02	4676.22687348547	254.608349869884	5	0.2	1423.54106568693	1343.9094259014	2.1	1.9	1769.74217193875	1418.76347709537	3	2.1	18.TMEM141.ENST00000290079.9.missense.29H/Y	None	0.957142857142857	1.31428571428571	False	False	False	0	False	0
