ID	A.11.01	A.24.02	B.18.01	B.49.01	C.07.01	C.12.03	Gene	AA.Change	Num.Passing.Transcripts	Best.Peptide.class1	Best.Transcript.class1	TSL	Allele	Pos	Prob.Pos	Num.Passing.Peptides	IC50.MT.class1	IC50.WT.class1	percentile.MT.class1	percentile.WT.class1	RNA.Expr	RNA.VAF	Allele.Expr	RNA.Depth	DNA.VAF	Tier	Ref.Match	Evaluation	Comments	DQA1.01.02	DQA1.01.02.DQB1.03.01	DQA1.01.02.DQB1.06.04	DQA1.05.05	DQA1.05.05.DQB1.03.01	DQA1.05.05.DQB1.06.04	DQB1.03.01	DQB1.06.04	DRB1.11.04	DRB1.13.02	Best.Peptide.class2	Best.Transcript.class2	IC50.MT.class2	IC50.WT.class2	percentile.MT.class2	percentile.WT.class2	Transcript.Support.Level	Transcript.Length	Biotype	Ensembl.Gene.ID	Variant.Type	Mutation	Protein.Position	Gene.Name	HGVSc	HGVSp	Peptide.Length	Sub.peptide.Position	Mutation.Position	WT.Epitope.Seq	Best.MT.IC50.Score.Method	Best.MT.IC50.Score	Corresponding.WT.IC50.Score	Corresponding.Fold.Change	Best.MT.Percentile.Method	Best.MT.Percentile	Corresponding.WT.Percentile	Tumor.DNA.Depth	Tumor.DNA.VAF	Tumor.RNA.Depth	Tumor.RNA.VAF	Normal.Depth	Normal.VAF	Gene.Expression	Transcript.Expression	Median.MT.IC50.Score	Median.WT.IC50.Score	Median.Fold.Change	Median.MT.Percentile	Median.WT.Percentile	MHCflurryEL.Processing.WT.Score	MHCflurryEL.Processing.MT.Score	MHCflurryEL.Presentation.WT.Score	MHCflurryEL.Presentation.MT.Score	MHCflurryEL.Presentation.WT.Percentile	MHCflurryEL.Presentation.MT.Percentile	MHCflurry.WT.Score	MHCflurry.MT.Score	MHCflurry.WT.Percentile	MHCflurry.MT.Percentile	MHCnuggetsI.WT.Score	MHCnuggetsI.MT.Score	MHCnuggetsI.WT.Percentile	MHCnuggetsI.MT.Percentile	NetMHC.WT.Score	NetMHC.MT.Score	NetMHC.WT.Percentile	NetMHC.MT.Percentile	NetMHCcons.WT.Score	NetMHCcons.MT.Score	NetMHCcons.WT.Percentile	NetMHCcons.MT.Percentile	NetMHCpan.WT.Score	NetMHCpan.MT.Score	NetMHCpan.WT.Percentile	NetMHCpan.MT.Percentile	NetMHCpanEL.WT.Score	NetMHCpanEL.MT.Score	NetMHCpanEL.WT.Percentile	NetMHCpanEL.MT.Percentile	PickPocket.WT.Score	PickPocket.MT.Score	PickPocket.WT.Percentile	PickPocket.MT.Percentile	SMM.WT.Score	SMM.MT.Score	SMM.WT.Percentile	SMM.MT.Percentile	SMMPMBEC.WT.Score	SMMPMBEC.MT.Score	SMMPMBEC.WT.Percentile	SMMPMBEC.MT.Percentile	Index	Problematic.Positions	cterm_7mer_gravy_score	max_7mer_gravy_score	difficult_n_terminal_residue	c_terminal_cysteine	c_terminal_proline	cysteine_count	n_terminal_asparagine	asparagine_proline_bond_count
chr1-206635770-206635771-A-G	NA	NA	NA	NA	NA	NA	DYRK3	Q23R	0	GLPPRQRRL	ENST00000367109.6	1	HLA-C*07:01	5	None	0	2855.215	4457.458	5	9.1	9.4	0.111	1.043	9	0.185	Poor	False	Accept	No comments	3	NA	4	13	NA	NA	3	NA	NA	NA	PPRQRRLGDGVYDTFMMI	ENST00000367109.6	291.68	308.27	2.71	2.94	1	588	protein_coding	ENSG00000143479	missense	Q/R	23	DYRK3	ENST00000367109.6:c.68A>G	ENSP00000356076.2:p.Gln23Arg	9	5	5	GLPPQQRRL	SMMPMBEC	294.219	756.258	2.57	NetMHC	0.27	0.82	119	0.185	9	0.111	35	0	9.4	5.714	2855.215	4457.458	1.561	5	9.1	0.0277484767138957	0.0130252614617347	0.0778332268588691	0.108324096411898	3.526929347826	2.760054347826	1209.02797731896	787.623483600822	2.528375	2.01775	29446.66	29299.87	23.66	23.19	3354.86	1084.53	0.82	0.27	8208.09	4625.9	12	5.8	15454.05	12150.35	6.2	4.2	0.010109	0.016877	1.5	1.1	5560.05507446561	4936.17358223685	19	17	726.390239599252	349.277009529147	26	16	756.25803164764	294.218515575445	26	14	5.DYRK3.ENST00000367109.6.missense.23Q/R	None	-2.34285714285714	-1.75714285714286	False	False	False	0	False	0
chr10-130166669-130166675-ATATAAT-A	1	NA	NA	NA	NA	NA	GLRX3	DII214-216D	3	VSGELIGGLDK	ENST00000331244.9	1	HLA-A*11:01	10-11	None	1	747.8	28852.502	2.75	52.5	37.378	0.02	0.748	151	0.403	Poor	False	Accept	No comments	3	3	NA	57	2	NA	1	NA	NA	NA	YPQLYVSGELIGGLDKEL	ENST00000331244.9	484.42	2363.96	8.4	29.9	1	335	protein_coding	ENSG00000108010	inframe_del	DII/D	214-216	GLRX3	ENST00000331244.9:c.644_649del	ENSP00000330836.5:p.Ile215_Ile216del	11	2	10-11	VSGELIGGLDI	SMM	199.113	4854.003	24.378	MHCflurry	0.961	24.147	432	0.403	151	0.02	207	0	37.378	34.874	747.8	28852.502	38.583	2.75	52.5	0.0070958063006401	0.0251712016761302	0.0035437866147662	0.249141073101723	99.2866032608696	1.57532608695644	29219.5241123739	292.613422147057	24.146625	0.961125	30099.49	484.04	64.82	2.16	36426.48	2243.69	62	5	28485.48	1011.56	47	2.8	38445.56	2479.62	58	3.3	3e-06	0.024423	68	3	25289.1885284499	2240.60661125835	34	3.2	4854.00254834487	199.113176123851	31	2.2	8679.60577292376	253.221163528083	43	2.7	71.GLRX3.ENST00000331244.9.inframe_del.214-216DII/D	None	0.557142857142857	1.05714285714286	False	False	False	0	False	0
chr10-53811610-53811611-G-A	NA	2	NA	NA	3	5	PCDH15	P1462L	3	NYIWSLELI	ENST00000395438.5	5	HLA-A*24:02	3	None	9	109.109	80.306	0.091	0.113	0	0	0	0	0.264	NoExpr	False	Pending	No comments	118	76	94	90	3	43	13	51	61	121	SSMNRNYIWSLELI	ENST00000395438.5	45.16	415.44	0.27	7.19	5	1540	protein_coding	ENSG00000150275	missense	P/L	1462	PCDH15	ENST00000395438.5:c.4385C>T	ENSP00000378826.2:p.Pro1462Leu	9	7	3	NYPWSLELI	NetMHCpan	11.75	25.18	2.143	MHCnuggetsI	0.02	0.01	216	0.264	0	0	116	0	0	0	109.109	80.306	0.736	0.091	0.113	0.273258563131094	0.32210299372673	0.809516032775631	0.853067254560866	0.2636413043478	0.194701086956513	52.3123068445624	45.3291426166213	0.11675	0.08175	491.38	501.02	0.01	0.02	32.78	53.92	0.07	0.1	23.05	17.12	0.11	0.06	25.18	11.75	0.04	0.03	0.729154	0.759349	0.08	0.07	141.947667971001	236.036872830194	0.3	0.5	108.300384871974	164.297138666016	0.3	0.3	122.73261850334	181.117326971437	0.3	0.4	54.PCDH15.ENST00000395438.5.missense.1462P/L	None	1.62857142857143	1.62857142857143	False	False	False	0	True	0
chr10-53811610-53811612-GG-AT	NA	2	NA	NA	3	6	PCDH15	P1462I	7	NYIWSLELI	ENST00000395438.5	5	HLA-A*24:02	3	None	10	109.109	80.306	0.091	0.113	0	NA	NA	NA	0.26	Poor	False	Pending	No comments	122	80	101	138	3	43	15	51	63	121	SSMNRNYIWSLELI	ENST00000395438.5	45.16	415.44	0.27	7.19	5	1540	protein_coding	ENSG00000150275	missense	P/I	1462	PCDH15	ENST00000395438.5:c.4384_4385delinsAT	ENSP00000378826.2:p.Pro1462Ile	9	7	3	NYPWSLELI	NetMHCpan	11.75	25.18	2.143	MHCnuggetsI	0.02	0.01	221	0.26	NA	NA	119	0.008	0	0	109.109	80.306	0.736	0.091	0.113	0.273258563131094	0.32210299372673	0.809516032775631	0.853067254560866	0.2636413043478	0.194701086956513	52.3123068445624	45.3291426166213	0.11675	0.08175	491.38	501.02	0.01	0.02	32.78	53.92	0.07	0.1	23.05	17.12	0.11	0.06	25.18	11.75	0.04	0.03	0.729154	0.759349	0.08	0.07	141.947667971001	236.036872830194	0.3	0.5	108.300384871974	164.297138666016	0.3	0.3	122.73261850334	181.117326971437	0.3	0.4	57.PCDH15.ENST00000395438.5.missense.1462P/I	None	1.62857142857143	1.62857142857143	False	False	False	0	True	0
chr10-53811611-53811612-G-T	NA	2	NA	NA	3	6	PCDH15	P1462T	7	NYIWSLELI	ENST00000395438.5	5	HLA-A*24:02	3	None	10	109.109	80.306	0.091	0.113	0	0	0	0	0.253	NoExpr	False	Pending	No comments	122	80	101	138	3	43	15	51	63	121	SSMNRNYIWSLELI	ENST00000395438.5	45.16	415.44	0.27	7.19	5	1540	protein_coding	ENSG00000150275	missense	P/T	1462	PCDH15	ENST00000395438.5:c.4384C>A	ENSP00000378826.2:p.Pro1462Thr	9	7	3	NYPWSLELI	NetMHCpan	11.75	25.18	2.143	MHCnuggetsI	0.02	0.01	217	0.253	0	0	117	0	0	0	109.109	80.306	0.736	0.091	0.113	0.273258563131094	0.32210299372673	0.809516032775631	0.853067254560866	0.2636413043478	0.194701086956513	52.3123068445624	45.3291426166213	0.11675	0.08175	491.38	501.02	0.01	0.02	32.78	53.92	0.07	0.1	23.05	17.12	0.11	0.06	25.18	11.75	0.04	0.03	0.729154	0.759349	0.08	0.07	141.947667971001	236.036872830194	0.3	0.5	108.300384871974	164.297138666016	0.3	0.3	122.73261850334	181.117326971437	0.3	0.4	64.PCDH15.ENST00000395438.5.missense.1462P/T	None	1.62857142857143	1.62857142857143	False	False	False	0	True	0
chr11-59125965-59125966-G-A	2	4	NA	NA	NA	3	FAM111B	M623I	4	IFTQRSFLS	ENST00000343597.3	1	HLA-A*24:02	1	None	8	5450.725	6637.645	7.415	7.55	12.32	0.455	5.606	66	0.431	Poor	False	Pending	No comments	44	19	59	25	5	1	NA	36	47	39	IFTQRSFLSEVWN	ENST00000343597.3	501.94	504.91	5.68	5.73	1	734	protein_coding	ENSG00000189057	missense	M/I	623	FAM111B	ENST00000343597.3:c.1869G>A	ENSP00000341565.3:p.Met623Ile	9	9	1	MFTQRSFLS	SMM	2007.382	3323.763	1.656	SMM	3.3	5.6	587	0.431	66	0.455	391	0	12.32	2.351	5450.725	6637.645	1.218	7.415	7.55	0.0110912211239337	0.0295721106231212	0.0056840336298934	0.005991444647829	46.2246739130435	46.2246739130435	18188.2843910888	18422.094057306	6.920125	7.029375	5330.99	5389.38	15.05	59.42	7944.3	5512.07	5.9	4.5	12183	9972.95	9.1	7.8	11035.26	11689.98	4.3	4.6	0.000614	0.00102	9.9	8	3272.12256819681	4151.51779043547	8.1	12	3323.76262523315	2007.381881882	5.6	3.3	4236.0394888724	2648.25621396249	7	4.5	74.FAM111B.ENST00000343597.3.missense.623M/I	None	-0.528571428571429	0.0857142857142857	False	False	False	0	False	0
chr12-32327590-32327591-G-C	4	NA	NA	NA	NA	NA	BICD1	R379T	3	AMTGLQSSK	ENST00000281474.9	1	HLA-A*11:01	3	None	4	129.454	612.25	0.885	2.2	57.947	0.627	36.333	228	0.667	Pass	False	Accept	No comments	46	45	12	NA	14	NA	19	12	16	19	RLTEHVNAMTGLQSSK	ENST00000281474.9	74.49	145.81	0.7	2.03	1	975	protein_coding	ENSG00000151746	missense	R/T	379	BICD1	ENST00000281474.9:c.1136G>C	ENSP00000281474.5:p.Arg379Thr	9	7	3	AMRGLQSSK	MHCflurry	42.706	79.629	1.865	MHCflurry	0.163	0.41	264	0.667	228	0.627	94	0	57.947	24.344	129.454	612.25	4.729	0.885	2.2	0.0136191509664058	0.023476168513298	0.52999426513976	0.681395970989553	0.757336956521598	0.469836956521675	79.6288822262906	42.7056299423704	0.409625	0.163	6455.85	893.29	6.57	2.74	745.03	115.68	2.7	0.71	479.47	111.88	2.5	1.5	1130.18	219.45	2.2	0.77	0.146374	0.35108	1.2	0.5	2289.62075429042	1453.47247883281	8.3	5	278.804641783179	112.797636558816	1.9	1	360.603551772199	143.228683472583	2.2	1.2	78.BICD1.ENST00000281474.9.missense.379R/T	None	-0.9	0.3	False	False	False	0	False	0
chr12-45016580-45016581-C-T	1	NA	NA	NA	1	NA	DBX2	R242Q	1	RRMKWQNSK	ENST00000332700.6	2	HLA-C*07:01	6	None	2	688.939	634.667	1.084	1.271	0.265	0	0	0	0.213	NoExpr	False	Pending	No comments	7	NA	NA	NA	NA	NA	NA	NA	4	29	VKIWFQNRRMKWQNS	ENST00000332700.6	257.945	234.085	16	13	2	339	protein_coding	ENSG00000185610	missense	R/Q	242	DBX2	ENST00000332700.6:c.725G>A	ENSP00000331470.6:p.Arg242Gln	9	4	6	RRMKWRNSK	SMM	43.07	82.636	1.919	NetMHC	0.2	0.15	591	0.213	0	0	284	0	0.265	0.265	688.939	634.667	0.921	1.084	1.271	0.115994438529015	0.202734433114529	0.306749701475267	0.479360094479468	1.34157608695644	0.86771739130424	302.882624280593	195.37701278754	1.133625	0.815625	39032.21	38302.16	94.07	87.7	518.11	779.34	0.15	0.2	3869.58	4478.16	4.9	5.7	4289.74	4483.64	1.2	1.3	0.020636	0.025534	0.91	0.78	751.224325876238	598.537372158204	1.1	0.8	82.636135672393	43.0695168586131	4.2	2.2	89.8814355130355	73.5647900744273	4.5	3.7	81.DBX2.ENST00000332700.6.missense.242R/Q	None	-2.08571428571429	-2.08571428571429	False	False	False	0	False	0
chr17-18772421-18772422-CA-C	NA	NA	NA	NA	1	3	FBXW10	FS673	3	NRMVVTQRAM	ENST00000395665.8	1	HLA-C*07:01	6-11	None	4	1049.651	24745.554	0.583	32.68	0.085	0	0	0	0.52	NoExpr	False	Pending	No comments	122	110	79	44	84	24	74	109	122	124	VLSFFIQGNRMVVTQ	ENST00000395665.8	14.1	15.945	1.5	1.7	1	1052	protein_coding	ENSG00000171931	FS	N/X	673	FBXW10	ENST00000395665.8:c.2018del	ENSP00000379025.4:p.Asn673ThrfsTer14	10	5	6-11	NRMVVNTESN	MHCflurry	94.099	18986.649	201.773	PickPocket	0.2	2.9	25	0.52	0	0	30	0	0.085	0.073	1049.651	24745.554	23.575	0.583	32.68	0.0738657936453819	0.0452606864273548	0.0067999484044813	0.517464218346715	37.3590489130435	0.785951086956402	18986.6486710322	94.0990435891936	16.468125	0.3805	35106.07	31927.89	54.88	33.57	39491.56	16819.64	45	6	16404.99	159.89	22	0.23	30504.46	1364.16	28	0.28	7e-06	0.008226	46	1.7	3975.67635914596	735.142790762325	2.9	0.2	NA	NA	NA	NA	NA	NA	NA	NA	84.FBXW10.ENST00000395665.8.FS.673CA/C	None	0.485714285714286	0.485714285714286	False	False	False	0	True	0
chr17-29695480-29695481-C-T	NA	NA	NA	NA	NA	NA	SSH2	R85H	0	LQAMFILLH	ENST00000269033.7	1	HLA-A*11:01	9	None	0	3475.647	325.432	4.55	1.681	61.988	0.301	18.658	193	0.357	Poor	False	Review	No comments	44	35	66	71	1	23	8	31	72	63	AMFILLHPEDNIRL	ENST00000269033.7	113.42	114.16	0.5	0.51	1	1423	protein_coding	ENSG00000141298	missense	R/H	85	SSH2	ENST00000269033.7:c.254G>A	ENSP00000269033.3:p.Arg85His	9	1	9	LQAMFILLR	SMMPMBEC	1044.792	248.33	0.238	MHCflurry	3.325	1.032	474	0.357	193	0.301	311	0	61.988	14.143	3475.647	325.432	0.094	4.55	1.681	0.0097840726375579	0.0627459548413753	0.213152844650403	0.0222010617577583	1.7611684782608	10.6558423913043	340.908064290667	5306.98072744039	1.031625	3.32525	1186.19	6069.57	3.06	6.35	302.62	4602.74	1.6	7.2	114.33	1391.91	1.5	3.6	403.78	4046.33	1.3	4.3	0.083471	0.014039	1.6	3.7	837.065307307968	2904.96492618402	2.6	12	309.955965983738	1356.12586743564	2	4.8	248.330463997826	1044.7923884295	1.8	4.1	85.SSH2.ENST00000269033.7.missense.85R/H	None	2.2	2.2	False	False	False	0	False	0
chr2-169633181-169633182-G-A	2	NA	NA	NA	1	1	PPIG	A318T	5	TSYQRRLLV	ENST00000260970.7	1	HLA-C*12:03	1	None	3	47.9	81.204	0.62	0.61	146.751	0.455	66.772	473	0.394	Anchor	False	Accept	No comments	23	4	NA	8	NA	NA	NA	8	36	6	QPTSYQRRLLVTRSGRK	ENST00000260970.7	151.555	141.645	4.63	4.25	1	754	protein_coding	ENSG00000138398	missense	A/T	318	PPIG	ENST00000260970.7:c.952G>A	ENSP00000260970.3:p.Ala318Thr	9	9	1	ASYQRRLLV	MHCnuggetsI	12.42	7.26	0.585	NetMHCpanEL	0.09	0.16	132	0.394	473	0.455	102	0	146.751	22.942	47.9	81.204	1.695	0.62	0.61	0.57703547552228	0.341986626386642	0.90772227837156	0.8139984447069	0.109809782608707	0.255679347826074	66.6671822798249	65.1942889980963	0.349	0.33175	7.26	12.42	0.72	1.81	472.86	293.29	0.5	0.39	121.34	53.9	1.7	0.85	95.74	41.9	0.2	0.1	0.313692	0.417797	0.16	0.09	2054.82032600981	2314.52844807955	2.1	2.7	15.7112232568593	15.639036743097	19	18	20.157190489551	20.2969134590073	26	26	8.PPIG.ENST00000260970.7.missense.318A/T	None	-0.285714285714286	-0.285714285714286	False	False	False	0	False	0
chr2-175939594-175939595-C-T	NA	NA	NA	2	NA	1	LNPK	D288N	4	GALNRIVEY	ENST00000544803.5	1	HLA-C*12:03	4	None	3	70.63	53.785	1.55	0.835	25.997	0.363	9.437	124	0.426	Pass	False	Accept	No comments	33	26	9	41	NA	5	NA	5	20	27	RGALNRIVEYLV	ENST00000544803.5	272.75	228.51	2.45	1.86	1	459	protein_coding	ENSG00000144320	missense	D/N	288	LNPK	ENST00000544803.5:c.862G>A	ENSP00000440905.1:p.Asp288Asn	9	6	4	GALDRIVEY	SMMPMBEC	10.9	9.559	0.877	MHCflurry	0.037	0.007	439	0.426	124	0.363	185	0	25.997	0	70.63	53.785	0.762	1.55	0.835	0.645538799464703	0.503257498145103	0.963483292450892	0.929790568317827	0.0282065217391647	0.0778260869565201	30.9844984378882	37.5197839498468	0.0075	0.037	54.42	30.03	8.13	4.99	907.65	2257.76	0.73	1.4	59.41	117.46	0.94	1.7	53.15	103.74	0.12	0.22	0.792053	0.598292	0.01	0.04	2664.09147713626	3491.59114386168	3.6	6.2	15.8565974157804	15.8565974157804	19	19	9.55938603503362	10.9000878956623	9.1	12	16.LNPK.ENST00000544803.5.missense.288D/N	None	-0.0428571428571429	0.842857142857143	False	False	False	0	False	0
chr2-21142157-21142158-GA-G	3	NA	2	NA	NA	2	TDRD15	FS1564	2	YQWKVLKKV	ENST00000405799.1	2	HLA-C*12:03	0-10	None	7	293.935	NA	3.045	NA	0.021	0	0	0	0.286	NoExpr	False	Pending	No comments	5	NA	2	NA	NA	NA	NA	2	36	30	KNPLFYQWKVLKKV	ENST00000405799.1	261.75	NA	5.3	NA	2	1934	protein_coding	ENSG00000218819	FS	E/X	1564	TDRD15	ENST00000405799.1:c.4698del	ENSP00000384376.1:p.Lys1566AsnfsTer14	9	15	0-10	NA	SMM	31.638	NA	NA	NetMHC	0.3	NA	42	0.286	0	0	40	0	0.021	0	293.935	NA	NA	3.045	NA	NA	0.394215356558561	NA	0.446087582761748	NA	0.943152173912921	NA	450.441703040333	NA	2.29075	NA	164.01	NA	16.51	NA	199.6	NA	0.3	NA	388.27	NA	3.8	NA	2224.88	NA	2	NA	0.052141	NA	0.88	NA	16053.8113000761	NA	50	NA	31.6380712673395	NA	47	NA	54.6298489872109	NA	77	6.TDRD15.ENST00000405799.1.FS.1564GA/G	None	-0.0571428571428571	-0.0571428571428571	False	False	False	0	False	0
chr20-53985297-53985298-A-T	4	NA	NA	NA	NA	1	BCAS1	F377I	4	TSLPLGKLIWK	ENST00000395961.7	1	HLA-A*11:01	9	None	5	64.365	47.676	0.416	0.408	0.004	0	0	0	0.485	NoExpr	False	Pending	No comments	22	NA	3	7	NA	NA	22	62	70	21	TKEKSGPTSLPLGKLIWK	ENST00000395961.7	38.74	93.38	0.27	1.38	1	584	protein_coding	ENSG00000064787	missense	F/I	377	BCAS1	ENST00000395961.7:c.1129T>A	ENSP00000379290.3:p.Phe377Ile	11	3	9	TSLPLGKLFWK	SMMPMBEC	8.366	2.515	0.301	NetMHCcons	0.1	0.07	165	0.485	0	0	114	0	0.004	0	64.365	47.676	0.741	0.416	0.408	0.250314328819513	0.396861638873815	0.713302439521472	0.805323736799554	0.416739130434777	0.269918478260834	83.4993047149689	84.3698453105073	0.427	0.432625	22.9	23.64	0.29	0.31	62.46	133.81	0.38	0.8	32.41	44.36	0.07	0.1	90.58	141.59	0.43	0.59	0.227555	0.272928	0.8	0.65	696.429008571064	1183.38587947348	0.6	1.4	32.8927360480647	34.9220717263407	0.4	0.4	2.5147800129956	8.3656559575581	0.1	0.2	93.BCAS1.ENST00000395961.7.missense.377F/I	None	0.428571428571428	1.42857142857143	False	False	False	0	False	0
chr20-5923224-5923225-C-T	NA	NA	NA	NA	NA	NA	CHGB	R361C	0	LEWECYRGR	ENST00000378961.8	1	HLA-B*18:01	5	5	0	2251.145	5514.41	1.744	2.34	0.094	0	0	0	0.41	NoExpr	False	Pending	No comments	NA	NA	NA	23	NA	NA	5	NA	NA	NA	GVQAPEDLEWECYRGRGS	ENST00000378961.8	125.11	214.34	2.83	4.14	1	677	protein_coding	ENSG00000089199	missense	R/C	361	CHGB	ENST00000378961.8:c.1081C>T	ENSP00000368244.4:p.Arg361Cys	9	5	5	LEWERYRGR	SMMPMBEC	381.558	620.24	1.626	SMMPMBEC	0.9	1.4	251	0.41	0	0	148	0	0.094	0.081	2251.145	5514.41	2.45	1.744	2.34	0.253415953367948	0.0305039994418621	0.0299683696502993	0.0145508543267841	8.26921195652172	16.1575543478261	7740.55336126844	7348.94080876224	1.952625	1.88825	4847.49	2860.08	2.38	1.59	6181.33	1642.21	3.8	1.6	2766.91	1011.56	2.3	1.3	7750.72	6055.36	2.4	1.9	0.023596	0.009612	2	3.3	6469.40997042221	6399.78970601227	20	20	822.318384781478	696.690678738684	1.7	1.5	620.240327102722	381.557504755598	1.4	0.9	91.CHGB.ENST00000378961.8.missense.361R/C	5	-1.8	-1.05714285714286	False	False	False	1	False	0
chr3-121045528-121045529-G-A	1	NA	1	NA	NA	NA	STXBP5L	R155Q	6	HSLKFNQER	ENST00000273666.10	1	HLA-A*11:01	7	None	2	1111.727	1874.709	2.648	3.98	0.017	0	0	0	0.419	NoExpr	False	Pending	No comments	31	6	8	8	NA	NA	NA	7	39	48	AILHSLKFNQERITY	ENST00000273666.10	288.765	181.69	17	12	1	1186	protein_coding	ENSG00000145087	missense	R/Q	155	STXBP5L	ENST00000273666.10:c.464G>A	ENSP00000273666.6:p.Arg155Gln	9	3	7	HSLKFNRER	MHCnuggetsI	702.69	1890.33	2.69	NetMHCpanEL	0.93	1.4	356	0.419	0	0	254	0	0.017	0.011	1111.727	1874.709	1.686	2.648	3.98	0.181327540427446	0.0866340808570385	0.0605887649114106	0.106651025314976	4.32959239130432	2.79543478260862	2790.28449415346	1048.47591761531	2.505125	1.68175	1890.33	702.69	3.66	2.5	3622.98	2190.67	6.4	4.9	2021.74	1269.61	4.3	3.5	1449.39	810.38	2.5	1.8	0.105446	0.185815	1.4	0.93	1109.00259611381	727.231584685427	3.5	2.3	1859.08822429202	1400.55445724223	6	4.9	1758.04505121418	1174.9787167906	5.7	4.3	25.STXBP5L.ENST00000273666.10.missense.155R/Q	None	-1.75714285714286	-1.18571428571429	False	False	False	0	False	0
chr3-49098670-49098671-G-A	NA	NA	NA	NA	NA	1	QARS	R629C	7	KCLAWGQPV	ENST00000306125.11	1	HLA-C*12:03	2	2	1	1109.255	2118.98	10.094	14.93	250.486	0.351	87.921	114	0.558	Poor	False	Reject	No comments	30	23	18	18	43	1	39	56	20	3	FKEEPEPGFKCLAWGQPV	ENST00000306125.11	32.46	49.49	0.19	0.46	1	775	protein_coding	ENSG00000172053	missense	R/C	629	QARS	ENST00000306125.11:c.1885C>T	ENSP00000307567.6:p.Arg629Cys	9	8	2	KRLAWGQPV	MHCnuggetsI	4.44	107.09	24.119	MHCnuggetsI	0.2	12.86	95	0.558	114	0.351	61	0	250.486	0.39	1109.255	2118.98	1.91	10.094	14.93	0.0165823251008987	0.000825185328722	0.0065633201747144	0.0193259538886595	37.3590489130435	12.1872282608695	15987.236294329	4900.23074241422	17.092625	7.102625	107.09	4.44	12.86	0.2	2912.2	935.09	1.7	0.75	1325.76	1283.42	8.1	8	4484.08	9138.1	3.5	6.5	0.001828	0.000378	6.2	13	15044.7277748717	7945.93674759663	48	24	30.4936913389454	28.3929161577773	44	40	15.0463098139606	13.945368667384	17	16	17.QARS.ENST00000306125.11.missense.629R/C	2	0.485714285714286	0.485714285714286	False	False	False	1	False	0
chr4-75919946-75919947-T-C	NA	NA	NA	NA	NA	2	NAAA	T311A	5	SAIKALNAA	ENST00000507956.5	2	HLA-C*12:03	9	None	2	111.902	499.057	4.32	5.665	13.071	0.423	5.529	26	0.444	Poor	False	Reject	No comments	104	106	46	37	42	7	65	80	19	41	IKALNAAGQANLSLE	ENST00000507956.5	21.34	47.7	0.54	1.27	2	323	protein_coding	ENSG00000138744	missense	T/A	311	NAAA	ENST00000507956.5:c.931A>G	ENSP00000427641.1:p.Thr311Ala	9	1	9	SAIKALNAT	SMM	8.876	15.567	1.754	NetMHCpan	0.28	0.92	259	0.444	26	0.423	182	0	13.071	0	111.902	499.057	4.46	4.32	5.665	0.0596298985183239	0.314311258494854	0.326855428354367	0.770172615982237	1.27247282608684	0.325353260869562	224.164878232517	77.5834510170793	1.50125	0.47125	27.81	15.02	4.63	2.34	13207.71	13755.66	6.7	7	2469.77	1235.73	13	7.8	773.95	146.22	0.92	0.28	0.026395	0.086985	1.5	0.62	3932.89229682844	3529.57450109899	7.8	6.3	15.5671818962384	8.87585093733078	18	7.9	14.0420333450027	11.6527921488136	16	13	33.NAAA.ENST00000507956.5.missense.311T/A	None	0.9	0.9	False	False	False	0	False	0
chr5-13824316-13824317-C-A	1	1	NA	NA	NA	4	DNAH5	G2154V	1	FVLRNILSV	ENST00000265104.4	1	HLA-C*12:03	2	None	6	30.985	75.915	0.225	0.766	0.076	0	0	0	0.4	NoExpr	False	Pending	No comments	59	44	62	66	7	14	18	55	67	69	HYDFVLRNILSVLRT	ENST00000265104.4	19.92	136.585	2.4	14	1	4624	protein_coding	ENSG00000039139	missense	G/V	2154	DNAH5	ENST00000265104.4:c.6461G>T	ENSP00000265104.4:p.Gly2154Val	9	8	2	FGLRNILSV	MHCnuggetsI	2.56	2.78	1.086	MHCnuggetsI	0.01	0.02	350	0.4	0	0	172	0	0.076	0.035	30.985	75.915	2.45	0.225	0.766	0.441910933703184	0.565195839852095	0.814198226290196	0.899625698206779	0.255679347826074	0.122663043478283	93.689359322433	70.2735146406648	0.641375	0.39125	2.78	2.56	0.02	0.01	174	30.98	0.27	0.06	58.14	15.12	0.92	0.16	292.37	44.74	0.47	0.1	0.052069	0.207024	0.89	0.29	5044.15430351795	4335.13656730463	13	9.2	28.0679051341057	30.9891739640057	39	46	17.2754751030629	20.1108302379084	21	26	36.DNAH5.ENST00000265104.4.missense.2154G/V	None	1.07142857142857	1.58571428571429	False	False	False	0	False	0
chr7-140382488-140382489-A-G	1	1	NA	NA	NA	1	SLC37A3	L13P	7	VFQRGSLPSQF	ENST00000326232.13	1	HLA-A*24:02	8	None	3	684.243	515.835	0.5	0.479	77.366	0.319	24.68	188	0.318	Poor	False	Accept	No comments	17	15	24	15	37	7	1	20	17	8	SLPSQFSHHHVVVFLL	ENST00000326232.13	257.43	219.075	6.4	5.1	1	494	protein_coding	ENSG00000157800	missense	L/P	13	SLC37A3	ENST00000326232.13:c.38T>C	ENSP00000321498.9:p.Leu13Pro	11	4	8	VFQRGSLLSQF	NetMHCcons	53.03	51.06	0.963	NetMHCcons	0.08	0.08	516	0.318	188	0.319	208	0	77.366	24.536	684.243	515.835	0.754	0.5	0.479	0.44446387141943	0.27732202783227	0.719457397748491	0.603564498682949	0.406059782608693	0.609538043478196	164.159016937298	152.755056899286	0.458125	0.437625	5070.92	5161.57	0.76	1.19	476.79	1048.98	0.72	1.4	51.06	53.03	0.08	0.08	167.76	354.39	0.2	0.34	0.523362	0.584787	0.18	0.15	554.87924755187	592.096239149258	0.5	0.5	776.390119802505	776.390119802505	0.5	0.5	1559.94756311406	1552.78025510805	2.1	2.1	37.SLC37A3.ENST00000326232.13.missense.13L/P	None	-0.0714285714285715	0.228571428571429	False	False	False	0	False	0
chr7-155711304-155711305-C-T	NA	NA	NA	NA	1	1	RBM33	H123Y	3	YHPSPPQGM	ENST00000392761.3	2	HLA-C*07:01	1	None	1	999.287	4767.138	0.631	2.7	153.29	0.585	89.675	556	0.551	Poor	False	Accept	No comments	1	NA	NA	1	6	NA	4	21	14	NA	PQPLQPLLPVQHPYH	ENST00000392761.3	485.93	549.52	18	15	2	909	protein_coding	ENSG00000184863	missense	H/Y	123	RBM33	ENST00000392761.3:c.366C>T	ENSP00000376514.3:p.His123Tyr	9	9	1	HHPSPPQGM	MHCflurry	89.185	118.16	1.325	NetMHCpanEL	0.08	0.18	294	0.551	556	0.585	104	0	153.29	28.488	999.287	4767.138	4.771	0.631	2.7	0.0275958217680454	0.036382783204317	0.446756386393064	0.52262698535707	0.940461956521617	0.772581521738999	118.160071430068	89.1852643530774	0.499375	0.35225	35002.49	31088.63	53.98	29.71	11880.73	1465.03	3.6	0.36	973.97	268.76	1.8	0.49	5344.7	1723	1.5	0.37	0.107195	0.207836	0.18	0.08	5932.98039812903	5044.15430351795	21	17	4189.57529536311	533.543704679621	63	21	1305.17876713942	427.238124576524	37	18	45.RBM33.ENST00000392761.3.missense.123H/Y	None	-1.08571428571429	-1.08571428571429	False	False	False	0	False	0
chr8-143803908-143803909-C-A	1	NA	NA	NA	NA	1	SCRIB	G1051V	4	LAARSVLRV	ENST00000320476.7	1	HLA-C*12:03	6	None	2	98.387	194.592	1.097	1.549	30.713	0.619	19.011	42	0.636	Pass	False	Accept	No comments	72	70	53	44	47	18	39	69	77	77	ISKVLPRGLAARSVLRV	ENST00000320476.7	61.95	159.75	5.4	7	1	1630	protein_coding	ENSG00000180900	missense	G/V	1051	SCRIB	ENST00000320476.7:c.3152G>T	ENSP00000322938.3:p.Gly1051Val	9	4	6	LAARSGLRV	SMM	17.307	17.307	1	NetMHCpan	0.14	0.37	121	0.636	42	0.619	48	0	30.713	3.029	98.387	194.592	1.978	1.097	1.549	0.157449848949909	0.48260448500514	0.454602188059126	0.811120822548028	0.922608695652045	0.260380434782604	183.534621387899	110.943380900775	1.29825	0.7945	505.15	121.22	28.92	13.88	840.56	606.35	0.7	0.57	135.2	85.83	1.8	1.4	205.65	61.86	0.37	0.14	0.106499	0.291294	0.53	0.18	9245.5059762491	7945.93674759663	29	24	17.3065300184118	17.3065300184118	21	21	33.6070196565648	32.9936224188647	51	50	48.SCRIB.ENST00000320476.7.missense.1051G/V	None	0.6	1.44285714285714	False	False	False	0	False	0
chr8-143872246-143872247-C-T	NA	NA	NA	NA	NA	NA	EPPK1	R336Q	0	LVDPITGQQL	ENST00000615648.1	5	HLA-C*12:03	9	None	0	3364.77	4823.608	4.95	5.8	19.821	0.125	2.478	24	0.219	Poor	False	Accept	No comments	37	31	12	57	11	17	17	17	7	37	GQQLWVDEAVRAGLVS	ENST00000615648.1	281.98	234.77	6.5	5.1	5	5088	protein_coding	ENSG00000261150	missense	R/Q	336	EPPK1	ENST00000615648.1:c.1007G>A	ENSP00000484472.1:p.Arg336Gln	10	2	9	LVDPITGQRL	MHCflurry	147.529	331.431	2.247	MHCflurry	0.243	0.647	192	0.219	24	0.125	73	0	19.821	8.028	3364.77	4823.608	1.434	4.95	5.8	0.467509638518095	0.582762077450752	0.584397759856202	0.82271298695184	0.646739130434725	0.242798913043458	331.431040507581	147.529343124076	1.93725	1.079625	1614.84	809.95	46.95	35.58	36911.28	35197.12	38	33	1085.26	1109	6.3	6.4	11791.48	10085.8	8.5	7.2	0.002565	0.005823	5.3	3.5	8032.37680934315	5620.54026572972	4.5	2.1	NA	NA	NA	NA	NA	NA	NA	NA	53.EPPK1.ENST00000615648.1.missense.336R/Q	None	-0.2	0.9	False	False	False	0	False	0
chrX-51408116-51408117-T-G	NA	NA	NA	NA	NA	NA	CXorf67	D367E	0	RRSLSGSAE	ENST00000342995.3	NA	HLA-C*07:01	9	None	0	10426.303	17446.907	10.65	15.5	0.291	0	0	1	0.09	NoExpr	False	Pending	No comments	12	12	NA	17	27	NA	10	5	4	NA	RSALLSRRSLSGSAE	ENST00000342995.3	110.8	597.09	2.59	8.08	NA	503	protein_coding	ENSG00000187690	missense	D/E	367	CXorf67	ENST00000342995.3:c.1101T>G	ENSP00000342680.2:p.Asp367Glu	9	1	9	RRSLSGSAD	SMM	338.197	338.197	1	PickPocket	3	3.3	144	0.09	1	0	109	0	0.291	0.291	10426.303	17446.907	1.673	10.65	15.5	0.0006203800439834	0.0006634704768657	0.0056943992528966	0.0153915840036332	46.2246739130435	15.1609510869565	17474.6534525806	6216.1852436392	14.5405	5.95725	37078.38	36047.33	74.63	63.7	17419.16	15818.29	6.3	5.4	28951.56	24218.04	43	34	21937.43	14636.42	13	5.7	7.1e-05	0.000798	20	6.3	1422.35784649154	1318.60914342724	3.3	3	338.197194028222	338.197194028222	15	15	344.881580415986	358.649310297581	16	16	96.CXorf67.ENST00000342995.3.missense.367D/E	None	-0.1	-0.1	False	False	False	0	False	0
