ID	A.01.01	A.03.02	B.55.01	B.57.01	C.03.03	C.06.02	Gene	AA.Change	Num.Passing.Transcripts	Best.Peptide.class1	Best.Transcript.class1	TSL	Allele	Pos	Prob.Pos	Num.Included.Peptides	Num.Passing.Peptides	IC50.MT.class1	IC50.WT.class1	percentile.MT.class1	percentile.WT.class1	RNA.Expr	RNA.VAF	Allele.Expr	RNA.Depth	DNA.VAF	Tier	Ref.Match	Evaluation	Comments	DQA1.01.03.DQB1.05.03	DQA1.01.03.DQB1.06.03	DQA1.01.04.DQB1.05.03	DQA1.01.04.DQB1.06.03	DRB1.13.01	DRB1.14.54	Best.Peptide.class2	Best.Transcript.class2	IC50.MT.class2	IC50.WT.class2	percentile.MT.class2	percentile.WT.class2	Transcript.Support.Level	Transcript.Length	Biotype	Ensembl.Gene.ID	Variant.Type	Mutation	Protein.Position	Gene.Name	HGVSc	HGVSp	Peptide.Length	Sub.peptide.Position	Mutation.Position	WT.Epitope.Seq	Best.MT.IC50.Score.Method	Best.MT.IC50.Score	Corresponding.WT.IC50.Score	Corresponding.Fold.Change	Best.MT.Percentile.Method	Best.MT.Percentile	Corresponding.WT.Percentile	Tumor.DNA.Depth	Tumor.DNA.VAF	Tumor.RNA.Depth	Tumor.RNA.VAF	Normal.Depth	Normal.VAF	Gene.Expression	Transcript.Expression	Median.MT.IC50.Score	Median.WT.IC50.Score	Median.Fold.Change	Median.MT.Percentile	Median.WT.Percentile	BigMHC_EL.WT.Score	BigMHC_EL.MT.Score	BigMHC_IM.WT.Score	BigMHC_IM.MT.Score	MHCflurryEL.Processing.WT.Score	MHCflurryEL.Processing.MT.Score	MHCflurryEL.Presentation.WT.Score	MHCflurryEL.Presentation.MT.Score	MHCflurryEL.Presentation.WT.Percentile	MHCflurryEL.Presentation.MT.Percentile	MHCflurry.WT.IC50.Score	MHCflurry.MT.IC50.Score	MHCflurry.WT.Percentile	MHCflurry.MT.Percentile	MHCnuggetsI.WT.IC50.Score	MHCnuggetsI.MT.IC50.Score	MHCnuggetsI.WT.Percentile	MHCnuggetsI.MT.Percentile	NetMHC.WT.IC50.Score	NetMHC.MT.IC50.Score	NetMHC.WT.Percentile	NetMHC.MT.Percentile	NetMHCcons.WT.IC50.Score	NetMHCcons.MT.IC50.Score	NetMHCcons.WT.Percentile	NetMHCcons.MT.Percentile	NetMHCpan.WT.IC50.Score	NetMHCpan.MT.IC50.Score	NetMHCpan.WT.Percentile	NetMHCpan.MT.Percentile	NetMHCpanEL.WT.Score	NetMHCpanEL.MT.Score	NetMHCpanEL.WT.Percentile	NetMHCpanEL.MT.Percentile	PickPocket.WT.IC50.Score	PickPocket.MT.IC50.Score	PickPocket.WT.Percentile	PickPocket.MT.Percentile	SMM.WT.IC50.Score	SMM.MT.IC50.Score	SMM.WT.Percentile	SMM.MT.Percentile	SMMPMBEC.WT.IC50.Score	SMMPMBEC.MT.IC50.Score	SMMPMBEC.WT.Percentile	SMMPMBEC.MT.Percentile	Index	DeepImmuno.WT.Score	DeepImmuno.MT.Score	cterm_7mer_gravy_score	max_7mer_gravy_score	difficult_n_terminal_residue	c_terminal_cysteine	c_terminal_proline	cysteine_count	n_terminal_asparagine	asparagine_proline_bond_count
chr1-113093505-113093506-T-A	NA	2	NA	NA	1	NA	LRIG2	S153T	1	LSTNIISEI	ENST00000361127.6	1	HLA-C*03:03	3	None	3	2	243.343	219.115	4.46	4.05	22.841	0.077	1.759	39	0.055	Subclonal	False	Pending	No comments	15	13	1	9	13	14	DLSTNIISEIKTSSF	ENST00000361127.6	152.65	157.7	18.5	18.645	1	1065	protein_coding	ENSG00000198799	missense	S/T	153	LRIG2	ENST00000361127.6:c.457T>A	ENSP00000355396.4:p.Ser153Thr	9	7	3	LSSNIISEI	SMM	18.994	14.211	0.748	MHCflurry	0.24	0.3	659	0.055	39	0.077	545	0	22.841	9.849	243.343	219.115	0.9	4.46	4.05	0.009224524	0.027447933	0.16650991	0.18279706	0.370165798813105	0.49929916113615	0.786155486905864	0.824354449347333	0.299592391304316	0.239565217391274	86.4401373912185	107.596414606539	0.506875	0.657875	53.16	51.98	5.98	5.92	5154.55	5835.7	2.8	3	1700.36	2145.7	7.3	8.1	351.79	379.09	0.45	0.48	0.077643	0.059422	0.77	0.9	1864.15973431607	2314.52844807955	5.3	7.3	14.2105209755306	18.9937186236833	7.8	13	42.9309006830555	39.5157291486964	30	28	2.LRIG2.ENST00000361127.6.missense.153S/T	NA	NA	0.714285714285714	1	False	False	False	0	False	0
chr1-114911562-114911563-A-T	NA	NA	NA	NA	NA	NA	SYCP1	T504S	0	KSELENEKL	ENST00000369522.8	1	HLA-C*03:03	2	None	0	0	5252.303	7916.803	25.5	28.5	8.682	0	0	0	0.155	NoExpr	False	Pending	No comments	NA	NA	NA	NA	NA	NA	TSEQYYSKEVKDLKS	ENST00000369522.8	2647.605	2317.745	61.67	54.65	1	976	protein_coding	ENSG00000198765	missense	T/S	504	SYCP1	ENST00000369522.8:c.1510A>T	ENSP00000358535.3:p.Thr504Ser	9	8	2	KTELENEKL	SMM	320.339	340.103	1.062	MHCflurry	1.802	1.761	592	0.155	0	0	427	0	8.682	0	5252.303	7916.803	1.507	25.5	28.5	0.0007169885	0.00038483733	0.025303071	0.011924689	0.324485410004854	0.253627497702837	0.212795737411939	0.206142633943123	1.7611684782608	1.8016032608695	1075.02347624262	865.54993458956	4.46675	3.961	8546.53	4441.84	40.89	30.56	38773.48	37364.54	29	26	18378.72	16583.46	28	26	21189.73	19153.85	9.8	8.6	0.006541	0.007023	2.9	2.8	7287.07674792595	6062.766657073	30	25	340.102637574666	320.339136081556	79	78	1207.17435280458	1338.96738976153	92	93	4.SYCP1.ENST00000369522.8.missense.504T/S	NA	NA	-1.47142857142857	-1.47142857142857	False	False	False	0	False	0
chr1-161998166-161998167-G-A	NA	NA	2	NA	1	NA	OLFML2B	P378S	2	SALPQSSTS	ENST00000294794.8	1	HLA-C*03:03	6	None	3	0	993.476	981.883	3.4	2.35	26.457	0	0	33	0.184	NoExpr	False	Pending	No comments	6	15	NA	4	NA	2	ARTAPWSSALPQSSTS	ENST00000294794.8	1123.48	1246.56	12	9.24	1	750	protein_coding	ENSG00000162745	missense	P/S	378	OLFML2B	ENST00000294794.8:c.1132C>T	ENSP00000294794.3:p.Pro378Ser	9	4	6	SALPQPSTS	SMM	5.453	6.377	1.169	NetMHC	0.93	1.9	510	0.184	33	0	410	0	26.457	16.997	993.476	981.883	0.988	3.4	2.35	0.00018033448	0.00013076443	0.0026594307	0.0014197042	0.0045570619404315	0.0041052922606468	0.208518830515203	0.0888370929420116	1.78388586956515	3.18451086956512	344.208368163846	956.19147170759	2.153625	4.1855	6.1	6.73	1.59	1.74	2661.99	1030.76	1.9	0.93	11417.23	6792.19	21	15	9781.66	7999.16	4.3	3.6	0.010184	0.005071	2.3	3.2	1619.55802714288	1765.99013402768	4.2	4.8	6.37690577631742	5.45267986053109	2.4	2	13.7331448249674	14.2157572894379	7.5	7.8	8.OLFML2B.ENST00000294794.8.missense.378P/S	NA	NA	-0.628571428571429	-0.257142857142857	False	False	False	0	False	0
chr1-34987820-34987821-A-C	NA	1	NA	NA	NA	3	ZMYM6	H1087Q	1	RLFELRQEI	ENST00000357182.9	1	HLA-C*06:02	7	None	4	1	867.982	1376.4	0.705	0.95	42.905	0.486	20.852	35	0.288	Poor	False	Pending	No comments	13	NA	11	2	15	15	WISRGRMLKRLFELRQEI	ENST00000357182.9	103.15	57.4	5.9	4.85	1	1325	protein_coding	ENSG00000163867	missense	H/Q	1087	ZMYM6	ENST00000357182.9:c.3261T>G	ENSP00000349708.4:p.His1087Gln	9	3	7	RLFELRHEI	MHCflurry	96.331	89.105	0.925	MHCflurry	0.075	0.072	832	0.288	35	0.486	673	0.001	42.905	2.757	867.982	1376.4	1.586	0.705	0.95	0.007020622	0.008317771	0.019102799	0.028202679	0.75771414488554	0.767574325203896	0.933615634961914	0.931038535356466	0.0717391304347785	0.0745380434782561	89.1054443468917	96.3310888759464	0.2555	0.29425	3828.69	1065.23	9.81	4.32	1582.15	991.97	0.5	0.36	1170.65	719.41	1.4	0.87	2047.39	2156.25	0.46	0.48	0.142642	0.102421	0.39	0.54	1637.17642763048	1362.11254533707	3.6	2.7	643.887508788565	431.330332333008	6.7	5.1	974.024766920668	743.994971064926	9	7.5	1.ZMYM6.ENST00000357182.9.missense.1087H/Q	0.96266043	0.94063795	-0.557142857142857	-0.557142857142857	False	False	False	0	False	0
chr11-112071679-112071680-C-G	NA	1	2	NA	4	1	PIH1D2	V86L	6	QSTTHPLPL	ENST00000530641.5	2	HLA-C*03:03	7	None	6	1	80.044	91.499	0.755	0.617	13.59	0.333	4.525	6	0.039	Poor	False	Pending	No comments	NA	2	NA	NA	NA	3	IPAPQSTTHPLPLTV	ENST00000530641.5	1822.84	2671.3	48	57	2	273	protein_coding	ENSG00000150773	missense	V/L	86	PIH1D2	ENST00000530641.5:c.256G>C	ENSP00000431147.1:p.Val86Leu	9	3	7	QSTTHPVPL	MHCnuggetsI	3.18	2.76	0.868	NetMHCpan	0.19	0.22	925	0.039	6	0.333	739	0	13.59	1.641	80.044	91.499	1.143	0.755	0.617	0.014431082	0.026473168	0.0875269	0.21969867	0.0175370424985885	0.0570707358419895	0.566356881867422	0.58959886322147	0.683722826086878	0.63521739130428	69.4380293366397	72.6984196549407	0.376875	0.40325	2.76	3.18	0.55	0.71	434.53	892.17	0.52	0.84	511.63	454.22	4.4	4.2	113.56	87.39	0.22	0.19	0.322679	0.318538	0.22	0.22	727.231584685427	645.630535743832	1	0.8	7.32166746102324	14.5415265309191	3	8.1	11.4490644462318	17.9791849507801	5.9	12	57.PIH1D2.ENST00000530641.5.missense.86V/L	NA	NA	-0.0285714285714285	-0.0285714285714285	True	False	False	0	False	0
chr11-1841458-1841459-C-T	NA	NA	NA	NA	NA	NA	TNNI2	R153W	0	QVKKEDTEKEW	ENST00000381911.6	2	HLA-B*57:01	11	None	0	0	2595.933	26495.533	2.25	48.5	1.224	0	0	4	0.228	NoExpr	False	Pending	No comments	NA	NA	NA	NA	4	NA	LRANLKQVKKEDTEKEW	ENST00000381911.6	746.94	746.68	26	26	2	182	protein_coding	ENSG00000130598	missense	R/W	153	TNNI2	ENST00000381911.6:c.457C>T	ENSP00000371336.1:p.Arg153Trp	11	1	11	QVKKEDTEKER	MHCflurry	50.882	16456.846	323.433	MHCflurry	0.138	13.764	861	0.228	4	0	705	0	1.224	0	2595.933	26495.533	10.207	2.25	48.5	0.0021880178	0.6363149	0.060468893	0.37427512	0.005454983562231	0.066606443375349	0.0061375983336064	0.677572873872201	37.3590489130435	0.476902173913004	16456.8462206202	50.8817333136893	13.764	0.13775	5791.05	5696.23	8.04	3.5	41458.34	6983.79	100	6.3	36534.22	2134.13	73	1.6	44134.83	3900.56	95	2.4	0.000212	0.651408	37	0.34	50000	1637.17642763048	50	2.1	11178.9239071174	3057.73609569008	62	32	5795.2209682538	1807.46543154096	47	22	50.TNNI2.ENST00000381911.6.missense.153R/W	NA	NA	-2.78571428571429	-2.11428571428571	True	False	False	0	False	0
chr11-4653354-4653355-A-T	NA	NA	3	NA	1	3	OR51E1	I277F	1	RRDSPLPVFL	ENST00000396952.6	NA	HLA-C*06:02	9	None	7	0	881.091	1415.12	0.451	0.637	0.936	0	0	0	0.206	NoExpr	False	Pending	No comments	14	12	11	11	15	15	PVFLANIYLLVPPVL	ENST00000396952.6	108.555	99.28	6.5	9.79	NA	318	protein_coding	ENSG00000180785	missense	I/F	277	OR51E1	ENST00000396952.6:c.829A>T	ENSP00000380155.5:p.Ile277Phe	10	2	9	RRDSPLPVIL	MHCflurry	154.296	159.79	1.036	NetMHCpanEL	0.2	0.32	620	0.206	0	0	454	0.004	0.936	0.936	881.091	1415.12	1.606	0.451	0.637	0.022891862	0.037335474	0.010511805	0.006723231	0.241703160107136	0.488136529922485	0.56231904204677	0.760691817969098	0.691114130434684	0.341277173912999	159.79021544287	154.296448756602	0.583125	0.560875	5517.82	2015.3	12.58	6.41	24778.1	23411.61	14	13	832.55	674.19	0.93	0.75	1997.69	1034.95	0.44	0.25	0.176454	0.261315	0.32	0.2	792.984124177032	727.231584685427	0.3	0.2	NA	NA	NA	NA	NA	NA	NA	NA	51.OR51E1.ENST00000396952.6.missense.277I/F	0.9886086	0.99293447	1.51428571428571	1.51428571428571	False	False	False	0	False	0
chr12-47791293-47791294-G-A	NA	NA	NA	5	3	NA	HDAC7	R650W	6	KLAGLLAQW	ENST00000080059.12	1	HLA-B*57:01	9	None	8	3	63.934	22742.385	0.125	23	74.014	0.227	16.801	22	0.138	Subclonal	False	Pending	No comments	13	NA	2	9	15	14	NGKLAGLLAQWMFV	ENST00000080059.12	174.05	47.14	28.5	6.8	1	991	protein_coding	ENSG00000061273	missense	R/W	650	HDAC7	ENST00000080059.12:c.1948C>T	ENSP00000080059.7:p.Arg650Trp	9	1	9	KLAGLLAQR	MHCflurry	38.742	15890.85	410.173	MHCflurry	0.017	3.807	441	0.138	22	0.227	419	0	74.014	8.746	63.934	22742.385	355.716	0.125	23	0.007099011	0.9720391	0.058460426	0.06759568	0.706940736621618	0.784354820847511	0.071013623905421	0.971993250272368	3.80744565217384	0.0165760869565616	15890.8497625048	38.7417799877312	13.017125	0.04525	5552.72	605.19	2.16	0.0699999999999999	22292.51	75.93	29	0.27	23192.26	42.71	23	0.13	28237.85	54.75	30	0.12	0.003006	0.953338	12	0.06	15208.3922035136	211.831310085057	41	0.4	26170.9808701584	57.7856496290568	23	0.3	27900.3723965021	70.0825668568381	24	0.3	60.HDAC7.ENST00000080059.12.missense.650R/W	0.9878746	0.97679484	0.914285714285714	1.58571428571429	False	False	False	0	False	0
chr13-102743074-102743075-C-T	NA	1	NA	NA	NA	NA	CCDC168	R2541H	1	YLRKDHHLGK	ENST00000322527.4	3	HLA-A*03:02	6	None	1	0	1876.46	2517.98	1.189	1.623	0.165	0	0	0	0.19	NoExpr	False	Pending	No comments	8	2	4	5	15	14	ENFMANTYLRKDHHL	ENST00000322527.4	290.16	192.67	29	22.5	3	7081	protein_coding	ENSG00000175820	missense	R/H	2541	CCDC168	ENST00000322527.4:c.7622G>A	ENSP00000320232.3:p.Arg2541His	10	5	6	YLRKDRHLGK	MHCflurry	173.525	312.339	1.8	MHCflurry	0.815	1.179	727	0.19	0	0	645	0	0.165	0.165	1876.46	2517.98	1.342	1.189	1.623	0.1382982	0.09730977	0.41610476	0.3214995	0.0277238525450229	0.021480742841959	0.239115655245519	0.352357199029516	1.62260869565208	1.18883152173902	312.338737137802	173.524988108917	1.179375	0.815	5545.56	5597.47	3.84	10.97	NA	NA	NA	NA	2517.98	1876.46	3.3	2.7	776.29	445.91	1.4	0.89	0.142271	0.26609	1.6	0.91	3567.97106119069	3343.70152488211	5	4.7	NA	NA	NA	NA	NA	NA	NA	NA	67.CCDC168.ENST00000322527.4.missense.2541R/H	NA	NA	-2.04285714285714	-1.52857142857143	False	False	False	0	False	0
chr14-103732735-103732736-G-A	NA	4	NA	3	2	2	ZFYVE21	V215M	2	QAMAWLVAM	ENST00000311141.7	1	HLA-C*03:03	3	None	11	7	25.181	31.965	0.393	0.495	40.1	0.308	12.351	227	0.146	Subclonal	False	Pending	No comments	14	12	15	13	15	15	QAMAWLVAMHKAAKL	ENST00000311141.7	14.91	14.53	6.35	6.2	1	234	protein_coding	ENSG00000100711	missense	V/M	215	ZFYVE21	ENST00000311141.7:c.643G>A	ENSP00000310543.2:p.Val215Met	9	7	3	QAVAWLVAM	MHCnuggetsI	3.47	3.8	1.095	NetMHCpan	0.05	0.1	445	0.146	227	0.308	465	0	40.1	26.392	25.181	31.965	1.269	0.393	0.495	0.16363288	0.19711217	0.044311233	0.05023109	0.381971329450607	0.43613376095891	0.856833731368148	0.882891989068625	0.189836956521717	0.148016304347834	54.6390852156386	52.476060681828	0.258	0.235	3.8	3.47	0.92	0.81	45.17	64.31	0.13	0.16	30.21	19.7	0.73	0.55	33.72	16.32	0.1	0.05	0.264591	0.321305	0.26	0.22	776.008632837805	585.724422103472	1	0.7	6.20311739020006	30.6626721860978	2.3	22	3.75638415535741	12.2678935810469	1.1	6.3	69.ZFYVE21.ENST00000311141.7.missense.215V/M	NA	NA	2.07142857142857	2.07142857142857	True	False	False	0	False	0
chr14-105383491-105383492-C-T	NA	NA	NA	NA	2	NA	PACS2	R587C	4	YMCFLVIPL	ENST00000447393.6	1	HLA-C*03:03	3	None	2	1	196.462	610.43	2.054	2.775	33.948	0.667	22.643	18	0.342	Pass	False	Pending	No comments	15	15	14	13	15	15	YMCFLVIPLGSHPV	ENST00000447393.6	74.15	69.88	18	10.7	1	904	protein_coding	ENSG00000179364	missense	R/C	587	PACS2	ENST00000447393.6:c.1759C>T	ENSP00000393559.2:p.Arg587Cys	9	7	3	YMRFLVIPL	MHCnuggetsI	1.29	11.83	9.171	MHCnuggetsI	0.01	2.72	363	0.342	18	0.667	430	0	33.948	4.496	196.462	610.43	3.107	2.054	2.775	0.004992075	0.0054419474	0.03227287	0.03792546	0.0274843610823154	0.0025197118520736	0.165800899558114	0.294406135321608	2.08619565217384	1.38434782608688	500.13494751476	212.824714810726	2.8305	1.40775	11.83	1.29	2.72	0.01	1404.98	330.78	1.3	0.43	302.73	180.1	3.4	2.7	380.62	668.37	0.48	0.65	0.009848	0.002973	2.4	4.1	7131.08155905495	3000.80519647765	29	11	840.639901076971	51.3582243380385	89	35	720.725685683342	63.7925554804359	88	41	72.PACS2.ENST00000447393.6.missense.587R/C	NA	NA	2.85714285714286	2.85714285714286	False	False	False	1	False	0
chr15-41846766-41846767-C-T	NA	1	1	NA	3	NA	JMJD7-PLA2G4B	L858F	4	LPFLQPTRDV	ENST00000382448.8	2	HLA-B*55:01	3	None	5	0	614.75	1257.38	0.527	1.2	5.608	0.4	2.243	10	0.076	Poor	False	Pending	No comments	3	8	3	NA	14	14	DVGYLINTSCLPFLQ	ENST00000382448.8	153.73	182.62	18.8	25.5	2	1012	protein_coding	ENSG00000168970	missense	L/F	858	JMJD7-PLA2G4B	ENST00000382448.8:c.2572C>T	ENSP00000371886.4:p.Leu858Phe	10	8	3	LPLLQPTRDV	MHCflurry	113.858	237.341	2.085	NetMHCcons	0.16	0.52	554	0.076	10	0.4	523	0	5.608	0	614.75	1257.38	2.045	0.527	1.2	0.0032300043	0.0409399	0.0019549853	0.012392955	0.0635572038590908	0.187944080680609	0.317772792546761	0.596180513468531	1.30339673913036	0.623288043478183	237.340846476781	113.857777640851	0.930625	0.526625	1257.38	1677.85	2.64	3.16	NA	NA	NA	NA	1510.54	614.75	0.52	0.16	5482.22	2062.06	0.82	0.34	0.09021	0.245306	1.2	0.44	893.209148776166	567.017447389529	1.5	0.9	NA	NA	NA	NA	NA	NA	NA	NA	76.JMJD7-PLA2G4B.ENST00000382448.8.missense.858L/F	NA	NA	-0.828571428571429	0.428571428571429	False	False	False	0	False	0
chr16-15837971-15837972-G-A	NA	NA	NA	NA	1	NA	MYH11	T94M	4	MCLNEASVL	ENST00000396324.7	1	HLA-C*03:03	1	None	1	1	255.91	968.376	2.254	4.148	2.109	0	0	0	0.19	NoExpr	False	Pending	No comments	14	14	10	14	15	15	ELMCLNEASVLHNLRERY	ENST00000396324.7	172.7	309.7	16.55	20.3	1	1979	protein_coding	ENSG00000133392	missense	T/M	94	MYH11	ENST00000396324.7:c.281C>T	ENSP00000379616.3:p.Thr94Met	9	9	1	TCLNEASVL	MHCnuggetsI	11.61	22.16	1.909	NetMHC	0.34	0.86	737	0.19	0	0	585	0	2.109	0	255.91	968.376	3.784	2.254	4.148	0.00050029485	0.0018638223	0.0074291257	0.010975415	0.0085865259170532	0.0088078305125236	0.0855953789913496	0.235653485201997	3.26619565217382	1.63717391304338	1013.54202099598	297.339910161225	4.33625	1.907625	22.16	11.61	3.96	2.69	923.21	214.48	0.86	0.34	1017.05	416.56	5.9	4	4548.58	924.85	2.3	0.81	0.02029	0.039485	1.7	1.2	2054.82032600981	1222.42801093886	6.1	2.6	12.4626385644192	25.5628928717095	6.4	19	24.3652010879983	25.4548182220125	18	18	80.MYH11.ENST00000396324.7.missense.94T/M	NA	NA	0.828571428571429	0.828571428571429	False	False	False	1	False	0
chr16-74951464-74951465-C-T	NA	NA	NA	2	NA	1	WDR59	V107I	4	HTRIISDLDW	ENST00000616369.4	1	HLA-B*57:01	4	None	3	1	145.436	146.119	0.136	0.144	91.253	0.54	49.277	50	0.245	Pass	False	Pending	No comments	NA	NA	NA	NA	15	15	VGTTLQGHTRIISDL	ENST00000616369.4	66.57	83.63	7.6	9.2	1	571	protein_coding	ENSG00000103091	missense	V/I	107	WDR59	ENST00000616369.4:c.319G>A	ENSP00000482446.1:p.Val107Ile	10	7	4	HTRVISDLDW	NetMHCpan	17.69	17.62	0.996	NetMHCpan	0.04	0.04	611	0.245	50	0.54	489	0	91.253	9.048	145.436	146.119	1.005	0.136	0.144	0.9896388	0.98023504	0.7130534	0.80681604	0.352736081928015	0.409078530967236	0.862267810588359	0.881164816322107	0.180706521739125	0.151440217391325	46.8952147569356	48.3708640603671	0.10825	0.120125	1467.72	1536.4	0.2	0.21	15.49	18.87	0.04	0.05	63.74	61.04	0.06	0.05	17.62	17.69	0.04	0.04	0.949912	0.952081	0.06	0.06	228.498283614918	241.20027143288	0.2	0.2	289.341014585518	229.831737349047	0.5	0.4	376.478344413801	362.026198533866	0.8	0.7	87.WDR59.ENST00000616369.4.missense.107V/I	0.9603622	0.9751264	0.585714285714286	0.585714285714286	False	False	False	0	False	0
chr16-89694696-89694697-C-T	NA	2	NA	NA	2	NA	CDK10	A234V	5	ILAELLVHR	ENST00000353379.12	1	HLA-A*03:02	7	None	4	1	471.752	631.809	0.65	0.84	60.772	0.397	24.126	58	0.229	Pass	False	Pending	No comments	13	1	3	2	15	15	LAELLVHRPLLPGTS	ENST00000353379.12	56.87	67	11.9	15.5	1	360	protein_coding	ENSG00000185324	missense	A/V	234	CDK10	ENST00000353379.12:c.701C>T	ENSP00000338673.7:p.Ala234Val	9	3	7	ILAELLAHR	MHCflurry	62.833	61.791	0.983	MHCflurry	0.041	0.115	558	0.229	58	0.397	453	0	60.772	0	471.752	631.809	1.339	0.65	0.84	0.3561376	0.72261894	0.40199628	0.48597193	0.54494770616293	0.772106468677521	0.904337871119973	0.954080413481637	0.114918478260876	0.0411684782608858	61.7912365995133	62.8330984201101	0.253875	0.264125	5331.72	4399.95	1.66	0.71	NA	NA	NA	NA	922.39	666.04	1.6	1.3	406.32	297.62	0.84	0.65	0.415905	0.576173	0.54	0.28	631.809457573781	471.752198162359	1.8	1.2	NA	NA	NA	NA	NA	NA	NA	NA	89.CDK10.ENST00000353379.12.missense.234A/V	NA	NA	0.342857142857143	2.62857142857143	False	False	False	0	False	0
chr17-63813314-63813315-G-A	NA	2	NA	NA	NA	1	DDX42	R588H	4	HTHRIGHTGR	ENST00000578681.5	1	HLA-A*03:02	7	None	3	0	1553.53	3363.17	2.4	3.5	156.948	0.469	73.609	64	0.208	Poor	False	Pending	No comments	NA	NA	NA	NA	14	10	HTHRIGHTGRAGE	ENST00000578681.5	319.1	285.44	29	19.93	1	938	protein_coding	ENSG00000198231	missense	R/H	588	DDX42	ENST00000578681.5:c.1763G>A	ENSP00000464050.1:p.Arg588His	10	4	7	HTHRIGRTGR	MHCflurry	835.091	1479.829	1.772	PickPocket	1.2	2.1	919	0.208	64	0.469	745	0	156.948	3.64	1553.53	3363.17	2.165	2.4	3.5	0.0009613787	0.0017549961	0.19202027	0.21141315	0.0466835051774978	0.0860763937234878	0.0690430266382979	0.129390856553979	3.89864130434776	2.45013586956512	1479.82908004423	835.091477787112	2.570375	1.954375	5674.96	5683.34	92.44	94.8	NA	NA	NA	NA	3363.17	1553.53	3.8	2.4	3541.55	2130.25	3.5	2.6	0.074761	0.123289	2.4	1.7	1691.18996491218	1235.72622310726	2.1	1.2	NA	NA	NA	NA	NA	NA	NA	NA	133.DDX42.ENST00000578681.5.missense.588R/H	NA	NA	-1.31428571428571	-1.12857142857143	False	False	False	0	False	0
chr17-7673799-7673800-C-A	NA	NA	NA	NA	1	1	TP53	V274F	17	GRNSFEVRF	ENST00000269305.9	1	HLA-C*06:02	9	None	2	0	1421.454	1106.015	3.35	1.6	69.246	0.528	36.562	72	0.229	Poor	False	Pending	No comments	4	NA	4	NA	14	11	GNLLGRNSFEVRFCA	ENST00000269305.9	371.86	392.58	32.835	32	1	393	protein_coding	ENSG00000141510	missense	V/F	274	TP53	ENST00000269305.9:c.820G>T	ENSP00000269305.4:p.Val274Phe	9	1	9	GRNSFEVRV	MHCflurry	122.225	107.906	0.883	MHCflurry	0.047	0.036	997	0.229	72	0.528	810	0	69.246	28.865	1421.454	1106.015	0.778	3.35	1.6	0.9361563	0.69238484	0.13365224	0.026891947	0.947415538132191	0.929210513830185	0.958066703067574	0.949950183147817	0.0355978260869562	0.0465217391304406	107.90580322651	122.224919377934	0.35725	0.41775	3814.98	501.68	9.78	2.7	5574.81	11500.79	2	4.2	2216.49	4478.16	2.3	4.3	1041.38	2032.75	0.25	0.45	0.364431	0.40141	0.12	0.1	1170.65092555888	2607.06100147072	2.1	7	75.8245776624844	321.965991034574	1.2	4	201.173142486592	810.158513281335	2.8	7.9	93.TP53.ENST00000269305.9.missense.274V/F	0.98464715	0.983901	-0.357142857142857	-0.357142857142857	False	False	False	0	False	0
chr17-7674943-7674944-C-G	NA	1	2	NA	2	NA	TP53	R196P	19	IPVEGNLRV	ENST00000269305.9	1	HLA-B*55:01	2	None	5	1	482.07	22566.84	0.46	22	69.246	0.309	21.397	68	0.204	Pass	False	Pending	No comments	NA	NA	NA	NA	11	14	QHLIPVEGNLRVEYL	ENST00000269305.9	283.57	119.205	17	3.5	1	393	protein_coding	ENSG00000141510	missense	R/P	196	TP53	ENST00000269305.9:c.587G>C	ENSP00000269305.4:p.Arg196Pro	9	8	2	IRVEGNLRV	MHCflurry	64.362	16439.161	255.417	MHCflurry	0.075	9.718	554	0.204	68	0.309	467	0	69.246	28.865	482.07	22566.84	46.812	0.46	22	0.00025919246	0.040585827	0.0003996347	0.004249939	0.32162081822753	0.657288160175085	0.0185696014434343	0.931135263873184	12.8054619565217	0.0745380434782561	16439.1609242797	64.3620758634472	9.718	0.203875	22566.84	482.07	26.06	1.39	NA	NA	NA	NA	24396.61	2485.02	22	0.82	35572.32	2862.22	25	0.46	0.001724	0.465068	14	0.17	11112.5358162574	359.94793166265	36	1.4	NA	NA	NA	NA	NA	NA	NA	NA	111.TP53.ENST00000269305.9.missense.196R/P	NA	NA	0.0428571428571429	0.5	False	False	False	0	False	0
chr19-10680381-10680382-C-A	NA	NA	NA	NA	NA	NA	ILF3	A299D	0	DTDAIGHLDR	ENST00000449870.5	1	HLA-A*01:01	1	None	0	0	4988.435	4889.901	2.45	1.691	142.676	0.222	31.674	171	0.102	Poor	False	Pending	No comments	NA	NA	NA	NA	9	NA	EDTDAIGHLDRQQRE	ENST00000449870.5	590.67	582.71	42	41	1	898	protein_coding	ENSG00000129351	missense	A/D	299	ILF3	ENST00000449870.5:c.896C>A	ENSP00000404121.1:p.Ala299Asp	10	10	1	ATDAIGHLDR	PickPocket	1235.726	652.654	0.528	MHCnuggetsI	0.22	0.13	550	0.102	171	0.222	440	0.002	142.676	10.785	4988.435	4889.901	0.98	2.45	1.691	0.14018694	0.14484693	0.05335244	0.037039436	0.29070245474577	0.139792829751968	0.179078757301487	0.064583509256065	1.98277173913036	4.10201086956516	1185.37569026174	2236.10305989129	0.938249999999999	1.329375	2933.54	4670.47	0.13	0.22	10192.54	11760.01	4.2	4.8	5965.16	8617.62	2	3	5110.24	7420.02	1.4	1.9	0.135719	0.06899	0.74	1.3	652.654042870543	1235.72622310726	0.2	0.4	5009.56481513399	5306.40019194776	4.5	4.7	4770.23747606789	4431.39027222503	4.3	3.9	137.ILF3.ENST00000449870.5.missense.299A/D	0.6150629	0.5663058	-0.214285714285714	0.328571428571428	False	False	False	0	False	0
chr19-35831314-35831315-C-T	NA	NA	NA	NA	NA	NA	NPHS1	R1123Q	0	EQDTQSSTV	ENST00000378910.10	1	HLA-C*06:02	2	None	0	0	7543.057	1019.492	12	1.445	0.414	0	0	0	0.157	NoExpr	False	Pending	No comments	NA	13	NA	NA	NA	1	QDTQSSTVSTTEAEPY	ENST00000378910.10	1477.61	1454.98	9.02	10.27	1	1241	protein_coding	ENSG00000161270	missense	R/Q	1123	NPHS1	ENST00000378910.10:c.3368G>A	ENSP00000368190.4:p.Arg1123Gln	9	8	2	ERDTQSSTV	SMM	941.478	22.223	0.024	NetMHC	6.4	0.33	337	0.157	0	0	440	0	0.414	0.414	7543.057	1019.492	0.135	12	1.445	6.854801e-05	1.6385191e-05	0.0024633536	0.0006879183	0.0025291815400123	0.0059289932250976	0.0758841000815688	0.0173468681899597	3.5994836956521	13.5008967391304	1134.55322018423	5591.07428914025	3.079	9.349	10307.71	9495.04	20.21	18.89	904.43	16395.41	0.33	6.4	1904.94	15967.2	2.1	17	7791.33	26361.75	2.1	16	0.064779	0.001888	0.79	6.6	371.823292618383	3529.57450109899	0.4	12	22.2233742494934	941.477618268438	0.4	8.8	38.9556091667197	1323.03093821726	0.7	12	143.NPHS1.ENST00000378910.10.missense.1123R/Q	0.96950805	0.9844688	-0.828571428571429	-0.828571428571429	True	False	False	0	False	0
chr19-50860020-50860021-C-T	NA	NA	NA	4	2	NA	KLK3	T227M	3	MSWGSEPCAL	ENST00000326003.7	1	HLA-C*03:03	1	None	5	2	156.174	883.748	0.849	1.546	0	0	0	0	0.253	NoExpr	False	Pending	No comments	11	8	3	8	14	9	NGVLQGIMSWGSE	ENST00000326003.7	307.73	742.33	35.5	29	1	261	protein_coding	ENSG00000142515	missense	T/M	227	KLK3	ENST00000326003.7:c.680C>T	ENSP00000314151.1:p.Thr227Met	10	10	1	TSWGSEPCAL	MHCnuggetsI	54.6	94.62	1.733	PickPocket	0.3	0.9	474	0.253	0	0	540	0	0	0	156.174	883.748	5.659	0.849	1.546	0.02929056	0.07009324	0.04533958	0.037734844	0.033288724720478	0.0991712622344493	0.320106527418725	0.60895226553196	1.29679347826078	0.598206521739087	210.226272474283	77.9985108482475	1.393	0.4485	94.62	54.6	7.54	6.05	15551.17	7439.8	6.6	3.6	169.69	57.51	2.1	1.2	1557.27	234.35	1.2	0.33	0.020807	0.044335	1.7	1.1	2077.17373775978	1235.72622310726	0.9	0.3	NA	NA	NA	NA	NA	NA	NA	NA	144.KLK3.ENST00000326003.7.missense.227T/M	NA	NA	0.257142857142857	0.257142857142857	False	False	False	1	False	0
chr2-201407551-201407552-A-C	NA	1	NA	1	NA	NA	TRAK2	L46R	2	RLEEQLPQYR	ENST00000332624.8	1	HLA-A*03:02	1	None	2	0	1258.46	3379.35	0.91	3.4	80.125	0.25	20.031	72	0.045	Poor	False	Pending	No comments	NA	NA	NA	NA	15	15	VSRLEEQLPQYRLKV	ENST00000332624.8	217.61	211.87	25.5	20.5	1	914	protein_coding	ENSG00000115993	missense	L/R	46	TRAK2	ENST00000332624.8:c.137T>G	ENSP00000328875.3:p.Leu46Arg	10	10	1	LLEEQLPQYR	MHCflurry	121.905	652.323	5.351	MHCflurry	0.199	1.549	509	0.045	72	0.25	395	0	80.125	56.31	1258.46	3379.35	2.685	0.91	3.4	0.0508759	0.3606749	0.3161736	0.29760224	0.2543970271945	0.588172093033791	0.255233962441254	0.850598348032922	1.54850543478253	0.199375000000003	652.322946490628	121.904589436928	1.730625	0.60525	5676.24	4806.41	92.87	0.91	NA	NA	NA	NA	3108.43	1258.46	3.6	2.1	3379.35	505.61	3.4	0.98	0.073388	0.469848	2.4	0.42	4778.52115918281	2077.17373775978	6.6	2.7	NA	NA	NA	NA	NA	NA	NA	NA	10.TRAK2.ENST00000332624.8.missense.46L/R	NA	NA	-2.01428571428571	-1.14285714285714	False	False	False	0	False	0
chr20-33379675-33379676-T-A	NA	1	NA	1	NA	NA	CDK5RAP1	T298S	3	SLLGQNVNSFR	ENST00000346416.7	1	HLA-A*03:02	1	None	2	1	488.01	983.3	0.89	1.5	33.659	0	0	67	0.043	NoExpr	False	Pending	No comments	13	3	1	1	15	15	LKEVSLLGQNVNSFR	ENST00000346416.7	241	222.25	32	28.005	1	587	protein_coding	ENSG00000101391	missense	T/S	298	CDK5RAP1	ENST00000346416.7:c.892A>T	ENSP00000217372.2:p.Thr298Ser	11	11	1	TLLGQNVNSFR	NetMHCcons	198.84	230.76	1.161	NetMHCcons	0.41	0.5	418	0.043	67	0	372	0.008	33.659	6.418	488.01	983.3	2.015	0.89	1.5	0.09358492	0.19026566	0.29405832	0.24242802	0.479417439550161	0.435752235352993	0.4564650432032	0.608178180702269	0.917282608695516	0.599945652173858	588.413382013224	266.672878564282	1.64275	1.0735	4625.85	3719.38	0.81	0.51	NA	NA	NA	NA	230.76	198.84	0.5	0.41	983.3	488.01	1.6	0.95	0.148745	0.271158	1.5	0.89	1765.99013402768	1290.38154414547	2.3	1.3	NA	NA	NA	NA	NA	NA	NA	NA	147.CDK5RAP1.ENST00000346416.7.missense.298T/S	NA	NA	-1.25714285714286	0.514285714285714	False	False	False	0	False	0
chr22-45406502-45406503-AT-A	NA	NA	NA	NA	NA	NA	SMC1B	FS191	0	FNFNKKKI	ENST00000404354.3	1	HLA-C*06:02	8	None	0	0	4451.111	24514.156	3.9	30	0.074	0	0	0	0.274	NoExpr	False	Pending	No comments	NA	NA	NA	NA	NA	NA	KAEEDAQFNFNKKKI	ENST00000404354.3	2889.57	5015.47	69	77	1	1161	protein_coding	ENSG00000077935	FS	N/X	191	SMC1B	ENST00000404354.3:c.572del	ENSP00000385902.3:p.Asn191IlefsTer2	8	1	8	FNFNKKKN	MHCnuggetsI	723.12	847.02	1.171	NetMHCcons	1.4	29	642	0.274	0	0	699	0.007	0.074	0.074	4451.111	24514.156	5.507	3.9	30	0.00081113895	0.044192813	0.05742719	0.20406519	0.0054008029401302	0.0691972859203815	0.004259577729097	0.0529921561686533	62.7446739130435	4.88741847826084	24011.2728441608	2146.67463730611	54.762125	4.852625	847.02	723.12	3.75	3.4	32669.37	10372.77	24	3.8	25017.04	1369.5	29	1.4	39108.02	13078.59	48	4	4.5e-05	0.014225	31	2.4	10081.4370738872	6755.54752439606	13	6.7	NA	NA	NA	NA	NA	NA	NA	NA	151.SMC1B.ENST00000404354.3.FS.191AT/A	NA	NA	-1.62857142857143	-1.62857142857143	False	False	False	0	False	0
chr3-49660720-49660721-G-A	NA	NA	NA	NA	1	NA	BSN	R2959H	1	KLHKKQAEL	ENST00000296452.5	1	HLA-C*03:03	3	None	1	0	1553.47	3560.592	8.2	15.135	1.768	1	1.768	1	0.299	Poor	False	Pending	No comments	NA	NA	NA	NA	12	13	LRLVEHESTKLHKKQ	ENST00000296452.5	168	72.09	21.5	11.15	1	3926	protein_coding	ENSG00000164061	missense	R/H	2959	BSN	ENST00000296452.5:c.8876G>A	ENSP00000296452.4:p.Arg2959His	9	7	3	KLRKKQAEL	SMM	56.573	1501.793	26.546	NetMHC	0.35	2.3	461	0.299	1	1	556	0	1.768	1.768	1553.47	3560.592	2.292	8.2	15.135	8.1092854e-05	0.00030749573	0.002164302	0.0044578216	0.0198477320373058	0.0210773982107639	0.0293820768323848	0.126739339932491	8.26921195652172	2.48913043478252	3375.9245629189	675.349639978402	8.10075	3.42725	3049.13	2431.59	26.33	24.09	3745.26	240.81	2.3	0.35	12860.25	6719.1	22	15	16784.19	10134.59	7.3	4.4	0.005504	0.018911	3.1	1.7	6682.84800356916	3066.44897989438	27	12	1501.79273819887	56.573102976596	94	38	1342.05402837348	158.041084060027	93	65	13.BSN.ENST00000296452.5.missense.2959R/H	NA	NA	-1.77142857142857	-1.77142857142857	False	False	False	0	False	0
chr3-5213462-5213463-G-A	NA	NA	NA	NA	NA	NA	EDEM1	G609R	0	DQGRKSVHR	ENST00000256497.9	1	HLA-A*03:02	4	None	0	0	8119.757	6755.548	20	22	32.829	0.206	6.763	34	0.169	Poor	False	Pending	No comments	NA	NA	NA	NA	15	1	RKSVHRPKPHELKVI	ENST00000256497.9	1123.84	1415.62	32.705	30	1	657	protein_coding	ENSG00000134109	missense	G/R	609	EDEM1	ENST00000256497.9:c.1825G>A	ENSP00000256497.4:p.Gly609Arg	9	6	4	DQGGKSVHR	MHCnuggetsI	5655.92	5657.01	1	MHCflurry	5.418	4.178	667	0.169	34	0.206	576	0	32.829	16.678	8119.757	6755.548	0.832	20	22	0.0015174969	0.000713245	0.056132734	0.072099626	0.0345620550215244	0.0052611418068408	0.026514756078964	0.0151780830013843	9.15535326086956	15.1609510869565	3970.98541899651	6414.15239680057	4.17825	5.417625	5657.01	5655.92	81.05	79.98	NA	NA	NA	NA	34041.68	31566.83	41	35	25120.38	23179.21	22	20	0.011046	0.008009	5.9	6.7	6755.54752439606	8119.75721135566	24	28	NA	NA	NA	NA	NA	NA	NA	NA	12.EDEM1.ENST00000256497.9.missense.609G/R	NA	NA	-1.87142857142857	-1.72857142857143	False	False	False	0	False	0
chr3-62231261-62231262-C-T	NA	1	4	1	NA	NA	PTPRG	R776C	1	FPRCFREVPS	ENST00000474889.6	1	HLA-B*55:01	4	None	6	4	146.73	179.57	0.49	0.492	48.463	0.286	13.86	7	0.083	Subclonal	False	Pending	No comments	NA	NA	NA	NA	15	9	NKIKSKGFPRCFREV	ENST00000474889.6	142.27	52.87	20.5	4.45	1	1445	protein_coding	ENSG00000144724	missense	R/C	776	PTPRG	ENST00000474889.6:c.2326C>T	ENSP00000418112.1:p.Arg776Cys	10	7	4	FPRRFREVPS	MHCflurry	80.493	106.872	1.328	NetMHCpan	0.03	0.04	1054	0.083	7	0.286	882	0	48.463	20.03	146.73	179.57	1.224	0.49	0.492	0.011687285	0.0033923704	0.021271134	0.0061276588	0.200901485979557	0.0864471681416034	0.621737124657043	0.590810177686881	0.574103260869506	0.633342391304282	106.871660386199	80.4927070189416	0.4915	0.327875	82.94	136.77	0.29	0.49	NA	NA	NA	NA	829.43	782.14	0.3	0.25	179.57	146.73	0.04	0.03	0.142669	0.109349	0.77	0.98	525.658428682249	560.91551463325	0.9	0.9	NA	NA	NA	NA	NA	NA	NA	NA	14.PTPRG.ENST00000474889.6.missense.776R/C	NA	NA	-0.128571428571429	-0.128571428571429	False	False	False	1	False	0
chr4-125446353-125446354-A-T	NA	3	NA	NA	2	NA	FAT4	T717S	3	TGQIISSAL	ENST00000335110.5	1	HLA-C*03:03	6	None	5	0	808.269	743.864	2.511	4.635	3.993	0	0	0	0.071	NoExpr	False	Pending	No comments	14	13	NA	13	11	15	QFTINPSTGQIISSA	ENST00000335110.5	184.555	127.23	3	3	1	3222	protein_coding	ENSG00000196159	missense	T/S	717	FAT4	ENST00000335110.5:c.2149A>T	ENSP00000335169.5:p.Thr717Ser	9	4	6	TGQIITSAL	SMM	12.292	28.485	2.317	NetMHCpanEL	0.9	0.86	551	0.071	0	0	575	0	3.993	0.277	808.269	743.864	0.92	2.511	4.635	0.0022296025	0.0013337698	0.024372002	0.018911004	0.0791261605918407	0.0385629907250404	0.346153868759954	0.224401563693105	1.21097826086944	1.6929347826086	220.168537421984	353.778570632855	1.46775	2.192875	39.87	12.55	5.27	2.83	8613.8	2482.6	4	1.8	1915.27	1262.76	7.7	6.4	1267.56	1307.05	0.97	0.99	0.064968	0.059457	0.86	0.9	3932.89229682844	2523.79620595976	16	8.1	28.4845917897369	12.291644752923	21	6.3	68.8287686382808	63.7925554804359	43	41	18.FAT4.ENST00000335110.5.missense.717T/S	NA	NA	1.35714285714286	1.35714285714286	False	False	False	0	False	0
chr4-173529176-173529177-T-G	NA	NA	NA	4	3	NA	HAND2	E38A	1	HAENPYFHGW	ENST00000359562.4	1	HLA-B*57:01	2	None	6	1	391.716	7056.95	0.34	8.2	0.424	0	0	1	0.032	NoExpr	False	Pending	No comments	15	4	9	7	1	1	AENPYFHGWLIGHPEM	ENST00000359562.4	837.21	836.29	10.4	10.4	1	217	protein_coding	ENSG00000164107	missense	E/A	38	HAND2	ENST00000359562.4:c.113A>C	ENSP00000352565.4:p.Glu38Ala	10	9	2	HEENPYFHGW	MHCflurry	54.661	584.689	10.697	MHCflurry	0.067	0.481	561	0.032	1	0	498	0	0.424	0.277	391.716	7056.95	18.015	0.34	8.2	0.2680188	0.6151656	0.24795334	0.587176	0.733327828347683	0.634831599891186	0.674794940222345	0.936046023620704	0.480815217391282	0.0670652173913168	584.689454910469	54.6609507733009	1.6415	0.170375	5956.9	4780.49	22.89	0.77	8157	77.41	7.4	0.27	16763.86	394.62	15	0.41	10428.7	71.27	6	0.14	0.114607	0.928629	1.8	0.08	9865.62273093003	828.057266653624	18	0.7	3157.98454307642	597.599189787013	12	1.4	2758.92566981952	388.812304215521	9	0.8	21.HAND2.ENST00000359562.4.missense.38E/A	0.8646819	0.8872291	-1.15714285714286	-1.15714285714286	False	False	False	0	False	1
chr4-52028823-52028824-T-A	1	1	NA	3	3	4	SGCB	Q176L	1	MQFFDPRTL	ENST00000381431.10	1	HLA-C*03:03	9	None	8	1	73.446	6472.203	0.522	13.271	108.195	0.04	4.328	453	0.04	Subclonal	False	Pending	No comments	12	4	12	8	13	15	IGMQFFDPRTLNILF	ENST00000381431.10	259.5	501.39	34.755	40.01	1	318	protein_coding	ENSG00000163069	missense	Q/L	176	SGCB	ENST00000381431.10:c.527A>T	ENSP00000370839.6:p.Gln176Leu	9	1	9	MQFFDPRTQ	MHCnuggetsI	2.15	219.53	102.107	MHCflurry	0.082	4.33	1222	0.04	453	0.04	650	0	108.195	93.93	73.446	6472.203	88.122	0.522	13.271	0.00063085894	0.10652339	0.0035452035	0.012507504	0.486047070473432	0.668538823723793	0.0609080203655495	0.926365455190461	4.32959239130432	0.0822282608695559	8417.52956519274	72.2214522479496	13.5415	0.40325	219.53	2.15	10.33	0.3	24495.81	612.43	13	0.64	29745.37	203.96	44	2.8	24437.04	74.67	13	0.17	0.00026	0.385978	11	0.17	4526.87667639995	846.171342146649	18	1.3	62.1741705260964	31.089232446596	40	23	79.573782037724	47.290074696404	47	33	15.SGCB.ENST00000381431.10.missense.176Q/L	NA	NA	-0.128571428571429	-0.128571428571429	False	False	False	0	False	0
chr4-78477967-78477968-G-A	1	NA	NA	NA	NA	NA	FRAS1	D2669N	2	NTEDEPTLEF	ENST00000512123.4	5	HLA-A*01:01	1	None	1	0	781.295	1252.889	0.557	0.942	0.675	0	0	0	0.181	NoExpr	False	Pending	No comments	13	3	NA	1	10	14	LLGEFTQAKVIINNT	ENST00000512123.4	590.69	614.75	45	46	5	4012	protein_coding	ENSG00000138759	missense	D/N	2669	FRAS1	ENST00000512123.4:c.8005G>A	ENSP00000422834.2:p.Asp2669Asn	10	10	1	DTEDEPTLEF	MHCflurry	76.591	134.07	1.75	MHCnuggetsI	0.04	0.07	592	0.181	0	0	665	0	0.675	0.225	781.295	1252.889	1.604	0.557	0.942	0.30109861	0.44561285	0.006979545	0.014132041	0.028157003223896	0.0553941056132316	0.417144960698223	0.575836371064739	1.01404891304334	0.663532608695576	134.070299307908	76.5914142105174	0.190375	0.097	773.2	494.43	0.0699999999999999	0.04	2211.87	954.26	1.4	0.76	1525.99	608.33	0.87	0.45	1032.13	364.35	0.35	0.17	0.593757	0.763363	0.14	0.08	5154.49714516903	3099.80741799732	4.4	1.9	1158.24384231738	985.825391709996	1.2	1	1347.53483217366	1170.95444624387	1.3	1.2	16.FRAS1.ENST00000512123.4.missense.2669D/N	0.4514043	0.44908178	-0.885714285714286	-0.885714285714286	False	False	False	0	True	0
chr5-171311588-171311589-C-T	NA	NA	1	1	3	NA	TLX3	S289F	1	SKVPAVTFL	ENST00000296921.6	1	HLA-C*03:03	8	None	4	0	697.78	228.25	3.367	1.917	0	0	0	0	0.093	NoExpr	False	Pending	No comments	NA	NA	NA	NA	NA	3	WEEDSSKVPAVTFLV	ENST00000296921.6	1138.3	2034.28	56	80	1	291	protein_coding	ENSG00000164438	missense	S/F	289	TLX3	ENST00000296921.6:c.866C>T	ENSP00000296921.5:p.Ser289Phe	9	8	8	SKVPAVTSL	MHCnuggetsI	3.8	6.49	1.708	NetMHC	0.84	0.35	514	0.093	0	0	376	0	0	0	697.78	228.25	0.327	3.367	1.917	0.009906592	0.0027901626	0.009971657	0.01356304	0.657368246465921	0.388365350663662	0.725734322247778	0.139235393351734	0.395624999999995	2.33451086956514	345.190276431463	2301.74505410967	2.153625	6.639875	6.49	3.8	1.68	0.92	235.3	894.88	0.35	0.84	221.2	500.68	2.9	4.4	1130.95	3162.48	0.91	1.8	0.153911	0.032829	0.44	1.3	2781.92241107235	3848.70047370434	9.2	15	18.5613688034249	14.9833871074926	13	8.5	25.9280586254249	31.3162679252479	19	23	24.TLX3.ENST00000296921.6.missense.289S/F	NA	NA	2.07142857142857	2.07142857142857	False	False	False	0	False	0
chr5-36048955-36048956-C-T	NA	NA	3	NA	8	2	UGT3A2	R259Q	2	FAFDFAQPL	ENST00000282507.8	1	HLA-C*03:03	7	None	10	2	1.945	1.905	0.014	0.01	0	0	0	0	0.216	NoExpr	False	Pending	No comments	8	10	11	8	6	15	WFINSDFAFDFAQPLL	ENST00000282507.8	348.35	494.28	6.33	8.035	1	523	protein_coding	ENSG00000168671	missense	R/Q	259	UGT3A2	ENST00000282507.8:c.776G>A	ENSP00000282507.3:p.Arg259Gln	9	3	7	FAFDFARPL	MHCnuggetsI	1.37	1.4	1.022	MHCflurry	0.002	0.004	945	0.216	0	0	755	0	0	0	1.945	1.905	0.979	0.014	0.01	0.9840581	0.9363076	0.5954937	0.45843843	0.814761601388454	0.608772553503513	0.984547605050369	0.970403845771834	0.0037228260869568	0.018722826087	23.1557472361718	21.6688611385242	0.005625	0.002	1.4	1.37	0.02	0.02	2.25	2.02	0.01	0.01	1.96	1.87	0.01	0.01	1.85	1.66	0.01	0.01	0.96839	0.976313	0.01	0.01	60.3822972317625	58.4537962766071	0.1	0.1	1.19291637465525	1.75230620976275	0.2	0.3	1.7289005004001	2.43652010879983	0.3	0.5	22.UGT3A2.ENST00000282507.8.missense.259R/Q	NA	NA	0.371428571428571	0.714285714285714	False	False	False	0	False	0
chr6-83601423-83601424-G-T	NA	NA	NA	1	6	NA	SNAP91	L389I	7	LAAISSVPS	ENST00000520302.5	1	HLA-C*03:03	4	None	7	0	1117.465	1811.12	4.75	4.8	0	0	0	0	0.18	NoExpr	False	Pending	No comments	13	15	NA	13	3	13	SLAAISSVPSEAQIS	ENST00000520302.5	367.18	472.78	1.7	3.315	1	877	protein_coding	ENSG00000065609	missense	L/I	389	SNAP91	ENST00000520302.5:c.1165C>A	ENSP00000428511.1:p.Leu389Ile	9	6	4	LAALSSVPS	MHCnuggetsI	2.56	2.9	1.133	MHCnuggetsI	0.48	0.6	690	0.18	0	0	744	0	0	0	1117.465	1811.12	1.621	4.75	4.8	0.00362511	0.0028831628	0.007868758	0.013428832	0.0040871500968933	0.0060225054621696	0.0273035549480387	0.0291982829027145	8.83929347826086	8.26921195652172	3445.24712318813	3231.5636808839	8.189375	7.922375	2.9	2.56	0.6	0.48	2338.82	958.43	1.7	0.88	1283.42	1276.5	6.5	6.4	2439.23	3041.24	1.6	1.8	0.000743	0.000601	7	7.6	2873.70327679293	2693.07285958329	9.6	8.8	2.87481564725082	3.842465705013	0.7	1.2	7.40917751360854	7.51224943999188	3.1	3.1	29.SNAP91.ENST00000520302.5.missense.389L/I	NA	NA	0.928571428571429	2.07142857142857	False	False	False	0	False	0
chr7-144050848-144050849-G-T	NA	NA	NA	1	6	1	OR2A5	A150S	1	TSWSCGSLL	ENST00000641693.1	NA	HLA-C*03:03	4	None	6	3	164.66	175.354	2.1	1.47	1.793	0	0	0	0.025	NoExpr	False	Pending	No comments	15	15	NA	9	11	14	VCTVLAVTSWSCGSLLA	ENST00000641693.1	532.96	532.43	17.65	14.1	NA	311	protein_coding	ENSG00000221836	missense	A/S	150	OR2A5	ENST00000641693.1:c.448G>T	ENSP00000493295.1:p.Ala150Ser	9	6	4	TSWACGSLL	MHCnuggetsI	10.34	5.93	0.574	NetMHCpan	0.31	0.32	594	0.025	0	0	501	0	1.793	0.814	164.66	175.354	1.065	2.1	1.47	0.00064098975	0.0005837792	0.017847296	0.01436721	0.0018252544105052	0.0009971149265766	0.389158198767983	0.410698356633629	1.08627717391288	1.02915760869551	137.308493947682	124.810083014618	0.881625	0.785875	5.93	10.34	1.54	2.47	2983.97	4131.8	2	2.4	367.82	388.27	3.7	3.8	213.4	204.51	0.32	0.31	0.049714	0.072121	0.99	0.8	883.596918697149	1028.11044838492	1.4	1.8	44.3210458551307	57.3601132344243	31	38	72.9071295794647	108.086138137636	45	55	44.OR2A5.ENST00000641693.1.missense.150A/S	NA	NA	1.02857142857143	1.02857142857143	False	False	False	1	False	0
chr7-47800709-47800710-C-T	2	NA	NA	2	2	NA	PKD1L1	R2711Q	6	KSDQQAMACY	ENST00000289672.7	1	HLA-A*01:01	5	None	4	1	150.772	162.762	0.085	0.111	2.136	0	0	0	0.062	NoExpr	False	Pending	No comments	8	2	7	1	5	13	DCLLGLSKSDQQAMA	ENST00000289672.7	469.59	288.47	29	22	1	2849	protein_coding	ENSG00000158683	missense	R/Q	2711	PKD1L1	ENST00000289672.7:c.8132G>A	ENSP00000289672.2:p.Arg2711Gln	10	6	5	KSDQRAMACY	NetMHCcons	23.94	31.04	1.297	NetMHCpanEL	0.03	0.05	923	0.062	0	0	790	0.001	2.136	0	150.772	162.762	1.08	0.085	0.111	0.8209328	0.88358825	0.15170512	0.1619377	0.551861867308617	0.6480045132339	0.900682488760033	0.945695035485619	0.121195652173924	0.0538586956521953	66.1365291060148	47.9520847105019	0.076625	0.035625	5482.64	5466.97	94.65	90.34	46.86	51.09	0.1	0.11	31.04	23.94	0.08	0.06	76.18	52.2	0.06	0.04	0.836313	0.919411	0.05	0.03	1332.9536643312	1209.27290688257	0.4	0.3	249.344618809783	249.344618809783	0.2	0.2	352.80928005803	360.196924229723	0.3	0.3	32.PKD1L1.ENST00000289672.7.missense.2711R/Q	0.32140815	0.30271488	-0.0428571428571429	-0.0428571428571429	False	False	False	1	False	0
chr7-55156613-55156614-C-T	NA	NA	NA	2	3	NA	EGFR	T363I	6	ISISGDLHI	ENST00000275493.7	1	HLA-C*03:03	1	None	3	2	187.489	496.223	2.39	3.9	1160.344	0.935	1084.922	4391	0.868	Pass	False	Pending	No comments	15	1	NA	3	15	15	INATNIKHFKNCISI	ENST00000275493.7	65.98	150.02	15.43	21.075	1	1210	protein_coding	ENSG00000146648	missense	T/I	363	EGFR	ENST00000275493.7:c.1088C>T	ENSP00000275493.2:p.Thr363Ile	9	9	1	TSISGDLHI	MHCnuggetsI	4.61	10.54	2.286	NetMHCpan	0.33	0.7	5568	0.868	4391	0.935	674	0	1160.344	855.01	187.489	496.223	2.647	2.39	3.9	0.0019152848	0.010737647	0.04330283	0.11409528	0.301871541887522	0.354742344468832	0.507233246385123	0.68577321338133	0.806521739130304	0.461385869565177	249.935872925363	139.787732953938	1.636375	0.903125	10.54	4.61	2.5	1.18	15845.01	16372.72	6.7	6.9	792.98	335.5	5.3	3.6	742.51	235.19	0.7	0.33	0.045365	0.088048	1.1	0.71	2192.64171894287	1550.96012730843	6.8	3.9	35.7775007915266	48.1515198825209	26	33	104.176556988483	71.2475606981012	55	44	38.EGFR.ENST00000275493.7.missense.363T/I	NA	NA	0.7	1.04285714285714	False	False	False	0	False	0
chr8-51409305-51409306-G-C	NA	1	1	NA	1	NA	PXDNL	S773C	1	LPVGCRQPL	ENST00000356297.5	1	HLA-B*55:01	5	None	2	0	585.1	611.631	0.34	0.15	3.164	0	0	3	0.092	NoExpr	False	Pending	No comments	NA	3	NA	NA	7	10	GIRAPRGLGLPVGCR	ENST00000356297.5	898.6	1156.44	59.5	57	1	1463	protein_coding	ENSG00000147485	missense	S/C	773	PXDNL	ENST00000356297.5:c.2318C>G	ENSP00000348645.4:p.Ser773Cys	9	5	5	LPVGSRQPL	MHCnuggetsI	41.39	74.34	1.796	MHCflurry	0.107	0.069	381	0.092	3	0	337	0	3.164	3.164	585.1	611.631	1.045	0.34	0.15	0.0064644525	0.002632068	0.00025017152	0.0003746028	0.566842924803495	0.170292418450117	0.929203370739589	0.746898598065777	0.0778260869565201	0.362445652173875	47.7367428845007	52.3350266832865	0.06925	0.10725	74.34	41.39	0.25	0.11	NA	NA	NA	NA	1323.31	1416.2	0.41	0.44	767.72	585.1	0.15	0.11	0.560923	0.300779	0.14	0.34	611.630610489998	618.284248621816	2.5	2.6	NA	NA	NA	NA	NA	NA	NA	NA	45.PXDNL.ENST00000356297.5.missense.773S/C	NA	NA	0.0714285714285715	0.0714285714285715	False	False	False	1	False	0
chrX-118572383-118572384-G-A	NA	NA	NA	NA	NA	NA	DOCK11	R366H	0	HFLVNCHDL	ENST00000276202.9	1	HLA-C*03:03	1	None	0	0	3986.378	6200.353	9.195	13.08	11.909	0.095	1.131	126	0.036	Poor	False	Pending	No comments	10	NA	8	6	8	15	NKHFLVNCHDLTFNI	ENST00000276202.9	267.255	199.66	26.53	21.35	1	2073	protein_coding	ENSG00000147251	missense	R/H	366	DOCK11	ENST00000276202.9:c.1097G>A	ENSP00000276202.7:p.Arg366His	9	9	1	RFLVNCHDL	SMM	19.125	14.309	0.748	NetMHC	4.7	3.9	952	0.036	126	0.095	810	0	11.909	10.409	3986.378	6200.353	1.555	9.195	13.08	7.256602e-05	0.000112360554	0.00903363	0.009548837	0.158891104161739	0.0873582549393177	0.0159108263293756	0.0349408368849783	15.1609510869565	7.14706521739129	10684.5211585973	3590.45976278113	15.991875	8.321875	76.56	164.47	6.93	9.29	8338.06	10552.54	3.9	4.7	10357.86	8711.37	19	17	20350.94	17390.54	9.3	7.6	0.000229	0.000359	11	9.1	4062.64582926055	4382.29645347799	16	18	14.3090236011446	19.1253767914471	7.9	13	59.5346767609474	38.8839163345662	39	28	167.DOCK11.ENST00000276202.9.missense.366R/H	NA	NA	0.585714285714286	0.585714285714286	False	False	False	1	False	0
chrX-121047819-121047820-G-A	NA	NA	2	1	7	NA	GLUD2	A46T	1	AASQPGLTL	ENST00000328078.3	NA	HLA-C*03:03	8	None	9	3	6.939	5.298	0.15	0.11	0.193	0	0	1	0.098	NoExpr	False	Pending	No comments	6	3	2	NA	15	15	PGLTLAARRHYSELV	ENST00000328078.3	16.35	16.89	1.135	1.005	NA	558	protein_coding	ENSG00000182890	missense	A/T	46	GLUD2	ENST00000328078.3:c.136G>A	ENSP00000327589.1:p.Ala46Thr	9	2	8	AASQPGLAL	SMM	2.855	2.55	0.893	MHCflurry	0.004	0.003	696	0.098	1	0	610	0.002	0.193	0.193	6.939	5.298	0.763	0.15	0.11	0.9669153	0.89664894	0.21299256	0.16343705	0.818086333572865	0.654653031378984	0.985161280673188	0.973936257028601	0.0031249999999971	0.0153804347826422	22.4657647665396	22.3853435479961	0.004125	0.004125	2.91	2.9	0.61	0.6	3.47	4.04	0.02	0.02	8.52	9.19	0.23	0.27	6.11	8.27	0.02	0.03	0.970251	0.9757	0.01	0.01	293.061826679596	367.821932979062	0.2	0.3	2.55040998495937	2.8550255555364	0.5	0.7	4.48507799729482	5.60750926734865	1.4	2.1	170.GLUD2.ENST00000328078.3.missense.46A/T	NA	NA	0.0857142857142855	0.157142857142857	False	False	False	0	False	0
chrX-123404753-123404754-G-T	NA	NA	NA	NA	NA	NA	GRIA3	G447V	0	YKKNHEQLEV	ENST00000620443.2	1	HLA-C*06:02	10	None	0	0	3434.54	22447.899	1.9	27.5	67.592	0.845	57.115	97	0.202	Poor	False	Pending	No comments	12	NA	12	11	3	7	PYVMYKKNHEQLEVN	ENST00000620443.2	388.13	584.9	20.73	22.525	1	894	protein_coding	ENSG00000125675	missense	G/V	447	GRIA3	ENST00000620443.2:c.1340G>T	ENSP00000478489.1:p.Gly447Val	10	1	10	YKKNHEQLEG	MHCnuggetsI	45.52	8113.81	178.247	MHCnuggetsI	0.48	16.69	1150	0.202	97	0.845	869	0	67.592	13.359	3434.54	22447.899	6.536	1.9	27.5	0.002289883	0.0649135	0.031283844	0.17826495	0.0065692849457263	0.0841620713472366	0.0046141685059556	0.0156167164339736	62.7446739130435	15.1609510869565	22200.017270576	8298.81912120263	45.96575	12.767375	8113.81	45.52	16.69	0.48	33867.53	9269.15	26	3.3	22695.78	1437.83	25	1.5	33527.36	4146.71	29	0.95	3e-05	0.015504	35	2.2	6682.84800356916	2722.36951668803	6.9	1.6	NA	NA	NA	NA	NA	NA	NA	NA	171.GRIA3.ENST00000620443.2.missense.447G/V	0.9720943	0.9723271	-1.31428571428571	-1.31428571428571	False	False	False	0	False	0
chrX-124705098-124705099-AG-A	NA	NA	3	NA	1	2	TENM1	FS310	2	RPAFTFNKL	ENST00000422452.2	1	HLA-B*55:01	9	None	5	0	893.209	1805.83	0.174	0.31	13.277	0	0	19	0.194	NoExpr	False	Pending	No comments	8	11	NA	6	13	15	SRPAFTFNKLTGAAT	ENST00000422452.2	494.965	1427.38	34	53	1	2732	protein_coding	ENSG00000009694	FS	P/X	310	TENM1	ENST00000422452.2:c.929del	ENSP00000403954.2:p.Pro310LeufsTer12	9	1	9	RPAFTFNKP	MHCnuggetsI	53.81	2245.82	41.736	MHCflurry	0.014	0.09	806	0.194	19	0	635	0	13.277	10.992	893.209	1805.83	2.022	0.174	0.31	0.32237786	0.1411834	0.04573484	0.0040406785	0.650124955922365	0.932155333459377	0.920071671083437	0.974090067272609	0.0904347826086962	0.0141576086956831	74.0039324546395	61.1265062005547	0.277375	0.174	2245.82	53.81	3.82	0.17	NA	NA	NA	NA	7910.08	1537.63	3.5	0.48	1805.83	1617.12	0.31	0.29	0.422535	0.525358	0.22	0.15	356.074368186113	893.209148776166	1.4	3.9	NA	NA	NA	NA	NA	NA	NA	NA	175.TENM1.ENST00000422452.2.FS.310AG/A	NA	NA	0.442857142857143	0.442857142857143	False	False	False	0	False	0
chrX-139616410-139616411-C-A	NA	NA	NA	NA	NA	NA	MCF2	Q354H	0	HSKEDAQKAL	ENST00000338585.6	1	HLA-C*03:03	1	None	0	0	4000.438	5336.79	3.65	7.35	0.532	0	0	1	0.213	NoExpr	False	Pending	No comments	NA	NA	NA	NA	6	14	GECLLANQEIDKFHS	ENST00000338585.6	964.015	1022.045	49	47	1	941	protein_coding	ENSG00000101977	missense	Q/H	354	MCF2	ENST00000338585.6:c.1062G>T	ENSP00000342204.6:p.Gln354His	10	10	1	QSKEDAQKAL	MHCflurry	280.782	2187.786	7.792	NetMHCpanEL	1.2	2.6	1251	0.213	1	0	957	0	0.532	0.224	4000.438	5336.79	1.334	3.65	7.35	0.00012528662	0.00023003887	0.00224198	0.0031303533	0.0298012159764766	0.0422225560178048	0.0456085621044559	0.268395680922518	5.55494565217388	1.48627717391297	2187.7857601268	280.782099680362	6.495125	1.822	1145.49	3324.65	18.3	27.21	38613.56	31522.11	29	18	4062.65	1709.59	12	6.6	16189.86	6201.29	7	2.9	0.008404	0.037042	2.6	1.2	6610.93083536569	4676.22687348547	7.7	4.4	NA	NA	NA	NA	NA	NA	NA	NA	176.MCF2.ENST00000338585.6.missense.354Q/H	NA	NA	-1	-1	False	False	False	0	False	0
chrX-31774141-31774142-T-C	NA	2	2	NA	2	NA	DMD	T2454A	5	EAAISKLEM	ENST00000357033.9	1	HLA-C*03:03	2	None	6	1	150.939	3092.698	2.166	9.027	102.077	0	0	63	0.092	NoExpr	False	Pending	No comments	9	13	NA	1	15	15	VTLVTQPVVTKEAAI	ENST00000357033.9	204.83	245.27	26	27	1	3685	protein_coding	ENSG00000198947	missense	T/A	2454	DMD	ENST00000357033.9:c.7360A>G	ENSP00000354923.3:p.Thr2454Ala	9	8	2	ETAISKLEM	SMMPMBEC	7.443	24.818	3.334	NetMHC	0.24	3.9	965	0.092	63	0	905	0	102.077	14.28	150.939	3092.698	20.49	2.166	9.027	0.0012714077	0.008302302	0.055726625	0.07515366	0.60650846362114	0.512699790298939	0.369334089553243	0.742083517664955	1.14211956521724	0.369809782608684	1354.89574889448	186.967682865661	5.05375	1.231	530.97	19.71	14.01	3.72	8309.69	114.91	3.9	0.24	4830.5	258.77	13	3.2	4934.57	779.55	2.4	0.73	0.03141	0.19593	1.3	0.35	4883.05317225511	2169.04570370701	20	6.7	35.2054581152399	9.65183746796306	25	4.4	24.8181839964419	7.44337672314676	18	3.1	152.DMD.ENST00000357033.9.missense.2454T/A	NA	NA	0.542857142857143	0.542857142857143	True	False	False	0	False	0
chrX-38805096-38805097-G-A	NA	NA	NA	NA	NA	NA	MID1IP1	D51N	0	LADPGLDNN	ENST00000336949.7	1	HLA-C*03:03	9	None	0	0	4677.286	8357.39	28	35.5	30.743	0	0	65	0.247	NoExpr	False	Pending	No comments	NA	NA	NA	NA	NA	NA	PGLDNNVGVEVGGSG	ENST00000336949.7	2833.815	5183.185	66.45	73.83	1	183	protein_coding	ENSG00000165175	missense	D/N	51	MID1IP1	ENST00000336949.7:c.151G>A	ENSP00000338706.6:p.Asp51Asn	9	1	9	LADPGLDND	SMMPMBEC	243.652	334.018	1.371	MHCflurry	6.479	13.177	639	0.247	65	0	485	0.002	30.743	8.661	4677.286	8357.39	1.787	28	35.5	0.00015424755	0.00017057057	0.005350484	0.0063702785	0.03036405518651	0.0323453769087791	0.0133276329562558	0.0381957784060239	17.305597826087	6.47915760869564	8050.41284212395	2671.72306675573	13.176625	7.173125	2008.16	885.84	22.46	16.72	21231.73	18628.38	9.2	7.9	33324.12	30068.96	51	44	40653.02	37899.16	39	32	5e-06	1e-05	36	29	8664.36747969986	6682.84800356916	35	27	708.940847341732	708.940847341732	87	87	334.018099004769	243.652010879983	79	74	157.MID1IP1.ENST00000336949.7.missense.51D/N	NA	NA	-1.74285714285714	0.0571428571428571	False	False	False	0	False	0
chrX-67546257-67546258-T-A	NA	NA	2	NA	2	NA	AR	L371Q	3	QAGPPPPPP	ENST00000374690.9	1	HLA-C*03:03	1	None	4	1	315.053	154.484	4.85	2.8	4.401	0	0	2	0.214	NoExpr	False	Pending	No comments	3	8	15	NA	NA	7	YQSRDYYNFPLAQAGPPP	ENST00000374690.9	694.06	866.2	17.5	25.5	1	920	protein_coding	ENSG00000169083	missense	L/Q	371	AR	ENST00000374690.9:c.1112T>A	ENSP00000363822.3:p.Leu371Gln	9	9	1	LAGPPPPPP	SMM	4.272	3.977	0.931	NetMHC	0.46	0.3	697	0.214	2	0	526	0	4.401	2.652	315.053	154.484	0.49	4.85	2.8	0.033994295	0.0075520426	0.0075210626	0.006506044	0.159110963344574	0.133939981460571	0.522397040568461	0.349612814741526	0.774945652173784	1.19866847826076	139.588516509679	264.635790946408	0.892875	1.7365	34.18	56.08	4.9	6.12	169.38	365.47	0.3	0.46	11233.42	25982.58	20	37	15919.76	28513.24	6.9	17	0.005308	0.001671	3.2	5.1	1550.96012730843	2365.15966010755	3.9	7.5	3.97749827527823	4.27179103525439	1.2	1.3	6.36458366742346	9.9487839561241	2.4	4.6	161.AR.ENST00000374690.9.missense.371L/Q	NA	NA	-1.42857142857143	-0.942857142857143	True	False	True	0	False	0
