ID	A.31.01	A.33.01	B.14.02	B.40.01	C.03.04	C.08.02	Gene	AA.Change	Num.Passing.Transcripts	Best.Peptide.class1	Best.Transcript.class1	TSL	Allele	Pos	Prob.Pos	Num.Passing.Peptides	IC50.MT.class1	IC50.WT.class1	percentile.MT.class1	percentile.WT.class1	RNA.Expr	RNA.VAF	Allele.Expr	RNA.Depth	DNA.VAF	Tier	Ref.Match	Evaluation	Comments	DPA1.01.03	DPA1.01.03.DPB1.06.01	DPA1.01.03.DPB1.13.01	DPA1.02.01	DPA1.02.01.DPB1.06.01	DPA1.02.01.DPB1.13.01	DPA1.03.01	DPA1.03.01.DPB1.06.01	DPA1.03.01.DPB1.13.01	DPB1.06.01	DPB1.13.01	DQA1.01.01	DQA1.01.01.DQB1.03.02	DQA1.01.01.DQB1.05.01	DQA1.03.01	DQA1.03.01.DQB1.03.02	DQA1.03.01.DQB1.05.01	DQB1.03.02	DQB1.05.01	DRB1.01.02	DRB1.04.04	DRB4.01.03	Best.Peptide.class2	Best.Transcript.class2	IC50.MT.class2	IC50.WT.class2	percentile.MT.class2	percentile.WT.class2	Transcript.Support.Level	Transcript.Length	Biotype	Ensembl.Gene.ID	Variant.Type	Mutation	Protein.Position	Gene.Name	HGVSc	HGVSp	Peptide.Length	Sub.peptide.Position	Mutation.Position	WT.Epitope.Seq	Best.MT.IC50.Score.Method	Best.MT.IC50.Score	Corresponding.WT.IC50.Score	Corresponding.Fold.Change	Best.MT.Percentile.Method	Best.MT.Percentile	Corresponding.WT.Percentile	Tumor.DNA.Depth	Tumor.DNA.VAF	Tumor.RNA.Depth	Tumor.RNA.VAF	Normal.Depth	Normal.VAF	Gene.Expression	Transcript.Expression	Median.MT.IC50.Score	Median.WT.IC50.Score	Median.Fold.Change	Median.MT.Percentile	Median.WT.Percentile	MHCflurryEL.Processing.WT.Score	MHCflurryEL.Processing.MT.Score	MHCflurryEL.Presentation.WT.Score	MHCflurryEL.Presentation.MT.Score	MHCflurryEL.Presentation.WT.Percentile	MHCflurryEL.Presentation.MT.Percentile	MHCflurry.WT.IC50.Score	MHCflurry.MT.IC50.Score	MHCflurry.WT.Percentile	MHCflurry.MT.Percentile	MHCnuggetsI.WT.IC50.Score	MHCnuggetsI.MT.IC50.Score	MHCnuggetsI.WT.Percentile	MHCnuggetsI.MT.Percentile	NetMHC.WT.IC50.Score	NetMHC.MT.IC50.Score	NetMHC.WT.Percentile	NetMHC.MT.Percentile	NetMHCcons.WT.IC50.Score	NetMHCcons.MT.IC50.Score	NetMHCcons.WT.Percentile	NetMHCcons.MT.Percentile	NetMHCpan.WT.IC50.Score	NetMHCpan.MT.IC50.Score	NetMHCpan.WT.Percentile	NetMHCpan.MT.Percentile	NetMHCpanEL.WT.Score	NetMHCpanEL.MT.Score	NetMHCpanEL.WT.Percentile	NetMHCpanEL.MT.Percentile	PickPocket.WT.IC50.Score	PickPocket.MT.IC50.Score	PickPocket.WT.Percentile	PickPocket.MT.Percentile	Index	SMM.WT.IC50.Score	SMM.MT.IC50.Score	SMM.WT.Percentile	SMM.MT.Percentile	SMMPMBEC.WT.IC50.Score	SMMPMBEC.MT.IC50.Score	SMMPMBEC.WT.Percentile	SMMPMBEC.MT.Percentile	Problematic.Positions	cterm_7mer_gravy_score	max_7mer_gravy_score	difficult_n_terminal_residue	c_terminal_cysteine	c_terminal_proline	cysteine_count	n_terminal_asparagine	asparagine_proline_bond_count
chr1-169730602-169730603-C-T	NA	NA	NA	2	NA	NA	SELE	A182T	4	TTLESPEHGSL	ENST00000333360.12	1	HLA-C*03:04	2	None	2	3033.45	1347.454	2.4	0.64	12.996	0.14	1.819	387	0.178	Poor	False	Pending	No comments	NA	NA	NA	1	NA	NA	7	NA	NA	1	1	19	NA	NA	3	NA	NA	8	NA	5	42	16	TTLESPEHGSLV	ENST00000333360.12	2657.84	2502.57	14.16	13.29	1	610	protein_coding	ENSG00000007908	missense	A/T	182	SELE	ENST00000333360.12:c.544G>A	ENSP00000331736.7:p.Ala182Thr	11	10	2	TALESPEHGSL	MHCflurry	279.759	64.114	0.229	MHCflurry	1.212	0.277	704	0.178	387	0.14	180	0	12.996	4.705	3033.45	1347.454	0.444	2.4	0.64	0.11266587022692	0.133623588364571	0.663978170161939	0.337189693691671	0.500163043478224	1.23980978260856	64.1136184743073	279.759052277935	0.27675	1.211625	10230.3	22983.38	24.25	44.5	NA	NA	NA	NA	52.9	347.81	0.64	2.4	2447.29	9726.78	1.6	4.2	0.072506	0.007466	0.8	2.7	1347.4542324467	3033.44952712265	0.4	2.1	1.SELE.ENST00000333360.12.missense.182A/T	NA	NA	NA	NA	NA	NA	NA	NA	None	-0.928571428571429	-0.928571428571429	False	False	False	0	False	0
chr1-206557649-206557663-AAGACTACCTTTTTC-A	NA	NA	NA	1	NA	NA	RASSF5	FS26-30	1	AEQTSFKE	ENST00000577571.5	1	HLA-B*40:01	1-8	None	1	13719.71	NA	11.354	NA	29.456	0.003	0.088	610	0.091	Poor	False	Review	No comments	9	NA	NA	6	NA	NA	3	NA	NA	6	6	12	NA	NA	4	NA	NA	NA	NA	1	NA	NA	CSLDEELEDCFFTAKK	ENST00000577571.5	310.25	5259.33	4.89	32.11	1	265	protein_coding	ENSG00000266094	FS	KTTFF/X	26-30	RASSF5	ENST00000577571.5:c.80_93del	ENSP00000462576.1:p.Thr27LysfsTer13	8	11	1-8	NA	PickPocket	2693.073	NA	NA	PickPocket	4.5	NA	1006	0.091	610	0.003	325	0	29.456	5.833	13719.71	NA	NA	11.354	NA	NA	0.0463055847212672	NA	0.0042603508983281	NA	62.7446739130435	NA	27863.8569487006	NA	9.70875	NA	18966.79	NA	8.31	NA	16266.6	NA	13	NA	11172.82	NA	5.7	NA	30596.02	NA	19	NA	0.00142	NA	6.4	NA	2693.07285958329	NA	4.5	5.RASSF5.ENST00000577571.5.FS.26-30AAGACTACCTTTTTC/A	NA	8857.27237257775	NA	16	NA	6906.84961373871	NA	14	None	-1.87142857142857	-1.11428571428571	False	False	False	0	False	0
chr1-226223921-226223922-G-A	3	NA	NA	NA	NA	NA	MIXL1	A81T	2	AATPSASQR	ENST00000542034.5	1	HLA-A*31:01	3	None	3	372.405	258.49	2.35	1.72	0.209	0	0	1	0.167	NoExpr	False	Pending	No comments	NA	NA	NA	NA	NA	NA	NA	NA	NA	NA	NA	19	NA	NA	NA	NA	NA	2	NA	NA	NA	4	ASLGSPAPPKGAATPSAS	ENST00000542034.5	418.35	282.86	14.1	11.51	1	240	protein_coding	ENSG00000185155	missense	A/T	81	MIXL1	ENST00000542034.5:c.241G>A	ENSP00000442439.1:p.Ala81Thr	9	7	3	AAAPSASQR	MHCflurry	94.303	58.012	0.615	NetMHCpanEL	0.38	0.17	624	0.167	1	0	224	0	0.209	0.079	372.405	258.49	0.694	2.35	1.72	0.236299676238559	0.0337708744627889	0.771295501107633	0.506782471152391	0.323505434782604	0.806521739130304	58.0124057361167	94.3028267808194	0.248625	0.43875	5056.44	5385.01	1.34	3.4	279.34	360.72	2.1	2.4	286.79	384.09	2.5	2.7	181.46	423.17	1.2	1.9	0.653519	0.484783	0.17	0.38	2607.06100147072	3343.70152488211	5.9	7.5	7.MIXL1.ENST00000542034.5.missense.81A/T	192.96120387083	182.167123215482	2.3	2.3	237.640249678705	226.944676583447	2.7	2.6	None	-1.44285714285714	0.214285714285714	False	False	False	0	False	0
chr1-230995980-230995981-A-G	3	NA	NA	NA	4	1	ARV1	R224G	6	QAIGVTLNI	ENST00000310256.7	1	HLA-C*03:04	4	None	8	252.31	838.58	0.45	1.31	22.197	0.116	2.575	1038	0.064	Subclonal	False	Accept	No comments	41	34	39	72	44	60	87	80	83	72	72	72	NA	NA	16	NA	3	24	18	89	99	87	IKVFVLTSNFQAIGVTLN	ENST00000310256.7	31.35	47.22	1.22	2.36	1	271	protein_coding	ENSG00000173409	missense	R/G	224	ARV1	ENST00000310256.7:c.670A>G	ENSP00000312458.2:p.Arg224Gly	9	6	4	QAIRVTLNI	MHCflurry	83.334	324.494	3.894	NetMHCpan	0.34	0.75	551	0.064	1038	0.116	165	0	22.197	6.666	252.31	838.58	3.324	0.45	1.31	0.207262400072068	0.300625257194042	0.363689255606878	0.748647059572489	1.15603260869553	0.360951086956504	324.493589671567	83.333962329296	1.309625	0.421375	839.45	252.31	6.06	2.72	NA	NA	NA	NA	632.49	308.42	3.9	2.7	838.58	246.03	0.75	0.34	0.037464	0.152856	1.2	0.45	2365.15966010755	1709.58761513716	7.5	4.6	8.ARV1.ENST00000310256.7.missense.224R/G	NA	NA	NA	NA	NA	NA	NA	NA	None	1.77142857142857	1.77142857142857	True	False	False	0	False	0
chr1-237270595-237270596-G-C	NA	NA	NA	NA	NA	NA	RYR2	E50Q	0	FLQSTSNSK	ENST00000366574.7	1	HLA-A*31:01	3	None	0	5250.77	13240.971	9.073	20	1.105	0.182	0.201	66	0.281	Poor	False	Pending	No comments	31	8	NA	49	1	NA	40	23	25	49	49	40	NA	NA	2	NA	NA	7	11	35	56	37	FLQSTSNSKNVPPDLSI	ENST00000366574.7	72.03	86.19	3.97	4.78	1	4967	protein_coding	ENSG00000198626	missense	E/Q	50	RYR2	ENST00000366574.7:c.148G>C	ENSP00000355533.2:p.Glu50Gln	9	7	3	FLESTSNSK	PickPocket	2635.422	3725.78	1.414	MHCflurry	2.533	4.564	901	0.281	66	0.182	258	0	1.105	1.074	5250.77	13240.971	2.522	9.073	20	0.019487519384711	0.0261660976393613	0.0099030712488781	0.0284915365003206	24.5792391304348	8.54532608695651	10542.6224237425	3569.09943731757	4.563875	2.533375	5587.15	5582.05	9.92	9.6	17175.86	6825.79	28	14	13070.67	6539.79	20	12	16687.31	6174.78	20	8.2	0.003124	0.017453	11	4.9	3725.77996753086	2635.42197653288	8.5	5.9	14.RYR2.ENST00000366574.7.missense.50E/Q	13411.2729041436	4523.45214352822	25	14	13456.1246024944	4919.48906996918	25	15	None	-2	-0.385714285714286	False	False	False	0	False	0
chr10-50009070-50009071-T-C	NA	NA	NA	NA	NA	NA	AGAP6	Y316H	0	GMLTYHSSL	ENST00000412531.7	1	HLA-C*03:04	6	None	0	1867.73	2972.88	3.733	4.314	180.621	0.15	27.093	2389	0.073	Poor	False	Pending	No comments	44	4	4	33	3	4	42	15	22	33	33	35	NA	NA	1	NA	NA	16	10	47	65	49	NGMLTYHSSLGDYMKNIH	ENST00000412531.7	133.09	128	7.01	6.81	1	686	protein_coding	ENSG00000204149	missense	Y/H	316	AGAP6	ENST00000412531.7:c.946T>C	ENSP00000500374.1:p.Tyr316His	9	4	6	GMLTYYSSL	MHCnuggetsI	163.56	49.38	0.302	NetMHCpan	1.4	1.8	3772	0.073	2389	0.15	1639	0	180.621	30.14	1867.73	2972.88	1.592	3.733	4.314	0.0149099170230329	0.0244495331426151	0.0254309161023258	0.0341395560616847	9.49423913043476	7.14706521739129	3863.38634159847	2926.69852113861	4.314125	3.73325	49.38	163.56	0.46	1.9	NA	NA	NA	NA	2115.99	1641.33	7.5	6.6	2972.88	1867.73	1.8	1.4	0.006315	0.024404	2.9	1.5	4106.84141846427	2145.7036159278	17	6.6	212.AGAP6.ENST00000412531.7.missense.316Y/H	NA	NA	NA	NA	NA	NA	NA	NA	None	0.114285714285714	0.114285714285714	False	False	False	0	False	0
chr10-69343941-69343942-C-A	2	1	NA	NA	NA	NA	HK1	T60K	7	KVKMLPTFVR	ENST00000359426.7	1	HLA-A*31:01	1	None	2	31.813	115.571	0.125	0.573	111.174	0.14	15.564	2851	0.077	Subclonal	False	Accept	No comments	24	21	18	40	35	30	23	27	25	40	40	27	NA	NA	4	NA	NA	17	NA	58	54	71	PTAKVKMLPTFVRSI	ENST00000359426.7	75.375	89.75	13.14	14.93	1	917	protein_coding	ENSG00000156515	missense	T/K	60	HK1	ENST00000359426.7:c.179C>A	ENSP00000352398.6:p.Thr60Lys	10	10	1	TVKMLPTFVR	NetMHCcons	10.02	30.38	3.032	MHCnuggetsI	0.03	0.05	562	0.077	2851	0.14	209	0.005	111.174	42.188	31.813	115.571	3.633	0.125	0.573	0.066324762214208	0.0733992442546878	0.546395644082864	0.726631165118106	0.72472826086944	0.395624999999995	90.1443862419507	40.9503439238188	0.42075	0.130375	691.44	623.87	0.05	0.03	71.42	12.77	0.76	0.12	30.38	10.02	0.37	0.08	35.88	10.6	0.25	0.05	0.594574	0.834158	0.24	0.05	1967.78648311005	973.968525934644	1.2	0.4	214.HK1.ENST00000359426.7.missense.60T/K	161.5846120949	32.9913433788864	1.8	0.3	140.997041475354	30.6344438229801	1.6	0.3	None	0.842857142857143	0.928571428571429	False	False	False	0	False	0
chr11-111995031-111995032-A-G	NA	NA	NA	NA	NA	1	DIXDC1	N484S	2	EADEATNYS	ENST00000440460.7	1	HLA-C*08:02	9	None	1	1368.384	5474.29	4.3	8.1	70.069	0.076	5.325	975	0.166	Poor	False	Pending	No comments	1	NA	NA	4	NA	NA	1	NA	NA	4	4	23	NA	NA	3	NA	NA	16	NA	1	NA	NA	NYSSHNSQSNGFLLPTA	ENST00000440460.7	444.91	499.93	14.53	15.37	1	683	protein_coding	ENSG00000150764	missense	N/S	484	DIXDC1	ENST00000440460.7:c.1451A>G	ENSP00000394352.3:p.Asn484Ser	9	1	9	EADEATNYN	SMMPMBEC	194.993	230.685	1.183	PickPocket	1.2	0.8	891	0.166	975	0.076	289	0	70.069	2.38	1368.384	5474.29	4.001	4.3	8.1	0.0184152084111701	0.0139562299882527	0.0146099909813317	0.0452888703716756	16.1575543478261	5.55494565217388	7002.62994770498	2080.81864111769	3.43275	1.6605	3945.95	655.95	80.66	47.02	9585.42	9931.27	1.8	1.9	14485.65	8478.89	14	6.2	30336.92	18872.22	16	5	0.000413	0.004001	12	4.4	316.120050253441	375.868181143635	0.8	1.2	227.DIXDC1.ENST00000440460.7.missense.484N/S	312.723126949923	312.723126949923	4.2	4.2	230.685342079994	194.993439548783	2.9	2.1	None	-1.64285714285714	-1.27142857142857	True	False	False	0	False	0
chr11-36576185-36576186-G-T	NA	NA	NA	1	NA	NA	RAG1	S961I	1	IEGNESGNKL	ENST00000299440.6	1	HLA-B*40:01	1	None	1	170.825	176.416	0.4	0.593	0.934	0.163	0.152	49	0.146	LowExpr	False	Reject	No comments	NA	NA	NA	1	NA	NA	NA	NA	NA	1	1	36	2	NA	31	15	NA	36	NA	12	7	16	IIERDGSIGAWAIEGNES	ENST00000299440.6	20.56	42.32	0.51	2.01	1	1043	protein_coding	ENSG00000166349	missense	S/I	961	RAG1	ENST00000299440.6:c.2882G>T	ENSP00000299440.5:p.Ser961Ile	10	10	1	SEGNESGNKL	MHCflurry	76.453	56.367	0.737	NetMHCpanEL	0.1	0.06	961	0.146	49	0.163	273	0	0.934	0.228	170.825	176.416	1.033	0.4	0.593	0.0171956600388512	0.0285546975210309	0.614998727655995	0.552927280981411	0.586820652173856	0.7105706521738	56.3668615811258	76.4525835911407	0.1525	0.2475	364.88	251.88	0.83	0.68	152.4	156.25	0.28	0.28	242.51	294.65	0.81	0.84	116.64	185.4	0.19	0.27	0.914389	0.816844	0.06	0.1	674.186330339194	784.45046119223	1.2	1.4	220.RAG1.ENST00000299440.6.missense.961S/I	165.970155159939	88.3140903523949	0.6	0.3	186.861572820885	117.630515429167	0.6	0.5	None	-1.68571428571429	-1.08571428571429	False	False	False	0	False	0
chr11-62560400-62560401-G-A	NA	NA	NA	2	2	3	EEF1G	S304F	1	NEDTLFVAL	ENST00000329251.5	1	HLA-B*40:01	6	None	4	34.619	45.56	0.137	0.205	778.04	0.217	168.835	10121	0.216	Pass	False	Accept	No comments	63	38	50	86	39	61	58	57	70	86	86	16	6	50	31	24	26	18	2	24	33	46	EFKRKYSNEDTLFVALPY	ENST00000329251.5	59.62	79.71	3.2	4.42	1	437	protein_coding	ENSG00000254772	missense	S/F	304	EEF1G	ENST00000329251.5:c.911C>T	ENSP00000331901.4:p.Ser304Phe	9	4	6	NEDTLSVAL	NetMHC	10.28	19.17	1.865	MHCflurry	0.023	0.031	1064	0.216	10121	0.217	348	0	778.04	775.421	34.619	45.56	1.316	0.137	0.205	0.151300908997655	0.337945029139519	0.785225158174914	0.879756096058182	0.300923913043434	0.154673913043481	39.1707551323541	37.8478846023302	0.031	0.023	51.95	31.39	0.21	0.12	19.17	10.28	0.05	0.03	28.01	15.03	0.32	0.18	24.95	20.7	0.05	0.05	0.905181	0.887627	0.06	0.07	64.432272895153	68.0139975910683	0.2	0.3	221.EEF1G.ENST00000329251.5.missense.304S/F	88.8996395304544	55.8341617025928	0.7	0.4	71.9664367262927	39.6396672317145	0.6	0.3	None	1.74285714285714	1.74285714285714	False	False	False	0	True	0
chr11-65032448-65032449-T-G	2	2	NA	NA	NA	1	SNX15	Y52D	4	VVWKRDSDFR	ENST00000377244.8	1	HLA-A*31:01	6	None	3	248.312	101.33	1.474	0.9	16.274	0.32	5.208	585	0.256	Pass	False	Accept	No comments	3	NA	NA	30	1	NA	13	6	3	30	30	10	NA	NA	NA	NA	NA	9	NA	40	16	104	WKRDSDFRKLHGDLAYTH	ENST00000377244.8	50.05	54.33	2.56	2.86	1	342	protein_coding	ENSG00000110025	missense	Y/D	52	SNX15	ENST00000377244.8:c.154T>G	ENSP00000366452.3:p.Tyr52Asp	10	5	6	VVWKRYSDFR	NetMHCpan	27.21	12.87	0.473	NetMHCpan	0.19	0.06	625	0.256	585	0.32	267	0	16.274	8.777	248.312	101.33	0.408	1.474	0.9	0.113066988997161	0.172152807470411	0.260866134366659	0.222826761578648	1.5202989130434	1.70380434782599	378.215174850069	580.916561137647	1.037	1.244125	5009.62	5216.97	1.23	1.91	11.19	29.88	0.1	0.31	20.24	71.41	0.23	0.9	12.87	27.21	0.06	0.19	0.45626	0.445592	0.43	0.44	1728.18540463734	2936.56665617096	0.9	2.2	223.SNX15.ENST00000377244.8.missense.52Y/D	126.590174930025	300.192612224169	1.5	3	76.0694016191593	196.43098752655	0.9	2.1	None	-2.55714285714286	-0.742857142857143	False	False	False	0	False	0
chr11-67409074-67409075-T-C	2	1	NA	1	NA	NA	TBC1D10C	L312P	1	LETPGALRAI	ENST00000542590.2	1	HLA-B*40:01	4	None	3	528.123	482.53	0.779	0.958	26.798	0.035	0.938	518	0.156	Poor	False	Pending	No comments	3	NA	NA	3	1	1	10	NA	NA	3	3	47	NA	NA	21	3	NA	31	NA	51	45	32	GLLETPGALRAIPPAQLQ	ENST00000542590.2	41.19	37.9	1.93	1.7	1	446	protein_coding	ENSG00000175463	missense	L/P	312	TBC1D10C	ENST00000542590.2:c.935T>C	ENSP00000443654.1:p.Leu312Pro	10	7	4	LETLGALRAI	NetMHCcons	116.83	140.42	1.202	NetMHC	0.31	0.29	1074	0.156	518	0.035	430	0	26.798	11.148	528.123	482.53	0.914	0.779	0.958	0.0269187704543583	0.16002625785768	0.104643514100417	0.465814335659243	2.83290760869558	0.897010869565122	862.172392440729	176.853247473494	0.815374999999999	0.4535	249.34	692.51	0.68	1.15	166.28	183.2	0.29	0.31	140.42	116.83	0.61	0.56	340.05	382.06	0.36	0.39	0.049124	0.189866	1.4	0.66	625.010268514176	674.186330339194	1.1	1.2	226.TBC1D10C.ENST00000542590.2.missense.312L/P	1710.13344284343	1706.20024506997	4.8	4.8	817.560687137755	726.975876919604	2.4	2.1	None	0.771428571428571	0.771428571428571	False	False	False	0	False	0
chr14-19876994-19876995-A-G	2	2	NA	NA	NA	NA	OR4K2	H243R	2	RFIVVFLFF	ENST00000298642.2	NA	HLA-A*31:01	1	None	2	1633.765	3895.391	3.666	7.3	0	0	0	0	0.251	NoExpr	False	Pending	No comments	19	NA	9	47	1	19	41	33	39	47	47	38	NA	6	20	NA	NA	4	NA	31	26	20	TARFIVVFLFFG	ENST00000298642.2	957.67	1005.63	4.17	4.46	NA	314	protein_coding	ENSG00000165762	missense	H/R	243	OR4K2	ENST00000298642.2:c.728A>G	ENSP00000298642.2:p.His243Arg	9	9	1	HFIVVFLFF	SMM	374.516	1298.584	3.467	MHCnuggetsI	1.45	32.31	674	0.251	0	0	168	0	0	0	1633.765	3895.391	2.384	3.666	7.3	0.0576682743267156	0.122291201492772	0.0072624601183956	0.0189711825396032	31.6431793478261	12.8054619565217	16718.4549431498	7776.96204103627	6.95275	3.731125	5690.03	5100.65	32.31	1.45	1593.35	618.55	5.3	3.3	5126.69	1576.34	9.1	5.2	10448.69	4725.61	13	6.9	0.006727	0.018438	7.5	4.8	2664.09147713626	1691.18996491218	6	3.5	229.OR4K2.ENST00000298642.2.missense.243H/R	1298.58385773588	374.515675516195	7.1	3.6	1238.56841278232	379.245119006377	6.9	3.6	None	3.58571428571429	3.58571428571429	False	False	False	0	False	0
chr14-20403421-20403422-T-A	4	5	NA	NA	1	NA	TEP1	R407S	3	GMEPPFSHS	ENST00000262715.10	1	HLA-C*08:02	9	None	6	16283.724	18307.438	50	50.5	112.111	0.275	30.831	1511	0.259	Poor	False	Pending	No comments	61	21	28	46	24	26	32	26	32	46	46	17	NA	NA	4	NA	NA	7	5	36	28	43	LLEPEFILKGMEPPFSHS	ENST00000556935.5	455.1	2135.54	9.46	29.28	1	2627	protein_coding	ENSG00000129566	missense	R/S	407	TEP1	ENST00000262715.10:c.1221A>T	ENSP00000262715.5:p.Arg407Ser	9	1	9	GMEPPFSHR	SMMPMBEC	1807.257	2897.477	1.603	NetMHCpanEL	8.9	13	823	0.259	1511	0.275	301	0	112.111	1.178	16283.724	18307.438	1.124	50	50.5	0.305365758482367	0.010730274269008	0.014785400700105	0.0047151187382362	16.1575543478261	62.7446739130435	19668.6492844689	22040.1163043063	10.079625	12.77775	7031.39	2435.45	89.31	72.4	41151.32	41387.53	58	59	37944.28	36141.06	71	62	39814.18	33891.36	39	22	0.000385	0.000832	13	8.9	16946.2263866992	10527.3321026536	55	41	231.TEP1.ENST00000262715.10.missense.407R/S	7518.9985314024	7518.9985314024	81	81	2897.47701837674	1807.25735137131	46	30	None	-1.24285714285714	-0.457142857142857	False	False	False	0	False	0
chr14-45176192-45176196-TGTGA-T	NA	NA	NA	NA	NA	NA	FANCM	FS1147-1148	0	TEFDDVFHP	ENST00000267430.10	1	HLA-B*40:01	7-9	None	0	1575.553	3029.374	1.75	3.7	9.257	0.274	2.536	212	0.22	Poor	False	Accept	No comments	NA	NA	NA	3	NA	NA	1	1	3	3	3	NA	1	13	18	18	2	2	NA	NA	5	2	FEDVNTEFDDVF	ENST00000267430.10	296.06	656.48	0.63	2.42	1	2048	protein_coding	ENSG00000187790	FS	VS/X	1147-1148	FANCM	ENST00000267430.10:c.3441_3444del	ENSP00000267430.5:p.Ser1148PhefsTer4	9	4	7-9	TEFDDVSLS	SMM	693.266	1078.698	1.556	MHCflurry	0.813	1.228	541	0.22	212	0.274	195	0	9.257	0.558	1575.553	3029.374	1.923	1.75	3.7	0.0281353309983387	0.798691380769014	0.0321012298641505	0.503964936912782	7.5582608695652	0.812717391304218	3167.20246178262	1547.38008378687	1.228375	0.978499999999999	1442.04	1326.17	1.65	1.58	8004.7	1337.68	5.7	1.6	8119.76	3745.99	4.3	2.7	8189.64	4827.53	2.8	1.9	0.026132	0.114189	1.9	0.89	1534.26953965883	1672.99030017259	6.2	6.8	234.FANCM.ENST00000267430.10.FS.1147-1148TGTGA/T	1078.69831416608	693.266157205119	3.1	2.4	2891.54529661661	1603.72537168608	5.4	3.9	None	-0.285714285714286	-0.2	False	False	True	0	False	0
chr14-64469474-64469475-C-G	NA	NA	NA	NA	NA	NA	AKAP5	Q361E	0	KEFLISAEN	ENST00000394718.4	1	HLA-B*40:01	2	None	0	2192.17	15213.975	2.12	12.5	2.496	0.411	1.026	219	0.348	Poor	False	Pending	No comments	8	3	1	39	9	9	15	15	17	39	39	16	3	NA	26	49	8	17	NA	38	33	38	DVTKSKNVPKEFLISAEN	ENST00000394718.4	48.37	58.82	2.44	3.15	1	427	protein_coding	ENSG00000179841	missense	Q/E	361	AKAP5	ENST00000394718.4:c.1081C>G	ENSP00000378207.3:p.Gln361Glu	9	8	2	KQFLISAEN	PickPocket	352.242	1501.425	4.262	PickPocket	1.5	6.1	555	0.348	219	0.411	267	0	2.496	0.113	2192.17	15213.975	6.94	2.12	12.5	0.0491689767222851	0.050919194240123	0.0038787419932413	0.0114093545820255	99.2866032608696	20.2322554347826	31024.0548351429	10201.9986675654	18.679375	2.0395	22597.12	1821.19	10.13	1.86	14125.94	2563.15	9.6	2.5	19824.77	4830.5	18	3.1	16302.01	4024.37	5.5	1.7	0.000261	0.006691	14	3.3	1501.42527646561	352.242489888701	6.1	1.5	239.AKAP5.ENST00000394718.4.missense.361Q/E	8707.63066265233	511.564030007004	12	1.9	11095.0688098091	654.832159613029	13	2.2	None	0.728571428571429	0.728571428571429	False	False	False	0	False	0
chr15-68945808-68945809-A-G	NA	NA	NA	2	NA	NA	SPESP1	N92S	1	TENDVLTSPI	ENST00000310673.4	1	HLA-B*40:01	8	None	2	285.35	204.835	0.5	0.595	1.692	0	0	67	0.202	NoExpr	False	Pending	No comments	NA	NA	NA	3	NA	NA	3	NA	NA	3	3	2	NA	NA	35	44	NA	19	NA	NA	NA	NA	THGDASTENDVLTSPISE	ENST00000310673.4	35.79	71.17	1.54	3.92	1	350	protein_coding	ENSG00000258484	missense	N/S	92	SPESP1	ENST00000310673.4:c.275A>G	ENSP00000312284.3:p.Asn92Ser	10	3	8	TENDVLTNPI	NetMHCcons	80.43	98.79	1.228	NetMHC	0.28	0.28	1394	0.202	67	0	304	0	1.692	1.453	285.35	204.835	0.718	0.5	0.595	0.0199216926703229	0.0092840581783093	0.47992028161013	0.442380883720595	0.865461956521642	0.952527173912927	100.15607070093	112.570829126445	0.319125	0.348625	169.02	289.25	0.53	0.73	157.09	154.4	0.28	0.28	98.79	80.43	0.53	0.39	240.65	281.45	0.32	0.33	0.191539	0.381758	0.66	0.4	427.979731978361	359.94793166265	0.8	0.6	240.SPESP1.ENST00000310673.4.missense.92N/S	548.31483985998	459.229734207446	1.6	1.4	554.013056595246	509.94108068876	1.6	1.5	None	0.842857142857143	0.842857142857143	False	False	False	0	False	0
chr16-20483075-20483076-G-T	NA	NA	NA	2	2	NA	ACSM2A	V510F	5	GEVVKAFVFL	ENST00000219054.10	1	HLA-B*40:01	9	None	4	35.899	21.36	0.157	0.1	0.01	0	0	0	0.176	NoExpr	False	Pending	No comments	90	68	75	92	65	80	74	77	79	92	92	55	13	27	46	16	30	23	49	72	75	78	KAFVFLASQFLS	ENST00000219054.10	13.54	19.77	0.04	0.1	1	577	protein_coding	ENSG00000183747	missense	V/F	510	ACSM2A	ENST00000219054.10:c.1528G>T	ENSP00000219054.6:p.Val510Phe	10	2	9	GEVVKAFVVL	NetMHC	10.84	7.48	0.69	NetMHC	0.03	0.02	1624	0.176	0	0	465	0	0.01	0	35.899	21.36	0.595	0.157	0.1	0.653616733849049	0.642845094203949	0.943027197655955	0.905036448046077	0.0570108695652464	0.113179347826105	51.5692571432167	87.5324738668434	0.124625	0.2825	23.86	24.04	0.08	0.08	7.48	10.84	0.02	0.03	9.75	13.13	0.02	0.06	16.44	36.11	0.04	0.07	0.776562	0.491596	0.12	0.28	133.025359709533	249.157923176163	0.2	0.4	241.ACSM2A.ENST00000219054.10.missense.510V/F	38.9072020209047	62.2343273634711	0.2	0.3	18.8590581666306	35.6878183752778	0.2	0.2	None	2.24285714285714	2.3	False	False	False	0	False	0
chr17-74745353-74745354-G-T	1	NA	NA	NA	NA	1	RAB37	Q205H	8	QADEPSFHI	ENST00000613645.1	1	HLA-C*08:02	8	None	2	334.603	149.639	0.64	0.58	2.845	0	0	75	0.072	NoExpr	False	Pending	No comments	2	NA	NA	13	NA	NA	NA	NA	NA	13	13	4	NA	NA	2	NA	NA	11	NA	NA	NA	10	AGHQADEPSFHIRDYVES	ENST00000613645.1	124.06	108.54	6.63	5.91	1	223	protein_coding	ENSG00000172794	missense	Q/H	205	RAB37	ENST00000613645.1:c.615G>T	ENSP00000483155.1:p.Gln205His	9	2	8	QADEPSFQI	MHCflurry	37.823	35.419	0.936	MHCflurry	0.027	0.037	643	0.072	75	0	222	0	2.845	0	334.603	149.639	0.447	0.64	0.58	0.591180983930826	0.711054392158985	0.950288175829281	0.964800172436255	0.0465217391304406	0.0267391304348052	35.4193010851613	37.8226400500416	0.0375	0.047625	155.06	464.27	20.36	40.19	6324.82	6426.02	0.86	0.88	3510.53	3869.58	2.3	2.5	127.62	173.38	0.07	0.09	0.940578	0.907233	0.03	0.04	128.77677121554	163.386011848196	0.3	0.4	268.RAB37.ENST00000613645.1.missense.205Q/H	443.77210550442	443.77210550442	6.3	6.3	144.21817649203	225.434302609493	1.2	2.8	None	-0.757142857142857	-0.757142857142857	True	False	False	0	False	0
chr17-76528540-76528541-C-T	1	NA	NA	NA	1	NA	CYGB	R149Q	1	LAAPQAEGRVL	ENST00000589342.1	3	HLA-C*03:04	5	None	2	611.68	593.35	0.29	0.353	31.023	0.034	1.055	524	0.497	Poor	True	Pending	No comments	1	1	1	26	7	9	6	8	8	26	26	32	NA	3	8	19	NA	20	NA	23	17	19	AAPQAEGRVLKTLLDAPF	ENST00000589342.1	44.73	88.2	2.18	4.9	3	226	protein_coding	ENSG00000161544	missense	R/Q	149	CYGB	ENST00000589342.1:c.446G>A	ENSP00000466448.1:p.Arg149Gln	11	7	5	LAAPRAEGRVL	NetMHCcons	28.97	22.44	0.775	PickPocket	0.2	0.2	717	0.497	524	0.034	224	0	31.023	13.848	611.68	593.35	0.97	0.29	0.353	0.370065601542592	0.30798302590847	0.753514949064722	0.805001570338171	0.352907608695645	0.269918478260834	104.478887720542	61.1656756605217	0.553125	0.251375	14375.55	8993.44	30.52	22.36	NA	NA	NA	NA	22.44	28.97	0.32	0.39	593.35	611.68	0.61	0.62	0.226273	0.242681	0.31	0.29	688.934419119916	743.140059082542	0.2	0.2	269.CYGB.ENST00000589342.1.missense.149R/Q	NA	NA	NA	NA	NA	NA	NA	NA	None	-0.3	0.0857142857142855	False	False	False	0	False	0
chr17-7676040-7676041-CG-C	NA	NA	NA	NA	5	NA	TP53	FS110	15	KTYQGSYGFVW	ENST00000269305.9	1	HLA-A*31:01	10-11	None	5	4386.349	1565.505	6.1	1.985	52.08	0.267	13.905	1044	0.301	Poor	False	Accept	No comments	62	6	18	43	6	15	37	21	31	43	43	44	NA	NA	16	NA	NA	15	4	21	26	11	KTYQGSYGFVWAS	ENST00000269305.9	10.61	57.98	0.03	0.74	1	393	protein_coding	ENSG00000141510	FS	R/X	110	TP53	ENST00000269305.9:c.328del	ENSP00000269305.4:p.Arg110ValfsTer13	11	2	10-11	KTYQGSYGFRL	SMM	978.408	962.764	0.984	MHCflurry	1.954	1.23	584	0.301	1044	0.267	376	0	52.08	6.361	4386.349	1565.505	0.357	6.1	1.985	0.699265442788601	0.822416238486767	0.339928534686107	0.18273020824751	1.230081521739	1.95434782608687	2168.24549266768	8016.0349435519	2.0695	3.782625	4227.87	5230.93	0.56	1.99	239.42	15190.96	1.9	25	582.56	2751.98	3.3	6	168.7	10082.42	0.97	13	0.214997	0.010579	1.2	6.2	3167.61691360185	3529.57450109899	2.4	2.7	246.TP53.ENST00000269305.9.FS.110CG/C	962.764348889195	978.408011101151	12	12	4258.14062593338	3541.76710491183	28	26	None	0.457142857142857	0.457142857142857	False	False	False	0	False	0
chr19-47755513-47755514-G-A	1	1	1	NA	NA	NA	NOP53	G407E	4	EADKPRRLER	ENST00000246802.10	1	HLA-A*33:01	9	None	3	733.364	797.687	1.55	1.55	100.523	0.271	27.242	1719	0.235	Poor	False	Pending	No comments	NA	NA	NA	NA	NA	NA	NA	NA	NA	NA	NA	1	NA	NA	7	3	NA	3	NA	6	NA	33	RRLERLKYQAPDIDVQL	ENST00000246802.10	109.495	85.31	1.7	1.5	1	478	protein_coding	ENSG00000105373	missense	G/E	407	NOP53	ENST00000246802.10:c.1220G>A	ENSP00000246802.4:p.Gly407Glu	10	2	9	EADKPRRLGR	MHCnuggetsI	186.22	259.49	1.393	NetMHCpanEL	0.38	0.42	408	0.235	1719	0.271	184	0	100.523	78.853	733.364	797.687	1.088	1.55	1.55	0.226315351435915	0.251335970591754	0.415883090379792	0.382491569420675	1.01682065217378	1.1026630434781	277.409953997384	350.734793815773	0.619374999999999	0.707499999999999	259.49	186.22	0.86	0.69	591.1	539.03	1.7	1.6	747.17	797.29	2	2.1	995.2	1123.37	1.4	1.5	0.306631	0.322332	0.42	0.38	4778.52115918281	5441.03041320878	4.1	4.7	270.NOP53.ENST00000246802.10.missense.407G/E	848.203382452402	673.75189547058	3.5	2.9	918.882541211686	792.975920983284	3.8	3.3	None	-2.67142857142857	-1.77142857142857	True	False	False	0	False	0
chr19-47755513-47755515-GG-AA	1	1	1	NA	NA	NA	NOP53	G407E	4	EADKPRRLER	ENST00000246802.10	1	HLA-A*33:01	9	None	3	733.364	797.687	1.55	1.55	100.523	NA	NA	NA	0.23	Poor	False	Pending	No comments	NA	NA	NA	NA	NA	NA	NA	NA	NA	NA	NA	1	NA	NA	7	3	NA	3	NA	6	NA	33	RRLERLKYQAPDIDVQL	ENST00000246802.10	109.495	85.31	1.7	1.5	1	478	protein_coding	ENSG00000105373	missense	G/E	407	NOP53	ENST00000246802.10:c.1220_1221delinsAA	ENSP00000246802.4:p.Gly407Glu	10	2	9	EADKPRRLGR	MHCnuggetsI	186.22	259.49	1.393	NetMHCpanEL	0.38	0.42	409	0.23	NA	NA	183	0.007	100.523	78.853	733.364	797.687	1.088	1.55	1.55	0.226315351435915	0.251335970591754	0.415883090379792	0.382491569420675	1.01682065217378	1.1026630434781	277.409953997384	350.734793815773	0.619374999999999	0.707499999999999	259.49	186.22	0.86	0.69	591.1	539.03	1.7	1.6	747.17	797.29	2	2.1	995.2	1123.37	1.4	1.5	0.306631	0.322332	0.42	0.38	4778.52115918281	5441.03041320878	4.1	4.7	274.NOP53.ENST00000246802.10.missense.407G/E	848.203382452402	673.75189547058	3.5	2.9	918.882541211686	792.975920983284	3.8	3.3	None	-2.67142857142857	-1.77142857142857	True	False	False	0	False	0
chr19-52290110-52290111-C-T	NA	NA	NA	NA	1	NA	ZNF766	T107I	5	IINQLGLTF	ENST00000439461.6	1	HLA-C*08:02	2	None	1	1841.188	1729.025	4.65	2.866	44.077	0.207	9.124	774	0.15	Poor	False	Accept	No comments	38	16	23	46	22	31	47	34	37	46	46	27	NA	14	15	NA	2	27	7	52	48	58	PIINQLGLTFQLPLPE	ENST00000439461.6	9.75	20.69	0.01	0.11	1	468	protein_coding	ENSG00000196214	missense	T/I	107	ZNF766	ENST00000439461.6:c.320C>T	ENSP00000409652.1:p.Thr107Ile	9	8	2	ITNQLGLTF	MHCnuggetsI	470.54	321.03	0.682	NetMHCpanEL	1	0.74	794	0.15	774	0.207	288	0	44.077	0.106	1841.188	1729.025	0.939	4.65	2.866	0.11075488710776	0.0553102379199117	0.149622491314958	0.115476670557551	2.23160326086948	2.64657608695644	767.903232633921	853.140404886085	0.98775	1.0425	321.03	470.54	33.08	40.43	14182.92	19503.71	3.5	6.4	2797.01	4382.3	1.8	2.9	3885.77	8202.58	0.77	1.7	0.094097	0.057463	0.74	1	1391.90928823136	1967.78648311005	6.4	9.3	278.ZNF766.ENST00000439461.6.missense.107T/I	2066.14121016262	1714.58886904662	34	29	1358.37600067338	1472.38030649036	23	25	None	0.328571428571429	1.31428571428571	False	False	False	0	False	0
chr2-127763091-127763092-G-A	7	9	NA	NA	NA	NA	WDR33	L232F	3	TVRIWDFFR	ENST00000322313.9	1	HLA-A*31:01	8	None	11	7.661	12.625	0.058	0.095	92.38	0.305	28.176	2173	0.267	Pass	False	Accept	No comments	40	11	10	73	15	17	64	46	51	73	73	20	NA	12	3	NA	3	NA	NA	23	4	49	SDDGTVRIWDFF	ENST00000322313.9	1316.47	2172.5	6.31	11.41	1	1336	protein_coding	ENSG00000136709	missense	L/F	232	WDR33	ENST00000322313.9:c.694C>T	ENSP00000325377.3:p.Leu232Phe	9	2	8	TVRIWDFLR	NetMHC	4.21	6.6	1.568	MHCnuggetsI	0	0	1078	0.267	2173	0.305	341	0	92.38	19.142	7.661	12.625	1.648	0.058	0.095	0.270468447357416	0.156504057347775	0.87127835777998	0.829236941173768	0.167038043478243	0.231875000000002	32.0693722509463	29.8046053742144	0.0635	0.045	506.21	503.25	0	0	6.6	4.21	0.04	0.02	8.66	5.68	0.11	0.04	7.99	5.1	0.04	0.02	0.762221	0.794624	0.08	0.07	466.675458100716	309.352836369049	0.5	0.3	23.WDR33.ENST00000322313.9.missense.232L/F	12.4299676970397	7.50706195381978	0.3	0.2	12.8209439038809	7.81483836686181	0.3	0.2	None	-0.471428571428572	0.771428571428571	False	False	False	0	False	0
chr2-157415938-157415939-G-T	1	2	NA	1	NA	NA	CYTIP	A273D	1	DSSRGDFSR	ENST00000264192.8	1	HLA-A*33:01	6	None	4	81.27	68.525	0.426	0.16	33.236	0	0	1158	0.284	NoExpr	False	Pending	No comments	NA	NA	NA	NA	NA	NA	NA	NA	NA	NA	NA	NA	NA	NA	7	NA	NA	9	NA	NA	NA	NA	VSEDSSRGDFSRQ	ENST00000264192.8	1273.21	1062.04	6.05	4.8	1	359	protein_coding	ENSG00000115165	missense	A/D	273	CYTIP	ENST00000264192.8:c.818C>A	ENSP00000264192.3:p.Ala273Asp	9	4	6	DSSRGAFSR	MHCnuggetsI	34.88	19.38	0.556	MHCnuggetsI	0.19	0.1	1162	0.284	1158	0	396	0	33.236	16.775	81.27	68.525	0.843	0.426	0.16	0.44568250188604	0.201129144988954	0.907021044075317	0.703911895085526	0.109809782608707	0.431086956521725	41.6729513761983	73.1495046664724	0.047375	0.1915	19.38	34.88	0.1	0.19	43.54	83.83	0.17	0.34	71.02	78.71	0.5	0.54	66.03	224.42	0.15	0.42	0.659391	0.380472	0.08	0.31	1085.26206538749	1085.26206538749	1.7	1.7	26.CYTIP.ENST00000264192.8.missense.273A/D	80.9189055148579	77.2769548356585	0.5	0.5	97.9941161095594	91.2430932591198	0.6	0.6	None	-1.67142857142857	-1.14285714285714	False	False	False	0	False	0
chr2-203402614-203402615-C-G	4	3	NA	NA	NA	NA	ABI2	S358C	9	FYSMNRPACR	ENST00000261018.12	1	HLA-A*33:01	9	9	4	22.415	29.985	0.205	0.195	164.646	0.489	80.512	2460	0.305	Pass	False	Reject	No comments	NA	NA	NA	1	NA	NA	NA	NA	NA	1	1	1	NA	NA	NA	NA	NA	6	NA	34	28	37	PVQFYSMNRPACRHT	ENST00000261018.12	252.045	177.705	27	20	1	542	protein_coding	ENSG00000138443	missense	S/C	358	ABI2	ENST00000261018.12:c.1073C>G	ENSP00000261018.9:p.Ser358Cys	10	2	9	FYSMNRPASR	MHCnuggetsI	8.12	8.28	1.02	MHCnuggetsI	0.03	0.03	1105	0.305	2460	0.489	302	0	164.646	0	22.415	29.985	1.338	0.205	0.195	0.165069371461868	0.0683452505618333	0.530811498567076	0.477050533384999	0.755407608695521	0.872309782608596	137.779228487865	120.898425353854	0.38125	0.342125	8.28	8.12	0.03	0.03	14.51	16.62	0.03	0.04	39.81	43.18	0.19	0.21	25.83	28.21	0.04	0.05	0.538945	0.373081	0.14	0.31	3848.70047370434	3848.70047370434	3.1	3.1	28.ABI2.ENST00000261018.12.missense.358S/C	22.8823171157501	11.6815372986132	0.2	0.2	34.1397235462475	16.5676152357079	0.2	0.2	9	-1.12857142857143	-0.6	False	False	False	1	False	0
chr2-216415003-216415004-G-T	NA	NA	NA	NA	NA	NA	SMARCAL1	K100N	0	GIWKNPEEM	ENST00000358207.9	1	HLA-C*03:04	5	None	0	1824.253	2169.046	2.7	4.6	27.769	0.065	1.805	913	0.061	Poor	False	Pending	No comments	NA	NA	NA	NA	NA	NA	NA	NA	NA	NA	NA	5	NA	NA	NA	NA	NA	21	NA	3	NA	3	HSFQAKGIWKNPEEMPTA	ENST00000358207.9	74.9	91.14	4.14	5.05	1	954	protein_coding	ENSG00000138375	missense	K/N	100	SMARCAL1	ENST00000358207.9:c.300G>T	ENSP00000350940.5:p.Lys100Asn	9	5	5	GIWKKPEEM	MHCflurry	264.507	340.859	1.289	MHCflurry	0.94	0.809	873	0.061	913	0.065	317	0	27.769	19.223	1824.253	2169.046	1.189	2.7	4.6	0.385264426469803	0.248593974392861	0.505653190910155	0.446552721015992	0.808749999999876	0.940461956521617	340.858875352164	264.507267990532	1.34925	1.1725	614.42	1307.39	5.05	7.78	NA	NA	NA	NA	7002.48	2906.38	15	8.6	10631.39	5678.24	4.6	2.7	0.022266	0.026836	1.6	1.4	2169.04570370701	1824.25347836465	6.7	5.2	37.SMARCAL1.ENST00000358207.9.missense.100K/N	NA	NA	NA	NA	NA	NA	NA	NA	None	-2.14285714285714	-1.32857142857143	False	False	False	0	False	1
chr2-240788064-240788065-C-G	NA	NA	NA	NA	NA	NA	KIF1A	G117R	0	MMGKQEKDQQR	ENST00000404283.9	5	HLA-A*31:01	11	None	0	1523.105	30493.396	4.1	68	10.968	0.019	0.208	321	0.096	Poor	False	Pending	No comments	NA	NA	NA	22	NA	4	16	17	18	22	22	10	NA	NA	9	NA	NA	9	NA	20	8	56	YTMMGKQEKDQQRIIPQ	ENST00000404283.9	81.01	33.11	4.5	1.35	5	1799	protein_coding	ENSG00000130294	missense	G/R	117	KIF1A	ENST00000404283.9:c.349G>C	ENSP00000384231.5:p.Gly117Arg	11	1	11	MMGKQEKDQQG	SMM	191.214	1144.248	5.984	NetMHCpanEL	1.8	74	425	0.096	321	0.019	206	0	10.968	0	1523.105	30493.396	20.021	4.1	68	0.0002336874904358	0.0028293558298173	0.0032102810274043	0.0228192334898755	99.2866032608696	10.6558423913043	31561.5227003645	4144.79670615428	41.365125	2.702375	5745.96	5633.74	77.81	14.25	40681.63	1458.85	93	5.1	29425.27	249.16	62	2.6	40965.62	1587.36	87	3.8	7e-06	0.12167	74	1.8	50000	5154.49714516903	44	4.4	41.KIF1A.ENST00000404283.9.missense.117G/R	1144.24757315176	191.214137994171	13	3.1	8714.04904636078	955.476477945691	41	12	None	-3.7	-1.62857142857143	False	False	False	0	False	0
chr2-32499685-32499686-T-C	NA	1	NA	NA	NA	NA	BIRC6	Y2870H	2	SVTFLVHHH	ENST00000421745.7	1	HLA-A*31:01	9	None	1	3105.17	5138.829	6.55	8.895	230.34	0.37	85.226	2344	0.255	Poor	False	Accept	No comments	45	23	28	48	19	30	55	46	46	48	48	56	NA	NA	9	1	NA	7	18	47	35	72	SAVIESVTFLVHHHIT	ENST00000421745.7	47.73	62.69	0.51	0.79	1	4857	protein_coding	ENSG00000115760	missense	Y/H	2870	BIRC6	ENST00000421745.7:c.8608T>C	ENSP00000393596.2:p.Tyr2870His	9	1	9	SVTFLVHHY	SMM	1209.122	3292.077	2.723	NetMHCpanEL	2.2	2.9	815	0.255	2344	0.37	281	0	230.34	59.023	3105.17	5138.829	1.655	6.55	8.895	0.80479196459055	0.486024305224419	0.260710016326639	0.0889484361219852	1.5202989130434	3.18451086956512	4702.67890036854	5524.34850449973	2.8535	3.086625	5574.98	5620	9.19	12.54	5872.82	3209.53	12	7.7	6062.77	3000.81	10	6.9	6731.61	3962.11	8.6	6.3	0.057433	0.089777	2.9	2.2	2010.83257949086	2469.76904535209	4.4	5.5	15.BIRC6.ENST00000421745.7.missense.2870Y/H	3292.07711684864	1209.12165689327	12	6.8	3458.75659306638	1261.59511877593	13	7	None	0.0714285714285713	1.47142857142857	False	False	False	0	False	0
chr2-69465916-69465917-C-G	NA	NA	NA	2	NA	NA	AAK1	Q1000H	2	QELPAHTGL	ENST00000606389.7	5	HLA-B*40:01	6	None	2	31.525	80.416	0.125	0.305	79.327	0.057	4.522	786	0.088	Poor	False	Review	No comments	5	NA	NA	2	NA	NA	23	NA	1	2	2	45	NA	NA	NA	NA	NA	18	NA	33	16	44	LPAHTGLLSQTGDVPLPA	ENST00000606389.7	97.26	62.11	5.37	3.36	5	1163	protein_coding	ENSG00000115977	missense	Q/H	1000	AAK1	ENST00000606389.7:c.3000G>C	ENSP00000485350.2:p.Gln1000His	9	4	6	QELPAQTGL	NetMHC	13.7	70.28	5.13	NetMHCpanEL	0.01	0.01	1164	0.088	786	0.057	376	0	79.327	0.177	31.525	80.416	2.551	0.125	0.305	0.370092498604208	0.671320375055075	0.896955511339128	0.961623371737542	0.12551630434784	0.031548913043494	35.5814741421979	35.8925183064538	0.0115	0.013375	232.62	116.05	0.65	0.42	70.28	13.7	0.15	0.04	40.46	16.93	0.46	0.21	41.32	21.86	0.08	0.05	0.975573	0.978922	0.01	0.01	161.627740630609	145.052828540483	0.6	0.5	17.AAK1.ENST00000606389.7.missense.1000Q/H	90.5524072268359	27.1581385758833	0.7	0.2	126.803137657326	40.2837600100592	0.9	0.3	None	0.5	0.5	True	False	False	0	False	0
chr2-73252788-73252789-C-G	2	NA	NA	NA	1	NA	CCT7	I520M	4	LIVSVDETM	ENST00000258091.10	1	HLA-C*03:04	9	None	3	410.52	2129.47	1.037	3.9	120.292	0.128	15.397	2188	0.077	Subclonal	False	Accept	No comments	NA	NA	NA	10	NA	NA	7	5	7	10	10	4	NA	NA	7	7	NA	6	NA	5	25	27	VSVDETMKNPRSTVDAPT	ENST00000258091.10	433.74	1413.61	14.36	23.4	1	543	protein_coding	ENSG00000135624	missense	I/M	520	CCT7	ENST00000258091.10:c.1560C>G	ENSP00000258091.5:p.Ile520Met	9	1	9	LIVSVDETI	MHCflurry	137.198	1177.996	8.586	NetMHCpan	0.53	2.1	648	0.077	2188	0.128	254	0	120.292	98.403	410.52	2129.47	5.187	1.037	3.9	0.0302826024708338	0.0237769610830582	0.0803253476102595	0.407960964854874	3.42187499999991	1.03660326086944	1177.99634123147	137.197853613585	2.45825	0.7265	2096.82	410.52	10.01	3.9	NA	NA	NA	NA	2129.47	290.78	7.5	2.6	4026.67	461.7	2.1	0.53	0.00328	0.054695	3.9	0.94	3725.77996753086	2496.63648660682	15	8.1	19.CCT7.ENST00000258091.10.missense.520I/M	NA	NA	NA	NA	NA	NA	NA	NA	None	0.257142857142857	1.27142857142857	False	False	False	0	False	0
chr20-33040305-33040306-C-A	3	1	1	1	4	NA	BPIFB6	T377N	1	MANSLDRLL	ENST00000349552.1	1	HLA-C*03:04	3	None	8	52.49	101.87	0.384	0.14	0	0	0	0	0.143	NoExpr	False	Pending	No comments	8	10	2	50	23	14	48	34	39	50	50	60	NA	NA	10	NA	NA	14	NA	75	89	87	MANSLDRLLSLSRK	ENST00000349552.1	47.38	26.88	0.51	0.18	1	453	protein_coding	ENSG00000167104	missense	T/N	377	BPIFB6	ENST00000349552.1:c.1130C>A	ENSP00000344929.1:p.Thr377Asn	9	7	3	MATSLDRLL	NetMHCpan	25.35	35.01	1.381	NetMHCpan	0.07	0.1	740	0.143	0	0	220	0	0	0	52.49	101.87	1.941	0.384	0.14	0.461478743702173	0.0824763005366548	0.903303587369281	0.733871248988	0.116820652173914	0.383695652173898	46.1536955644607	40.755176068098	0.1225	0.076625	751.48	342.39	5.68	3.42	NA	NA	NA	NA	101.87	52.49	1.5	0.87	35.01	25.35	0.1	0.07	0.450368	0.578691	0.14	0.08	531.376816391114	461.653351148899	0.5	0.4	283.BPIFB6.ENST00000349552.1.missense.377T/N	NA	NA	NA	NA	NA	NA	NA	NA	None	-0.128571428571429	-0.128571428571429	False	False	False	0	False	0
chr20-33239802-33239803-C-G	NA	NA	NA	2	NA	NA	BPIFA1	D107E	4	IEIKVTDPQL	ENST00000354297.9	1	HLA-B*40:01	2	None	2	40.44	8690.11	0.17	3.7	0	0	0	0	0.257	NoExpr	False	Pending	No comments	8	2	3	47	17	30	34	24	31	47	47	45	NA	NA	11	NA	NA	24	NA	76	76	75	LLGKVTSVIPGLNNIIE	ENST00000354297.9	37.91	516.25	1.7	15.59	1	256	protein_coding	ENSG00000198183	missense	D/E	107	BPIFA1	ENST00000354297.9:c.321C>G	ENSP00000346251.4:p.Asp107Glu	10	9	2	IDIKVTDPQL	SMMPMBEC	20.584	365.191	17.742	NetMHC	0.06	9.6	541	0.257	0	0	180	0	0	0	40.44	8690.11	214.887	0.17	3.7	0.0774138672277331	0.426424013450742	0.0141944399837805	0.891167432272876	16.1575543478261	0.135353260869579	8947.0799297965	46.5225712807949	1.891875	0.087375	22765.19	1408.99	10.23	1.63	14182.61	25.33	9.6	0.06	8433.14	28.62	4.2	0.19	11321.03	58.37	3.6	0.12	0.012128	0.714425	2.6	0.15	2240.60661125835	186.038364160127	3.8	0.3	284.BPIFA1.ENST00000354297.9.missense.107D/E	796.214349056441	34.3581680861855	2.3	0.2	365.190944532102	20.583536790494	1.1	0.2	None	-0.742857142857143	0.228571428571429	False	False	False	0	False	0
chr20-41447893-41447894-C-A	1	1	NA	2	2	NA	CHD6	G1254V	2	KAFEVSPAR	ENST00000373233.8	1	HLA-A*31:01	5	None	4	28.485	54.041	0.33	0.635	90.283	0.415	37.467	998	0.2	Pass	False	Accept	No comments	11	7	11	19	13	21	1	5	7	19	19	22	5	NA	39	54	5	25	NA	46	3	21	FEVSPARELDVPLPDIDY	ENST00000373233.8	28.65	28.14	1.03	0.99	1	2715	protein_coding	ENSG00000124177	missense	G/V	1254	CHD6	ENST00000373233.8:c.3761G>T	ENSP00000362330.3:p.Gly1254Val	9	5	5	KAFEGSPAR	NetMHC	17.41	44.04	2.53	MHCflurry	0.029	0.043	405	0.2	998	0.415	145	0	90.283	36.219	28.485	54.041	1.897	0.33	0.635	0.251754681579769	0.211529091000557	0.87274281720878	0.865267320950981	0.165597826086937	0.176141304347794	29.5542773050962	27.3121025932888	0.04325	0.028875	5387.03	4982.15	3.43	1.18	44.04	17.41	0.48	0.16	40.46	22.93	0.79	0.47	39.53	27.63	0.28	0.19	0.830315	0.854353	0.05	0.04	864.681670102131	801.610620817419	1.2	1.1	288.CHD6.ENST00000373233.8.missense.1254G/V	64.0427540874078	29.3406681879999	1.2	0.7	78.6900823855129	35.803047937632	1.3	0.8	None	-0.228571428571429	0.671428571428571	False	False	False	0	False	0
chr22-42519778-42519779-G-A	1	2	NA	NA	NA	NA	RRP7A	A3V	2	VVRRRKCAAR	ENST00000323013.7	1	HLA-A*31:01	2	7	2	82.282	188.53	0.946	1.837	80.979	0.282	22.836	461	0.137	Pass	False	Reject	No comments	NA	NA	NA	NA	NA	NA	NA	NA	NA	NA	NA	NA	NA	NA	NA	NA	NA	NA	NA	NA	NA	2	MVVRRRKCAARDPED	ENST00000323013.7	969.61	1517.14	56	69	1	280	protein_coding	ENSG00000189306	missense	A/V	3	RRP7A	ENST00000323013.7:c.8C>T	ENSP00000321449.6:p.Ala3Val	10	2	2	VARRRKCAAR	NetMHCcons	19.49	34.59	1.775	NetMHCcons	0.21	0.43	460	0.137	461	0.282	210	0	80.979	13.673	82.282	188.53	2.291	0.946	1.837	0.0012402939664752	0.0028823780448874	0.0373231235223282	0.161310696540533	6.63130434782606	2.120054347826	2445.25965639568	472.98206396201	2.17475	1.142125	5677.06	5693.08	25.68	34.2	63.24	29.49	0.67	0.31	34.59	19.49	0.43	0.21	294.76	119.44	1.5	0.75	0.036237	0.084069	3.6	2.3	6399.78970601227	3066.44897989438	5.8	2.4	290.RRP7A.ENST00000323013.7.missense.3A/V	82.3000312277347	45.1232113344338	1	0.5	78.2005846532242	41.8996118727866	1	0.4	7	-1.61428571428571	-0.928571428571429	False	False	False	1	False	0
chr3-129567750-129567751-G-A	NA	NA	1	2	NA	NA	PLXND1	T1307M	1	AERYWQKMLL	ENST00000324093.9	1	HLA-B*40:01	8	None	3	331.87	340.595	0.641	0.55	268.499	0.093	24.97	2901	0.22	Pass	False	Accept	No comments	59	41	41	68	44	42	39	46	49	68	68	56	NA	13	27	15	NA	30	2	30	38	85	SRRAERYWQKMLLQM	ENST00000324093.9	20	17.38	0.1	0.07	1	1925	protein_coding	ENSG00000004399	missense	T/M	1307	PLXND1	ENST00000324093.9:c.3920C>T	ENSP00000317128.4:p.Thr1307Met	10	3	8	AERYWQKTLL	SMM	154.181	148.262	0.962	NetMHCpan	0.29	0.29	472	0.22	2901	0.093	119	0	268.499	100.746	331.87	340.595	1.026	0.641	0.55	0.717053227126598	0.669602852314711	0.736613032409284	0.566624573494161	0.380624999999981	0.68182065217384	405.253482977531	745.791153560381	0.633749999999999	0.774249999999999	1404.75	991.41	1.63	1.37	307.35	275.47	0.47	0.42	373.84	388.27	1	1.1	216.75	219.29	0.29	0.29	0.602601	0.425384	0.2	0.34	874.08813019978	942.861739365281	1.5	1.6	119.PLXND1.ENST00000324093.9.missense.1307T/M	148.262049740439	154.180695352234	0.5	0.5	179.688382782646	201.14998290584	0.6	0.6	None	-0.0142857142857142	-0.0142857142857142	False	False	False	0	False	0
chr3-183508460-183508461-C-G	NA	NA	NA	NA	1	1	KLHL6	L169F	2	ASFLTEAF	ENST00000341319.8	1	HLA-C*03:04	8	None	1	7446.484	2906.98	3.6	1.7	8.54	0	0	828	0.322	NoExpr	False	Pending	No comments	25	13	24	27	8	26	39	22	30	27	27	43	9	10	20	33	2	27	5	28	27	25	ASFLTEAFNPEN	ENST00000341319.8	793.94	304.76	3.2	0.66	1	621	protein_coding	ENSG00000172578	missense	L/F	169	KLHL6	ENST00000341319.8:c.507G>C	ENSP00000341342.3:p.Leu169Phe	8	1	8	ASFLTEAL	NetMHCcons	774.18	362.23	0.468	MHCflurry	2.164	0.629	668	0.322	828	0	301	0	8.54	5.601	7446.484	2906.98	0.39	3.6	1.7	0.151920593809336	0.185570330824703	0.557318571307478	0.156490620337842	0.701385869565115	2.16448369565209	117.6509348049	954.916860473099	0.6295	2.236	4416.44	10578.55	14.82	24.76	NA	NA	NA	NA	362.23	774.18	2.3	3.6	2906.98	8593.88	1.7	3.8	0.043961	0.010701	1.1	2.3	3133.52874666195	7446.48439236199	2	9.1	120.KLHL6.ENST00000341319.8.missense.169L/F	NA	NA	NA	NA	NA	NA	NA	NA	None	0.885714285714286	0.885714285714286	False	False	False	0	False	0
chr3-33397056-33397057-G-A	7	7	NA	NA	3	2	UBP1	S420L	4	RLYNLLKSR	ENST00000283629.8	1	HLA-A*31:01	5	None	12	17.977	26.418	0.062	0.15	220.448	0.642	141.528	2687	0.462	Pass	False	Accept	No comments	47	41	31	86	56	51	63	64	62	86	86	65	NA	NA	2	NA	NA	6	43	131	134	139	DGIRLYNLLKSRSVR	ENST00000283629.8	13.515	21.13	0.51	1.3	1	540	protein_coding	ENSG00000153560	missense	S/L	420	UBP1	ENST00000283629.8:c.1259C>T	ENSP00000283629.3:p.Ser420Leu	9	5	5	RLYNSLKSR	NetMHCpan	9.22	9.93	1.077	MHCflurry	0.014	0.023	602	0.462	2687	0.642	196	0	220.448	0.489	17.977	26.418	1.47	0.062	0.15	0.343892804346979	0.465852290391922	0.913854969850873	0.9456552151506	0.10138586956522	0.0538586956521953	26.3842161391159	24.7175969068405	0.022625	0.0141249999999999	1869.16	713.33	0.19	0.05	11.55	9.26	0.11	0.07	16.66	12.58	0.34	0.22	9.93	9.22	0.04	0.04	0.931342	0.924221	0.01	0.02	573.185760166311	497.976424355032	0.7	0.6	55.UBP1.ENST00000283629.8.missense.420S/L	26.4526995963739	17.8020493240612	0.6	0.4	27.0969244212127	18.1518126322932	0.6	0.4	None	-0.914285714285714	0.271428571428571	False	False	False	0	False	0
chr3-38728882-38728883-C-G	2	NA	NA	NA	NA	NA	SCN10A	A767P	3	RLLRVFKLPK	ENST00000449082.3	1	HLA-A*31:01	9	None	2	205.49	193.447	1.54	1.65	2.599	1	2.599	93	0.413	Pass	False	Accept	No comments	57	51	45	99	72	63	84	81	80	99	99	13	NA	26	NA	NA	9	15	7	72	93	84	LRSFRLLRVFKLPKS	ENST00000449082.3	21.44	54.62	0.11	0.66	1	1956	protein_coding	ENSG00000185313	missense	A/P	767	SCN10A	ENST00000449082.3:c.2299G>C	ENSP00000390600.2:p.Ala767Pro	10	2	9	RLLRVFKLAK	NetMHCcons	47.08	60.06	1.276	NetMHCpan	0.4	0.57	890	0.413	93	1	302	0	2.599	1.003	205.49	193.447	0.941	1.54	1.65	0.0334984453802462	0.0445648946333676	0.122834587658087	0.129011590204049	2.54364130434774	2.46326086956512	733.101211114617	720.400366612456	1.370875	1.3595	5371.25	5175.12	3.21	1.72	190.83	106.43	1.7	1.2	60.06	47.08	0.75	0.57	84.14	56.13	0.57	0.4	0.123817	0.092496	1.8	2.1	1276.49516119806	953.118683204384	0.5	0.4	58.SCN10A.ENST00000449082.3.missense.767A/P	196.06496672266	231.419526151126	2.1	2.4	141.322073224234	179.560166733097	1.6	2	None	-0.442857142857143	1.42857142857143	False	False	False	0	False	0
chr3-41224581-41224582-C-T	NA	NA	NA	NA	1	NA	CTNNB1	H24Y	42	VSYWQQQSYL	ENST00000349496.11	1	HLA-C*03:04	3	None	1	1271.85	3491.591	1.67	3.7	373.224	0.238	88.827	8205	0.33	Poor	False	Accept	No comments	30	6	1	28	NA	NA	6	1	3	28	28	23	NA	32	33	NA	3	24	NA	9	5	46	MAMEPDRKAAVSYWQQQS	ENST00000349496.11	64.5	234.61	3.52	10.32	1	781	protein_coding	ENSG00000168036	missense	H/Y	24	CTNNB1	ENST00000349496.11:c.70C>T	ENSP00000344456.5:p.His24Tyr	10	8	3	VSHWQQQSYL	MHCnuggetsI	143.69	1795.64	12.497	PickPocket	0.5	2.7	1421	0.33	8205	0.238	310	0	373.224	0.053	1271.85	3491.591	2.745	1.67	3.7	0.425830829888582	0.25443068658933	0.0390092685079338	0.042416432571949	6.47915760869564	5.91374999999996	10950.8540766836	5361.44846785937	8.415375	5.153	1795.64	143.69	9.23	1.67	NA	NA	NA	NA	755.13	277.39	3.7	2.2	3601.95	1271.85	2	0.98	0.010439	0.027754	2.3	1.4	3491.59114386168	1469.28411373604	2.7	0.5	61.CTNNB1.ENST00000349496.11.missense.24H/Y	NA	NA	NA	NA	NA	NA	NA	NA	None	-1.38571428571429	-1.32857142857143	False	False	False	0	False	0
chr3-53665709-53665710-C-G	NA	NA	NA	NA	5	2	CACNA1D	H273D	8	MVPLLDIAL	ENST00000288139.11	1	HLA-C*03:04	6	None	6	195.15	256.91	0.73	0.36	8.267	0.106	0.876	66	0.33	LowExpr	False	Accept	No comments	39	33	38	65	45	54	54	53	57	65	65	54	7	42	57	NA	33	23	46	59	71	60	NSIIKAMVPLLDIA	ENST00000288139.11	16.495	12.795	0.52	0.14	1	2181	protein_coding	ENSG00000157388	missense	H/D	273	CACNA1D	ENST00000288139.11:c.817C>G	ENSP00000288139.3:p.His273Asp	9	4	6	MVPLLHIAL	MHCflurry	58.279	48.339	0.829	MHCflurry	0.228	0.142	616	0.33	66	0.106	132	0	8.267	0	195.15	256.91	1.316	0.73	0.36	0.286585311405361	0.113315417896956	0.827889592037592	0.68482705105558	0.233451086956521	0.463016304347803	48.3393363891069	58.2794908096123	0.1425	0.22775	365.64	153.53	3.59	1.79	NA	NA	NA	NA	122.51	195.15	1.7	2.2	256.91	448.05	0.36	0.52	0.235943	0.085362	0.3	0.73	6610.93083536569	7775.83727608344	27	32	103.CACNA1D.ENST00000288139.11.missense.273H/D	NA	NA	NA	NA	NA	NA	NA	NA	None	1.8	1.87142857142857	False	False	False	0	False	0
chr3-87245870-87245871-A-C	NA	NA	NA	NA	2	NA	CHMP2B	Q95P	4	KVMNSPMKM	ENST00000263780.9	1	HLA-C*03:04	6	None	2	267.92	557.56	0.827	1.884	23.53	0.125	2.941	1570	0.101	Subclonal	False	Accept	No comments	NA	NA	NA	NA	NA	NA	NA	NA	NA	NA	NA	53	NA	NA	NA	NA	NA	23	NA	61	47	66	KVMNSPMKMAGAMSTT	ENST00000263780.9	20.7	17.34	0.04	0.02	1	213	protein_coding	ENSG00000083937	missense	Q/P	95	CHMP2B	ENST00000263780.9:c.284A>C	ENSP00000263780.4:p.Gln95Pro	9	4	6	KVMNSQMKM	MHCflurry	138.155	431.56	3.124	NetMHCpanEL	0.26	0.46	855	0.101	1570	0.125	177	0	23.53	6.974	267.92	557.56	2.081	0.827	1.884	0.0383654794422909	0.127999304793775	0.192485716341752	0.497399345640823	1.8842934782608	0.827119565217274	431.559996294396	138.155108526393	1.529625	0.7325	7495.74	5120.99	19.99	16.09	NA	NA	NA	NA	483.87	229.44	3.3	2.4	557.56	267.92	0.59	0.37	0.145415	0.267254	0.46	0.26	2390.88910567882	2010.83257949086	7.6	6	111.CHMP2B.ENST00000263780.9.missense.95Q/P	NA	NA	NA	NA	NA	NA	NA	NA	None	-0.585714285714286	-0.257142857142857	False	False	False	0	False	0
chr3-97637941-97637942-T-C	2	1	NA	NA	3	NA	EPHA6	Y882H	4	HLSDMGYVHR	ENST00000389672.10	1	HLA-A*31:01	1	None	5	131.967	206.974	0.55	1.2	0.19	0	0	2	0.221	NoExpr	False	Pending	No comments	2	NA	NA	8	NA	NA	15	NA	NA	8	8	30	NA	NA	NA	NA	NA	19	3	68	67	73	QLVGMLRGIASGMKHLS	ENST00000389672.10	44.715	35.82	4.49	2.63	1	1130	protein_coding	ENSG00000080224	missense	Y/H	882	EPHA6	ENST00000389672.10:c.2644T>C	ENSP00000374323.5:p.Tyr882His	10	10	1	YLSDMGYVHR	NetMHCcons	46.07	105.42	2.288	MHCflurry	0.157	0.184	745	0.221	2	0	235	0	0.19	0.007	131.967	206.974	1.568	0.55	1.2	0.608071994036436	0.522078223526478	0.859931167519831	0.878499819408721	0.184021739130444	0.156630434782599	121.277672905562	74.9219395662761	0.54375	0.349625	4339.38	3863.29	0.61	0.45	448.41	159.31	2.8	1.5	105.42	46.07	1.4	0.57	232.23	124.81	1.3	0.77	0.233945	0.403248	1.1	0.53	1534.26953965883	1290.38154414547	0.7	0.5	115.EPHA6.ENST00000389672.10.missense.882Y/H	181.718858478441	139.123341462881	2	1.6	160.40208160274	98.903121804427	1.8	1.1	None	-0.971428571428571	0.557142857142857	False	False	False	0	False	0
chr4-185175882-185175883-T-C	3	NA	NA	NA	NA	NA	CFAP97	K408R	2	RQAEKPGSR	ENST00000514798.1	1	HLA-A*31:01	9	None	3	138.292	1883.298	1.55	5	49.219	0.774	38.096	2239	0.495	Pass	False	Accept	No comments	NA	NA	NA	NA	NA	NA	NA	NA	NA	NA	NA	NA	NA	NA	NA	NA	NA	3	NA	1	NA	10	PGSRSTIPRSADHPPKLY	ENST00000514798.1	388.7	212.38	13.59	9.72	1	453	protein_coding	ENSG00000164323	missense	K/R	408	CFAP97	ENST00000514798.1:c.1223A>G	ENSP00000423312.1:p.Lys408Arg	9	1	9	RQAEKPGSK	MHCflurry	50.567	640.278	12.662	MHCflurry	0.203	1.297	733	0.495	2239	0.774	242	0	49.219	4.308	138.292	1883.298	13.618	1.55	5	0.0092373607913032	0.0168792755721369	0.127840053903992	0.639391712723546	2.47728260869556	0.54350543478256	640.278129055389	50.567045486785	1.296875	0.202875	5550.26	5334.96	7.98	2.79	2488.25	149.55	6.7	1.5	1525.99	110.08	5.1	1.6	2327.01	169.22	4.7	0.97	0.13663	0.588285	1.6	0.25	2240.60661125835	1654.98649030649	4.9	3.4	128.CFAP97.ENST00000514798.1.missense.408K/R	1162.70623132817	100.339053499119	6.7	1.6	1396.11116418757	127.034007836434	7.3	1.8	None	-1.84285714285714	-1.7	False	False	False	0	False	0
chr4-6323380-6323381-G-T	NA	NA	NA	1	1	NA	PPP2R2C	P422Q	5	HQAENIIAI	ENST00000382599.9	1	HLA-C*03:04	2	None	1	386.37	1684.8	0.907	1.562	5.366	0.051	0.274	136	0.113	Poor	False	Pending	No comments	6	11	4	46	34	36	45	56	57	46	46	89	NA	NA	23	19	4	38	NA	71	67	74	AWHQAENIIAIAATNN	ENST00000382599.9	17.11	27.74	0.02	0.09	1	447	protein_coding	ENSG00000074211	missense	P/Q	422	PPP2R2C	ENST00000382599.9:c.1265C>A	ENSP00000372042.4:p.Pro422Gln	9	8	2	HPAENIIAI	MHCflurry	182.074	452.177	2.483	MHCflurry	0.284	0.238	1084	0.113	136	0.051	417	0	5.366	0.314	386.37	1684.8	4.361	0.907	1.562	0.894861228764057	0.591961834579706	0.825076050044583	0.796251624553238	0.238179347826076	0.284103260869543	452.176757554557	182.073751859687	1.562125	0.906875	2993.38	537.28	12.07	4.64	NA	NA	NA	NA	306.54	313.37	2.7	2.7	1684.8	386.37	1.3	0.48	0.055835	0.145133	0.93	0.47	6469.40997042221	6399.78970601227	27	26	123.PPP2R2C.ENST00000382599.9.missense.422P/Q	NA	NA	NA	NA	NA	NA	NA	NA	None	1.44285714285714	1.44285714285714	False	False	False	0	False	0
chr5-134138128-134138129-C-A	5	5	NA	NA	3	1	TCF7	P171H	2	YEHFNSPHH	ENST00000342854.10	1	HLA-B*40:01	9	None	9	2035.75	2469.355	2.5	2.28	19.823	0.304	6.026	451	0.305	Poor	False	Pending	No comments	18	NA	3	32	1	2	62	34	38	32	32	100	NA	NA	5	NA	NA	21	NA	83	124	78	VPQLSLYEHFNSPHHTPA	ENST00000342854.10	37.54	27.01	0.39	0.22	1	384	protein_coding	ENSG00000081059	missense	P/H	171	TCF7	ENST00000342854.10:c.512C>A	ENSP00000340347.5:p.Pro171His	9	1	9	YEHFNSPHP	SMM	506.874	471.954	0.931	NetMHCpanEL	1.3	1.3	819	0.305	451	0.304	425	0	19.823	1.156	2035.75	2469.355	1.213	2.5	2.28	0.296233566012233	0.0608420469216071	0.0428060286687515	0.0140369658557959	5.91374999999996	16.1575543478261	6182.16426670756	8521.68677903791	1.58025	1.841	3142.34	1511.84	2.46	1.69	1927.2	2559.66	2.1	2.5	4600.95	4429.97	3	3	3011.51	7407.59	1.5	2.6	0.061712	0.054406	1.3	1.3	1170.65092555888	953.118683204384	4.7	3.8	152.TCF7.ENST00000342854.10.missense.171P/H	471.954357244604	506.873982789022	1.9	1.9	1009.55503708135	755.31828783167	2.9	2.5	None	-1.81428571428571	-1.58571428571429	False	False	False	0	False	0
chr5-176577693-176577694-C-T	6	6	NA	NA	1	NA	CDHR2	L470F	2	VAMVTIHFR	ENST00000261944.10	1	HLA-A*31:01	8	None	8	11.798	20.916	0.18	0.21	0.072	0.111	0.008	9	0.1	Poor	False	Pending	No comments	26	14	22	29	14	23	31	29	32	29	29	37	1	17	11	2	1	9	14	34	42	56	QNFSVAMVTIHFRDI	ENST00000261944.10	101.735	82.89	8.5	6.5	1	1310	protein_coding	ENSG00000074276	missense	L/F	470	CDHR2	ENST00000261944.10:c.1408C>T	ENSP00000261944.5:p.Leu470Phe	9	2	8	VAMVTIHLR	NetMHC	8.47	18.74	2.213	MHCflurry	0.026	0.035	723	0.1	9	0.111	276	0	0.072	0.072	11.798	20.916	1.773	0.18	0.21	0.223211046075448	0.131064627785236	0.866330822139977	0.829656982019014	0.174646739130424	0.231875000000002	28.2320575812545	27.0840137201236	0.034625	0.0265	2325.36	2145.69	0.24	0.22	18.74	8.47	0.18	0.06	17.78	9.44	0.37	0.14	22.56	11.85	0.16	0.05	0.698633	0.725754	0.13	0.11	751.224325876238	497.976424355032	1	0.6	166.CDHR2.ENST00000261944.10.missense.470L/F	18.3429845389298	11.0782203709588	0.4	0.3	19.2716988268094	11.7468115074404	0.4	0.3	None	0.714285714285714	1.81428571428571	False	False	False	0	False	0
chr5-37205403-37205404-A-G	1	NA	NA	NA	NA	NA	CPLANE1	I115T	4	RMTPAQTFQEK	ENST00000514429.5	1	HLA-A*31:01	7	None	1	955.785	607.877	1.616	1.338	47.105	0.322	15.168	981	0.222	Poor	False	Pending	No comments	35	4	6	30	2	10	31	12	18	30	30	66	NA	NA	11	NA	NA	13	NA	66	57	70	LNLPLRMTPAQTFQE	ENST00000514429.5	69.345	60.47	8.5	6.1	1	2263	protein_coding	ENSG00000197603	missense	I/T	115	CPLANE1	ENST00000514429.5:c.344T>C	ENSP00000424223.1:p.Ile115Thr	11	5	7	RMTPAQIFQEK	NetMHCcons	87.23	69.13	0.793	PickPocket	0.8	0.7	541	0.222	981	0.322	157	0	47.105	6.269	955.785	607.877	0.636	1.616	1.338	0.746484346687794	0.552358917891979	0.631204404981502	0.397416972332852	0.558315217391282	1.06298913043464	747.884032546746	984.271327372068	1.37575	1.53275	4954.58	5384.62	1.13	3.4	620.75	1053.23	3.3	4.3	69.13	87.23	1.3	1.4	291.09	362.85	1.5	1.7	0.253201	0.198172	0.94	1.2	1391.90928823136	1469.28411373604	0.7	0.8	133.CPLANE1.ENST00000514429.5.missense.115I/T	595.004157082107	595.004157082107	7.8	7.8	471.215969217942	927.29944531491	6.6	12	None	-1.5	0	False	False	False	0	False	0
chr5-58975683-58975684-C-G	NA	NA	NA	NA	NA	1	PDE4D	K662N	10	DNHNASVEK	ENST00000340635.11	1	HLA-A*33:01	2	None	1	6602.146	15632.274	6.1	22.5	34.553	0.084	2.902	310	0.186	Poor	False	Pending	No comments	NA	NA	NA	NA	NA	NA	NA	NA	NA	NA	NA	28	NA	1	3	NA	NA	11	NA	NA	29	NA	DNHNASVEKSQVGFI	ENST00000340635.11	666.6	1102.19	11.38	17.41	1	809	protein_coding	ENSG00000113448	missense	K/N	662	PDE4D	ENST00000340635.11:c.1986G>C	ENSP00000345502.6:p.Lys662Asn	9	8	2	DKHNASVEK	MHCflurry	1770.709	10100.149	5.704	MHCflurry	1.393	3.304	920	0.186	310	0.084	307	0	34.553	0.218	6602.146	15632.274	2.368	6.1	22.5	0.0088460463302908	0.0160897656169254	0.0099423381701642	0.0529481694218455	24.5792391304348	4.88741847826084	10100.1492644944	1770.70874496832	3.303625	1.393125	2722.54	2651.63	3.78	3.72	28341	13426.72	30	13	26123.53	10136.12	24	8.2	26186.63	8397	21	5.4	0.005225	0.041386	6.6	2.5	5869.13289643332	3133.52874666195	15	6.8	136.PDE4D.ENST00000340635.11.missense.662K/N	16636.0416885326	7604.13817776895	27	16	14628.5068699985	5600.15438761556	25	14	None	-1.27142857142857	-1.21428571428571	False	False	False	0	False	0
chr5-75611812-75611813-C-T	NA	NA	NA	1	4	NA	ANKDD1B	A60V	6	TAVVGHELL	ENST00000601380.4	5	HLA-C*03:04	4	None	5	164.31	93.16	0.314	0.215	4.226	0.169	0.714	89	0.172	Poor	False	Review	No comments	15	2	1	34	5	9	29	21	24	34	34	35	NA	NA	22	20	NA	23	NA	24	19	34	TAVVGHELLLPN	ENST00000601380.4	70.94	160.12	0.95	2.72	5	528	protein_coding	ENSG00000189045	missense	A/V	60	ANKDD1B	ENST00000601380.4:c.179C>T	ENSP00000471417.1:p.Ala60Val	9	6	4	TAVAGHELL	MHCflurry	40.583	36.376	0.896	MHCflurry	0.074	0.045	937	0.172	89	0.169	277	0	4.226	0.442	164.31	93.16	0.567	0.314	0.215	0.233092114329338	0.148011960554868	0.839926468128944	0.777357596900501	0.215054347826083	0.313695652173877	36.3755437430626	40.5832416830123	0.04525	0.073625	10787.68	20885.89	25.07	40.9	NA	NA	NA	NA	93.16	164.31	1.4	2	31.04	60.96	0.09	0.14	0.63355	0.513478	0.07	0.1	638.682611773156	893.209148776166	0.8	1.4	145.ANKDD1B.ENST00000601380.4.missense.60A/V	NA	NA	NA	NA	NA	NA	NA	NA	None	1.27142857142857	1.27142857142857	False	False	False	0	False	0
chr5-9122730-9122731-G-C	NA	NA	NA	NA	NA	1	SEMA5A	S569C	2	CCDSPAPQC	ENST00000382496.10	1	HLA-C*08:02	1	1,2,9	1	708.966	519.107	2.381	2.5	22.004	0.017	0.374	599	0.174	Poor	False	Pending	No comments	NA	NA	NA	NA	NA	NA	NA	NA	NA	NA	NA	NA	NA	NA	NA	NA	NA	1	NA	NA	NA	NA	AVGSCLCRTRCCDSPAPQ	ENST00000382496.10	1141.77	1114.1	21.66	21.46	1	1074	protein_coding	ENSG00000112902	missense	S/C	569	SEMA5A	ENST00000382496.10:c.1706C>G	ENSP00000371936.5:p.Ser569Cys	9	9	1	SCDSPAPQC	MHCnuggetsI	124.38	67.17	0.54	NetMHC	0.41	2.2	1376	0.174	599	0.017	348	0	22.004	0.232	708.966	519.107	0.732	2.381	2.5	0.001201761177981	0.000389866214391	0.355013163018864	0.147020382498236	1.18195652173902	2.26105978260864	159.253049136795	524.722155867333	0.3965	0.818125	67.17	124.38	9	16.93	10937.42	3870.5	2.2	0.41	28331.79	26407.71	38	33	8663.33	15587.23	1.8	3.7	0.125469	0.012312	0.62	2.5	801.610620817419	893.209148776166	3.2	3.8	129.SEMA5A.ENST00000382496.10.missense.569S/C	226.026833047452	172.250305167982	2.8	1.7	236.602865462311	130.022945443376	3	1.1	1,2,9	-0.957142857142857	-0.1	True	True	False	3	False	0
chr6-116792682-116792683-C-T	NA	NA	NA	5	NA	NA	GPRC6A	G747E	3	EESILAFGTML	ENST00000310357.8	1	HLA-B*40:01	2	None	5	461.16	22806.97	0.835	22.401	0	0	0	0	0.075	NoExpr	False	Pending	No comments	50	4	19	71	NA	19	70	51	60	71	71	57	NA	10	34	38	3	22	18	42	44	56	EEESILAFGTMLGYIAI	ENST00000310357.8	42.61	44.3	0.24	0.26	1	926	protein_coding	ENSG00000173612	missense	G/E	747	GPRC6A	ENST00000310357.8:c.2240G>A	ENSP00000309493.4:p.Gly747Glu	11	10	2	EGSILAFGTML	NetMHCcons	33.12	20258.44	611.668	NetMHCcons	0.25	18	818	0.075	0	0	275	0	0	0	461.16	22806.97	49.456	0.835	22.401	0.0086362606380134	0.0599477842915803	0.0033566852162579	0.174548570672748	99.2866032608696	2.01228260869556	31077.4671566028	528.129162778826	20.802375	0.693124999999999	14589.27	394.19	6.53	0.87	25355.5	2085.73	24	2.2	20258.44	33.12	18	0.25	37130	1638.75	35	0.93	9e-06	0.140891	45	0.8	5500.22079186674	323.035299579482	9.7	0.5	190.GPRC6A.ENST00000310357.8.missense.747G/E	NA	NA	NA	NA	NA	NA	NA	NA	None	1.85714285714286	1.95714285714286	True	False	False	0	False	0
chr6-33069703-33069704-C-G	NA	NA	NA	NA	NA	NA	HLA-DPA1	A95P	0	FEAQGGLANIP	ENST00000419277.5	NA	HLA-B*40:01	11	None	0	2063.165	2157.104	2.17	1.87	296.37	0.001	0.296	5509	0.075	Poor	False	Pending	No comments	3	2	1	39	9	19	53	47	48	39	39	34	NA	NA	3	NA	NA	46	NA	76	77	62	FEAQGGLANIPILNNNLN	ENST00000419277.5	18.62	34.92	0.4	1.48	NA	260	protein_coding	ENSG00000231389	missense	A/P	95	HLA-DPA1	ENST00000419277.5:c.283G>C	ENSP00000393566.1:p.Ala95Pro	11	1	11	FEAQGGLANIA	PickPocket	1133.262	902.926	0.797	NetMHCcons	1.7	1.4	747	0.075	5509	0.001	255	0	296.37	0	2063.165	2157.104	1.046	2.17	1.87	0.441598258912563	0.345845781266689	0.199896396255568	0.0315430282174481	1.83932065217384	7.77809782608696	1786.09844138849	10265.138657606	1.024	2.0395	3696.23	1590.24	2.69	1.74	2528.11	2536.09	2.5	2.5	907.82	1369.5	1.4	1.7	4840.86	6202.17	1.9	2.3	0.016042	0.010421	2.3	2.8	902.925945728536	1133.26246020407	1.3	1.7	168.HLA-DPA1.ENST00000419277.5.missense.95A/P	NA	NA	NA	NA	NA	NA	NA	NA	None	0.6	0.6	False	False	True	0	False	0
chr6-33314004-33314005-C-T	NA	NA	NA	NA	6	1	TAPBP	D13N	5	VALNPAGAL	ENST00000467025.1	3	HLA-C*03:04	4	None	6	31.481	27.287	0.121	0.04	421.762	0.03	12.653	2377	0.242	Poor	False	Review	No comments	12	7	11	7	1	4	40	44	61	7	7	143	1	NA	66	20	6	54	8	151	151	127	SLLLAVALNPAGALQ	ENST00000467025.1	15.045	45.26	0.54	2.6	3	192	protein_coding	ENSG00000231925	missense	D/N	13	TAPBP	ENST00000467025.1:c.37G>A	ENSP00000417523.1:p.Asp13Asn	9	6	4	VALDPAGAL	NetMHCpan	7.2	5.85	0.812	MHCflurry	0.021	0.006	995	0.242	2377	0.03	358	0	421.762	1.763	31.481	27.287	0.867	0.121	0.04	0.553550200536847	0.346941640600562	0.955669838309989	0.9003268508659	0.0396467391304469	0.121195652173924	27.2871904037973	31.4812124399892	0.00625	0.021	1115.44	1826.89	7.13	9.31	NA	NA	NA	NA	14.86	20.45	0.27	0.35	5.85	7.2	0.02	0.03	0.936437	0.839431	0.01	0.03	254.608349869884	388.268781147746	0.2	0.3	173.TAPBP.ENST00000467025.1.missense.13D/N	NA	NA	NA	NA	NA	NA	NA	NA	None	0.814285714285714	0.871428571428572	False	False	False	0	False	1
chr6-72251090-72251091-A-C	NA	NA	NA	8	2	2	RIMS1	E848A	14	SEFLGAILI	ENST00000521978.6	1	HLA-B*40:01	6	None	11	20.243	38.838	0.08	0.175	0.804	0.333	0.268	9	0.217	LowExpr	False	Reject	No comments	82	38	52	87	33	59	95	74	85	87	87	61	49	39	65	75	27	42	NA	50	50	46	FLGAILIELETALLDD	ENST00000521978.6	16.57	39.3	0.07	0.38	1	1692	protein_coding	ENSG00000079841	missense	E/A	848	RIMS1	ENST00000521978.6:c.2543A>C	ENSP00000428417.1:p.Glu848Ala	9	4	6	SEFLGEILI	NetMHCpan	10.79	16.03	1.486	MHCflurry	0.026	0.019	853	0.217	9	0.333	179	0	0.804	0.035	20.243	38.838	1.919	0.08	0.175	0.556419756263494	0.599609147757292	0.941674731168639	0.948331032996462	0.0601358695652436	0.049510869565239	37.1334826174207	38.0854401711229	0.01925	0.026	235.47	160.7	0.65	0.52	65.12	15.88	0.15	0.04	19.92	11.29	0.21	0.1	16.03	10.79	0.04	0.03	0.915589	0.918988	0.06	0.06	71.0222099312458	56.5868881409458	0.3	0.2	187.RIMS1.ENST00000521978.6.missense.848E/A	40.5415174406502	23.653749870576	0.3	0.2	31.8515080954279	16.8317782149076	0.2	0.2	None	2.97142857142857	2.97142857142857	False	False	False	0	False	0
chr7-121331683-121331684-A-C	NA	NA	NA	3	NA	NA	WNT16	K118T	2	TETAFIYAV	ENST00000222462.3	1	HLA-B*40:01	1	None	3	129.63	95.22	0.42	0.313	0	0.4	0	10	0.091	NoExpr	False	Pending	No comments	43	15	21	59	8	23	44	26	35	59	59	50	3	4	23	13	7	34	25	43	51	17	GTTETAFIYAVMAAGLVH	ENST00000222462.3	34.66	37.71	0.15	0.18	1	365	protein_coding	ENSG00000002745	missense	K/T	118	WNT16	ENST00000222462.3:c.353A>C	ENSP00000222462.2:p.Lys118Thr	9	9	1	KETAFIYAV	NetMHC	34.24	35.19	1.028	MHCflurry	0.069	0.052	922	0.091	10	0.4	231	0	0	0	129.63	95.22	0.735	0.42	0.313	0.733017887920141	0.698398821055889	0.946724302725158	0.93543064569005	0.0523369565217564	0.0685597826087018	64.010155620827	69.6322074637394	0.196125	0.2195	126.43	203.13	0.44	0.6	35.19	34.24	0.08	0.08	38.75	57.2	0.43	0.55	21.24	38.88	0.05	0.08	0.640132	0.481699	0.19	0.29	141.947667971001	249.157923176163	0.5	1	193.WNT16.ENST00000222462.3.missense.118K/T	177.378100569433	189.626923880999	1.2	1.2	182.02456422318	232.34321793144	1.2	1.3	None	1.87142857142857	1.87142857142857	False	False	False	0	False	0
chr7-127582845-127582846-G-C	4	NA	NA	NA	1	NA	GCC1	A499G	1	KMRGQVVLK	ENST00000321407.3	1	HLA-A*31:01	4	None	5	56.311	44.1	0.35	0.387	17.918	0.117	2.096	682	0.092	Subclonal	False	Accept	No comments	24	16	7	49	21	14	33	33	26	49	49	11	NA	NA	2	NA	NA	5	9	54	45	67	FERYKMRGQVVLKSK	ENST00000321407.3	9.795	7.47	0.45	0.38	1	775	protein_coding	ENSG00000179562	missense	A/G	499	GCC1	ENST00000321407.3:c.1496C>G	ENSP00000318821.2:p.Ala499Gly	9	6	4	KMRAQVVLK	NetMHC	13.66	9.27	0.679	NetMHCpanEL	0.07	0.11	1061	0.092	682	0.117	321	0	17.918	17.906	56.311	44.1	0.783	0.35	0.387	0.123031008057296	0.196040228940547	0.740155475787678	0.785515767927546	0.37358695652172	0.300923913043434	45.6919763170516	46.021900421406	0.165	0.169625	5319.73	5286.27	2.64	2.36	9.27	13.66	0.07	0.13	19.7	30.38	0.43	0.62	13.57	16.59	0.07	0.1	0.723172	0.774962	0.11	0.07	432.635519663766	437.341955446153	0.4	0.4	195.GCC1.ENST00000321407.3.missense.499A/G	42.5079342349704	66.5993514507267	0.8	1.2	47.4154634703717	82.5885801777424	0.9	1.4	None	-0.0142857142857143	0.814285714285714	False	False	False	0	False	0
chr8-123254917-123254918-C-G	NA	NA	NA	NA	NA	NA	ZHX1	W343C	0	CTPEEVEEAR	ENST00000395571.8	1	HLA-A*33:01	1	1	0	1881.47	1885.935	3.8	3.5	59.017	0.068	4.013	1814	0.057	Poor	False	Pending	No comments	2	3	3	NA	NA	NA	NA	2	1	NA	NA	10	NA	NA	3	NA	NA	5	NA	11	9	20	AQRLKHGVSCTPEEVEEA	ENST00000395571.8	239.31	39.9	10.45	1.84	1	873	protein_coding	ENSG00000165156	missense	W/C	343	ZHX1	ENST00000395571.8:c.1029G>C	ENSP00000378938.2:p.Trp343Cys	10	10	1	WTPEEVEEAR	MHCflurry	322.136	667.654	2.073	MHCflurry	0.675	0.954	1522	0.057	1814	0.068	357	0	59.017	0.231	1881.47	1885.935	1.002	3.8	3.5	0.0310079152986872	0.0067907054326497	0.13194910206762	0.220698988175666	2.42600543478252	1.71461956521732	667.654106086459	322.13556713129	0.954374999999999	0.675499999999999	1238.63	1793.45	2.31	2.9	2188.8	1969.49	3.6	3.4	3827.94	2664.09	4.6	3.9	6211.57	5729.71	4.3	4.1	0.024136	0.020013	3.4	3.7	3725.77996753086	4989.871863861	2.9	4.2	205.ZHX1.ENST00000395571.8.missense.343W/C	1583.06956670644	1463.86153755062	5.8	5.5	1084.57602513225	1406.88953760773	4.2	5.3	1	-1.78571428571429	-0.871428571428571	True	False	False	1	False	0
chr8-13567781-13567782-G-C	4	1	NA	NA	NA	NA	C8orf48	R264T	1	KTLTEKSHIR	ENST00000297324.5	NA	HLA-A*31:01	2	None	4	80.764	1308.45	0.54	3.45	2.352	0.567	1.334	60	0.36	Poor	False	Review	No comments	NA	3	3	24	8	6	16	10	7	24	24	13	NA	NA	2	NA	NA	9	NA	32	34	57	PRIIWKTLTEKSHIR	ENST00000297324.5	115.605	166.83	5.84	18	NA	319	protein_coding	ENSG00000164743	missense	R/T	264	C8orf48	ENST00000297324.5:c.791G>C	ENSP00000297324.4:p.Arg264Thr	10	9	2	KRLTEKSHIR	NetMHCcons	37.11	1894.66	51.055	NetMHCpanEL	0.11	1.1	801	0.36	60	0.567	273	0	2.352	2.352	80.764	1308.45	16.201	0.54	3.45	0.0508724740357138	0.209116661455482	0.0251756904801119	0.780625322277364	9.49423913043476	0.308858695652162	4451.27500480183	49.719000112841	2.78	0.195375	5540.69	4941.2	7.57	1.11	503.91	58.44	2.9	0.62	1894.66	37.11	5.6	0.46	722.24	46.31	2.5	0.33	0.220056	0.728894	1.1	0.11	11730.2704107223	1534.26953965883	13	0.7	196.C8orf48.ENST00000297324.5.missense.264R/T	355.140334982883	106.02297833346	3.3	1.2	385.664798049305	103.088447678163	3.6	1.1	None	-1.72857142857143	-0.542857142857143	False	False	False	0	False	0
chr8-143213892-143213893-G-C	NA	NA	NA	NA	NA	NA	GPIHBP1	D42H	0	YDEEHEDEV	ENST00000622500.2	1	HLA-C*08:02	5	None	0	2369.873	3414.249	4.445	6.929	0.129	0	0	12	0.476	NoExpr	True	Pending	No comments	NA	NA	NA	NA	NA	NA	NA	NA	NA	NA	NA	NA	NA	NA	19	19	NA	NA	NA	NA	NA	NA	EEHEDEVEEEET	ENST00000622500.2	362.42	479.2	0.91	1.48	1	184	protein_coding	ENSG00000277494	missense	D/H	42	GPIHBP1	ENST00000622500.2:c.124G>C	ENSP00000480053.1:p.Asp42His	9	5	5	YDEEDEDEV	MHCnuggetsI	48.9	60.73	1.242	MHCflurry	0.804	1.947	691	0.476	12	0	277	0	0.129	0.129	2369.873	3414.249	1.441	4.445	6.929	0.0003422948730076	0.0019492004284984	0.0325711358139739	0.15191532162995	7.5582608695652	2.21184782608688	2818.35283342982	507.200246699989	1.947	0.80425	60.73	48.9	7.92	5.89	9515.05	9877.7	1.8	1.8	18082.85	16228.45	18	16	32307.3	23455.98	19	7.6	0.001828	0.008137	6.3	3	751.224325876238	645.630535743832	3	2.4	207.GPIHBP1.ENST00000622500.2.missense.42D/H	4010.14429591707	4094.11464706687	59	59	412.116497326403	414.973152414235	5.8	5.9	None	-2.35714285714286	-2.35714285714286	False	False	False	0	False	0
chr8-144058788-144058789-G-C	1	NA	NA	NA	NA	NA	OPLAH	L191V	1	RSLAVVVMH	ENST00000618853.5	1	HLA-A*31:01	7	None	1	544.805	915.036	2.1	4.4	23.483	0.081	1.902	382	0.072	Poor	False	Pending	No comments	43	42	34	35	20	20	33	39	40	35	35	86	9	NA	29	3	8	13	20	75	93	84	GIRSLAVVVMHSYTWAQH	ENST00000618853.5	14.31	16.48	0.19	0.29	1	1288	protein_coding	ENSG00000178814	missense	L/V	191	OPLAH	ENST00000618853.5:c.571C>G	ENSP00000480476.1:p.Leu191Val	9	3	7	RSLAVVLMH	SMMPMBEC	297.797	581.996	1.954	NetMHCpanEL	0.82	1	1152	0.072	382	0.081	478	0	23.483	18.33	544.805	915.036	1.68	2.1	4.4	0.829749777913094	0.65887862816453	0.67036098351912	0.439596211382105	0.490190217391273	0.957445652173803	848.121492211523	1213.59644643287	1.444375	1.656375	5575.13	5130.25	9.2	1.55	981.95	349.18	4.2	2.4	1957.17	707.82	5.7	3.7	451.33	381.79	2	1.8	0.237183	0.285119	1	0.82	2145.7036159278	1453.47247883281	4.7	2.9	208.OPLAH.ENST00000618853.5.missense.191L/V	679.939074853713	329.207711684864	4.9	3.2	581.996000270927	297.796781695745	4.6	3.1	None	2.41428571428571	2.75714285714286	False	False	False	0	False	0
chr8-17964697-17964698-G-C	NA	NA	NA	NA	NA	1	PCM1	D929H	3	ASSNHNFSV	ENST00000325083.13	1	HLA-C*08:02	5	None	1	1361.761	2173.486	3.6	3.55	109.717	0.4	43.887	1628	0.325	Poor	False	Pending	No comments	1	NA	NA	NA	NA	NA	NA	NA	NA	NA	NA	21	NA	NA	NA	NA	NA	8	NA	20	34	5	VRTDEEEEEEQDASSNHN	ENST00000325083.13	3007.69	1494.5	16.07	7.4	1	2024	protein_coding	ENSG00000078674	missense	D/H	929	PCM1	ENST00000325083.13:c.2785G>C	ENSP00000327077.8:p.Asp929His	9	5	5	ASSNDNFSV	SMMPMBEC	252.36	250.622	0.993	NetMHCpan	0.97	1.6	597	0.325	1628	0.4	221	0	109.717	0.015	1361.761	2173.486	1.596	3.6	3.55	0.0060214015393285	0.0672022516373545	0.0299039553613668	0.0653149903799939	8.26921195652172	4.0479076086956	3150.7117036704	1695.41124820084	2.0695	1.491	168.8	329.11	21.73	33.55	8341.85	9559.11	1.4	1.8	7989.04	7326.61	5.7	5.1	7744.6	5179.77	1.6	0.97	0.016204	0.032289	2.2	1.5	1196.25937088688	1028.11044838492	5.3	4.4	197.PCM1.ENST00000325083.13.missense.929D/H	293.197322515307	299.336723073251	3.9	4	250.622466628573	252.359698574065	3.2	3.2	None	-0.685714285714286	-0.685714285714286	False	False	False	0	False	0
chr8-93923445-93923446-A-T	3	2	1	NA	NA	NA	PDP1	T463S	4	QMHGLLSER	ENST00000297598.5	1	HLA-A*31:01	7	None	4	54.008	53.59	0.61	0.405	47.895	0.168	8.046	1256	0.154	Pass	False	Accept	No comments	14	NA	NA	36	NA	1	30	11	14	36	36	47	NA	NA	12	4	NA	5	3	65	52	70	TLGQMHGLLSERRTK	ENST00000297598.5	68.15	95.425	7.34	12.29	1	537	protein_coding	ENSG00000164951	missense	T/S	463	PDP1	ENST00000297598.5:c.1387A>T	ENSP00000297598.4:p.Thr463Ser	9	3	7	QMHGLLTER	MHCflurry	30.361	27.509	0.906	MHCflurry	0.049	0.031	1022	0.154	1256	0.168	240	0	47.895	1.796	54.008	53.59	0.992	0.61	0.405	0.269572844728827	0.175788127817214	0.886767074646004	0.83623733218942	0.143451086956517	0.221249999999983	27.5089792031078	30.3609420361263	0.030625	0.049125	4037.63	4803.48	0.5	0.92	29.7	33.57	0.31	0.37	39.81	44.12	0.78	0.85	32.96	37.03	0.24	0.26	0.729737	0.648205	0.11	0.18	743.140059082542	751.224325876238	0.9	1	200.PDP1.ENST00000297598.5.missense.463T/S	67.3705355945893	63.8954598403787	1.2	1.2	72.7645754889319	70.7815387961679	1.3	1.3	None	-0.685714285714286	0.228571428571429	True	False	False	0	False	0
chr9-34179146-34179147-G-T	NA	NA	NA	NA	NA	NA	UBAP1	G45W	0	WRSLSLWAV	ENST00000625521.2	2	HLA-B*14:02	7	None	0	1786.107	1984.331	1.382	1.541	73.109	0.291	21.275	1286	0.228	Poor	False	Pending	No comments	24	41	38	42	40	42	39	43	44	42	42	60	NA	16	11	2	16	20	NA	32	74	67	SGQSWRWWRSLSLWAVG	ENST00000625521.2	21.56	31.29	0.12	0.25	2	566	protein_coding	ENSG00000165006	missense	G/W	45	UBAP1	ENST00000625521.2:c.133G>T	ENSP00000486574.1:p.Gly45Trp	9	3	7	WRSLSLGAV	MHCflurry	390.775	245.097	0.627	NetMHCpan	0.06	0.16	1000	0.228	1286	0.291	414	0	73.109	19.295	1786.107	1984.331	1.111	1.382	1.541	0.0067262538759678	0.0164723090128973	0.269662431785587	0.195451403569304	1.48214673913034	1.86442934782602	245.096740480522	390.7752544107	0.619	0.8915	8493.91	5031.37	48.45	21.61	3027.19	4231.42	0.43	0.67	3049.9	3454.02	1.7	2	1696.1	708.65	0.16	0.06	0.043962	0.096182	1.6	0.69	1262.75821593613	1262.75821593613	0.9	0.9	209.UBAP1.ENST00000625521.2.missense.45G/W	2218.45181380208	1896.9243001208	7.9	6.7	1750.20935158219	1675.29001485926	6.2	6	None	1.58571428571429	1.58571428571429	False	False	False	0	False	0
chrX-48911611-48911612-A-T	NA	NA	NA	NA	3	NA	SLC35A2	S9T	14	AAVGAGGTTA	ENST00000247138.11	1	HLA-C*03:04	8	None	3	649.35	630.1	3	3.1	60.846	0.723	43.992	303	0.245	Poor	False	Pending	No comments	NA	NA	NA	NA	NA	NA	NA	NA	NA	NA	NA	3	NA	NA	3	NA	NA	18	NA	NA	NA	NA	AVGAGGTTAAPGPGAVSA	ENST00000247138.11	89.47	61.47	4.96	3.32	1	396	protein_coding	ENSG00000102100	missense	S/T	9	SLC35A2	ENST00000247138.11:c.25T>A	ENSP00000247138.5:p.Ser9Thr	10	2	8	AAVGAGGSTA	MHCflurry	104.44	134.531	1.288	MHCflurry	0.553	0.712	763	0.245	303	0.723	302	0	60.846	2.163	649.35	630.1	0.97	3	3.1	0.0141864742618054	0.066999600501731	0.404376364251017	0.511378998387678	1.04739130434768	0.798586956521603	134.530526653773	104.4398419302	0.712375	0.553125	630.1	649.35	5.12	5.21	NA	NA	NA	NA	529.88	499.49	3.1	3	10637.25	10780.23	4.6	4.6	0.001033	0.001428	6.2	5.4	2664.09147713626	2812.1856201345	1.6	1.8	292.SLC35A2.ENST00000247138.11.missense.9S/T	NA	NA	NA	NA	NA	NA	NA	NA	None	0.142857142857143	1.2	False	False	False	0	False	0
chrX-70277494-70277495-A-C	NA	NA	NA	NA	4	1	ARR3	Q192P	2	FLLSAPPLQL	ENST00000307959.9	1	HLA-C*03:04	6	None	4	120.306	400.005	0.643	1.474	0.04	0	0	82	0.24	NoExpr	False	Pending	No comments	45	47	47	62	57	59	63	63	67	62	62	57	17	51	32	1	31	24	44	81	84	95	IRRFLLSAPPLQLQA	ENST00000307959.9	9.07	12.785	0.15	0.65	1	388	protein_coding	ENSG00000120500	missense	Q/P	192	ARR3	ENST00000307959.9:c.575A>C	ENSP00000311538.8:p.Gln192Pro	10	5	6	FLLSAQPLQL	NetMHCcons	42.62	93.55	2.195	MHCflurry	0.314	0.596	1360	0.24	82	0	442	0	0.04	0	120.306	400.005	3.325	0.643	1.474	0.549019332975149	0.445423573255539	0.609824772132775	0.776791297948094	0.596195652173861	0.313695652173877	400.004703542778	120.305568938645	1.47375	0.643375	52.97	63.58	0.51	0.64	NA	NA	NA	NA	93.55	42.62	0.92	0.46	2459	1562.57	1.6	1.2	0.018429	0.061214	1.8	0.89	2722.36951668803	2443.19073685795	1.7	1.4	307.ARR3.ENST00000307959.9.missense.192Q/P	NA	NA	NA	NA	NA	NA	NA	NA	None	0.271428571428571	1.31428571428571	False	False	False	0	False	0
