ID	A.01.01	B.07.02	B.08.01	C.07.01	C.07.02	Gene	AA.Change	Num.Passing.Transcripts	Best.Peptide.class1	Best.Transcript.class1	TSL	Allele	Pos	Prob.Pos	Num.Passing.Peptides	IC50.MT.class1	IC50.WT.class1	percentile.MT.class1	percentile.WT.class1	RNA.Expr	RNA.VAF	Allele.Expr	RNA.Depth	DNA.VAF	Tier	Ref.Match	Evaluation	Comments	DPA1.01.03	DPA1.01.03.DPB1.03.01	DPA1.01.03.DPB1.04.02	DPB1.03.01	DPB1.04.02	DQA1.04.01	DQA1.04.01.DQB1.02.01	DQA1.04.01.DQB1.04.02	DQA1.05.01	DQA1.05.01.DQB1.02.01	DQA1.05.01.DQB1.04.02	DQB1.02.01	DQB1.04.02	DRB1.03.01	DRB1.08.01	DRB3.01.01	Best.Peptide.class2	Best.Transcript.class2	IC50.MT.class2	IC50.WT.class2	percentile.MT.class2	percentile.WT.class2	Transcript.Support.Level	Transcript.Length	Biotype	Ensembl.Gene.ID	Variant.Type	Mutation	Protein.Position	Gene.Name	HGVSc	HGVSp	Peptide.Length	Sub.peptide.Position	Mutation.Position	WT.Epitope.Seq	Best.MT.IC50.Score.Method	Best.MT.IC50.Score	Corresponding.WT.IC50.Score	Corresponding.Fold.Change	Best.MT.Percentile.Method	Best.MT.Percentile	Corresponding.WT.Percentile	Tumor.DNA.Depth	Tumor.DNA.VAF	Tumor.RNA.Depth	Tumor.RNA.VAF	Normal.Depth	Normal.VAF	Gene.Expression	Transcript.Expression	Median.MT.IC50.Score	Median.WT.IC50.Score	Median.Fold.Change	Median.MT.Percentile	Median.WT.Percentile	MHCflurryEL.Processing.WT.Score	MHCflurryEL.Processing.MT.Score	MHCflurryEL.Presentation.WT.Score	MHCflurryEL.Presentation.MT.Score	MHCflurryEL.Presentation.WT.Percentile	MHCflurryEL.Presentation.MT.Percentile	MHCflurry.WT.IC50.Score	MHCflurry.MT.IC50.Score	MHCflurry.WT.Percentile	MHCflurry.MT.Percentile	MHCnuggetsI.WT.IC50.Score	MHCnuggetsI.MT.IC50.Score	MHCnuggetsI.WT.Percentile	MHCnuggetsI.MT.Percentile	NetMHC.WT.IC50.Score	NetMHC.MT.IC50.Score	NetMHC.WT.Percentile	NetMHC.MT.Percentile	NetMHCcons.WT.IC50.Score	NetMHCcons.MT.IC50.Score	NetMHCcons.WT.Percentile	NetMHCcons.MT.Percentile	NetMHCpan.WT.IC50.Score	NetMHCpan.MT.IC50.Score	NetMHCpan.WT.Percentile	NetMHCpan.MT.Percentile	NetMHCpanEL.WT.IC50.Score	NetMHCpanEL.MT.IC50.Score	NetMHCpanEL.WT.Percentile	NetMHCpanEL.MT.Percentile	PickPocket.WT.IC50.Score	PickPocket.MT.IC50.Score	PickPocket.WT.Percentile	PickPocket.MT.Percentile	SMM.WT.IC50.Score	SMM.MT.IC50.Score	SMM.WT.Percentile	SMM.MT.Percentile	SMMPMBEC.WT.IC50.Score	SMMPMBEC.MT.IC50.Score	SMMPMBEC.WT.Percentile	SMMPMBEC.MT.Percentile	Index	Problematic.Positions	cterm_7mer_gravy_score	max_7mer_gravy_score	difficult_n_terminal_residue	c_terminal_cysteine	c_terminal_proline	cysteine_count	n_terminal_asparagine	asparagine_proline_bond_count
chr1-145960377-145960378-G-C	NA	6	2	NA	2	ANKRD34A	S461C	1	CPRTKRKLV	ENST00000606888.3	2	HLA-B*07:02	1	1	8	118.738	45.037	0.595	0.25	0.709	0.133	0.094	30	0.056	Poor	False	Reject	No comments	NA	NA	NA	6	NA	NA	NA	NA	NA	NA	NA	NA	11	NA	NA	NA	YAGAPGCPRTKR	ENST00000606888.3	662.62	876.94	12	16.15	2	496	protein_coding	ENSG00000272031	missense	S/C	461	ANKRD34A	ENST00000606888.3:c.1382C>G	ENSP00000475189.1:p.Ser461Cys	9	9	1	SPRTKRKLV	NetMHC	66.18	17.96	0.271	NetMHC	0.23	0.06	1327	0.056	30	0.133	366	0	0.709	0.709	118.738	45.037	0.379	0.595	0.25	0.0481498390436172	0.0075984559953212	0.682742779036941	0.535663952390432	0.4658967391304	0.745597826086836	46.4236971723992	76.0961532837057	0.08275	0.2445	60.89	128.36	0.2	0.47	17.96	66.18	0.06	0.23	43.65	138.91	0.39	0.81	63.72	170.65	0.15	0.31	0.745626	0.241347	0.11	0.59	154.781846024532	172.468474522702	0.7	0.8	30.8951280812949	109.116392668802	0.3	0.7	30.1411626112779	89.3634650266741	0.3	0.6	1.ANKRD34A.ENST00000606888.3.missense.461S/C	1	-1.35714285714286	-1.35714285714286	True	False	False	1	False	0
chr1-182057400-182057401-G-C	NA	1	NA	NA	NA	ZNF648	Q204E	2	LPTEETHTPA	ENST00000339948.3	1	HLA-B*07:02	4	None	1	477.081	340.994	1.3	0.98	0.139	0	0	6	0.088	NoExpr	False	Reject	No comments	NA	NA	NA	3	NA	8	NA	3	NA	NA	16	NA	51	NA	NA	NA	LPTEETHTPAQASAT	ENST00000339948.3	536.91	693.72	9.44	12.62	1	568	protein_coding	ENSG00000179930	missense	Q/E	204	ZNF648	ENST00000339948.3:c.610C>G	ENSP00000344129.3:p.Gln204Glu	10	7	4	LPTQETHTPA	SMMPMBEC	254.466	245.262	0.964	PickPocket	0.7	0.8	2066	0.088	6	0	589	0	0.139	0.013	477.081	340.994	0.715	1.3	0.98	0.128586012870073	0.185546517372131	0.277108411910796	0.269043103461829	1.45222826086948	1.48627717391297	367.577096752287	471.65180933322	0.80275	0.90575	462.66	818.82	1.35	2	169.59	482.51	0.49	1	314.41	598.54	0.86	1.4	280.28	667.91	0.44	0.75	0.092836	0.050094	1.2	1.7	456.685289375157	437.341955446153	0.8	0.7	368.824701840274	348.192971215224	1.6	1.5	245.261850110455	254.466138805695	1.1	1.2	2.ZNF648.ENST00000339948.3.missense.204Q/E	None	-1.62857142857143	-1.34285714285714	False	False	False	0	False	0
chr1-209612152-209612153-G-C	NA	NA	NA	1	NA	CAMK1G	G426A	3	IASKGKSSY	ENST00000361322.3	1	HLA-C*07:01	2	None	1	3743.471	8672.719	7.116	18.35	0.556	0.452	0.251	73	0.082	Poor	False	Reject	No comments	1	NA	NA	22	2	NA	NA	NA	NA	NA	25	NA	23	NA	8	NA	AAGPCGCCSSCLNIA	ENST00000361322.3	220.84	2416.93	5.6	28.56	1	476	protein_coding	ENSG00000008118	missense	G/A	426	CAMK1G	ENST00000361322.3:c.1277G>C	ENSP00000354861.2:p.Gly426Ala	9	8	2	IGSKGKSSY	MHCflurry	612.261	2051.867	3.351	NetMHCpanEL	0.52	1.4	1324	0.082	73	0.452	401	0	0.556	0.127	3743.471	8672.719	2.317	7.116	18.35	0.0161997489631176	0.0488987751305103	0.0462297314111211	0.149770305614644	5.44942934782604	2.23160326086948	2051.86694541539	612.261146563967	3.291125	1.761625	38023.46	37689.53	84.93	81.34	22410.29	7299.15	9.7	2.1	30068.96	17316.93	45	24	9653.28	3840.92	3.1	0.94	0.011814	0.04001	1.4	0.52	7692.15795298522	3646.02181898492	27	12	1459.38540952799	1079.36914722993	39	33	2116.75210340519	1070.70541724931	48	33	5.CAMK1G.ENST00000361322.3.missense.426G/A	None	-1.7	-0.5	False	False	False	0	False	0
chr1-212100808-212100809-A-G	NA	1	NA	NA	NA	DTL	K607E	2	GPTESSKI	ENST00000366991.5	1	HLA-B*07:02	4	None	1	2883.009	1358.759	3.785	3.06	14.87	0.282	4.193	238	0.058	Poor	False	Accept	No comments	NA	NA	NA	NA	NA	11	1	5	NA	NA	13	NA	27	NA	NA	NA	PTESSKIEGAGTSISE	ENST00000366991.5	329.88	464.36	2.05	3.32	1	730	protein_coding	ENSG00000143476	missense	K/E	607	DTL	ENST00000366991.5:c.1819A>G	ENSP00000355958.4:p.Lys607Glu	8	5	4	GPTKSSKI	PickPocket	704.005	704.005	1	PickPocket	1.4	1.4	904	0.058	238	0.282	273	0	14.87	3.351	2883.009	1358.759	0.471	3.785	3.06	0.0141049921512603	0.0185914263129234	0.0756382231783864	0.030718890184346	3.5994836956521	8.01565217391304	1187.69985862739	3205.50358255012	1.322625	2.000125	1170.59	2682.76	2.52	4.27	10071.19	15272.87	7.9	13	864.68	1936.11	1.4	1.8	6910.95	12136.82	3.8	6.4	0.083253	0.028403	1.3	2.3	704.005128091668	704.005128091668	1.4	1.4	2570.4549690004	3083.25894409284	7.6	9.2	1529.81882226219	1046.26091077547	4.4	3.3	7.DTL.ENST00000366991.5.missense.607K/E	None	-0.971428571428571	-0.971428571428571	False	False	False	0	False	0
chr10-100524105-100524106-G-C	NA	NA	3	1	3	NDUFB8	L168V	2	SYNLGFVSAL	ENST00000370320.4	3	HLA-C*07:02	7	None	4	419.381	583.395	1.051	1.404	281.31	0.148	41.634	229	0.061	Poor	False	Accept	No comments	31	10	16	22	21	17	NA	NA	11	NA	29	19	25	NA	13	9	HHFSYNLGFVSALG	ENST00000370320.4	48	27.36	0.56	0.23	3	172	protein_coding	ENSG00000166136	missense	L/V	168	NDUFB8	ENST00000370320.4:c.502C>G	ENSP00000359344.4:p.Leu168Val	10	9	7	SYNLGFLSAL	NetMHCcons	142.72	184.04	1.29	NetMHCcons	0.22	0.3	637	0.061	229	0.148	240	0	281.31	10.083	419.381	583.395	1.391	1.051	1.404	0.0887595191597938	0.113657128065824	0.328973314530911	0.417473107638987	1.26605978260859	1.01160326086942	246.803491425987	182.802624156021	1.40775	1.09125	269.12	165.17	30.78	23.76	12636.66	7616.96	3.8	2	184.04	142.72	0.3	0.22	897.67	655.96	0.29	0.22	0.018372	0.030923	1.4	1	10527.3321026536	9759.45427565568	7.8	7	NA	NA	NA	NA	NA	NA	NA	NA	48.NDUFB8.ENST00000370320.4.missense.168L/V	None	2.17142857142857	2.17142857142857	False	False	False	0	False	0
chr10-133198481-133198482-G-C	NA	4	1	NA	1	KNDC1	Q684H	5	KPIVLAHNASV	ENST00000304613.8	1	HLA-B*07:02	7	None	5	319.37	682.715	0.885	1.25	4.225	0.564	2.383	39	0.07	Pass	False	Accept	No comments	8	51	25	66	24	61	NA	22	9	NA	89	9	69	48	48	8	TSEATHFKPIVLAHNA	ENST00000304613.8	16.09	35.06	0.48	1.15	1	1749	protein_coding	ENSG00000171798	missense	Q/H	684	KNDC1	ENST00000304613.8:c.2052G>C	ENSP00000304437.3:p.Gln684His	11	5	7	KPIVLAQNASV	NetMHCcons	57.51	78.29	1.361	NetMHCpan	0.36	0.81	1660	0.07	39	0.564	493	0	4.225	0.101	319.37	682.715	2.138	0.885	1.25	0.0436356700956821	0.0235429368913173	0.312326214212376	0.289656830093552	1.3205434782608	1.40296195652164	226.53925463745	235.260793238531	0.624875	0.639625	439.12	299.53	1.3	0.98	1217.5	339.21	2	0.79	78.29	57.51	0.58	0.4	733.62	214.98	0.81	0.36	0.158977	0.271084	0.82	0.52	631.809457573781	579.421175080228	1.2	1.1	2522.37701339087	1962.50151192071	3.7	2.7	3044.80861682194	1830.45897609614	4.6	2.5	50.KNDC1.ENST00000304613.8.missense.684Q/H	None	0.585714285714286	1.34285714285714	False	False	False	0	False	0
chr11-120446485-120446486-C-G	NA	2	NA	1	4	ARHGEF12	Q477E	3	VHPEVERHL	ENST00000397843.7	1	HLA-C*07:02	6	None	6	706.576	294.223	1.25	0.6	133.427	0.122	16.278	4228	0.06	Poor	False	Accept	No comments	2	NA	NA	1	8	3	NA	NA	20	3	13	1	15	18	2	NA	IQTMQERVHPEVE	ENST00000397843.7	424.26	663.1	7.1	12	1	1544	protein_coding	ENSG00000196914	missense	Q/E	477	ARHGEF12	ENST00000397843.7:c.1429C>G	ENSP00000380942.2:p.Gln477Glu	9	4	6	VHPEVQRHL	MHCnuggetsI	29.01	28.49	0.982	NetMHCpanEL	0.06	0.03	631	0.06	4228	0.122	211	0	133.427	0.409	706.576	294.223	0.416	1.25	0.6	0.197776846587658	0.209577105939388	0.755542301369189	0.741124777887989	0.349538043478233	0.371739130434761	55.1556299601095	62.300523279391	0.141	0.198125	28.49	29.01	4.01	4.15	7348.52	12513.25	1.9	3.8	2456.44	4625.9	3.9	6.8	533.29	1390.98	0.18	0.43	0.559054	0.403814	0.03	0.06	837.065307307968	1332.9536643312	0.7	1.6	51.3062177474232	80.199193324708	1.1	2.7	33.4680184709327	45.6698936204814	0.5	0.9	62.ARHGEF12.ENST00000397843.7.missense.477Q/E	None	-1.18571428571429	-1.12857142857143	False	False	False	0	False	0
chr11-70485390-70485391-C-T	NA	NA	1	NA	NA	SHANK2	M1038I	6	ILQQINREKL	ENST00000409161.5	1	HLA-B*08:01	5	None	1	4958.021	4609.64	5.45	5	26.845	0.206	5.53	175	0.053	Poor	False	Reject	No comments	8	NA	NA	18	2	32	1	12	4	NA	16	NA	5	10	10	1	ELNSILQQINREKLA	ENST00000409161.5	206.33	279.24	5.31	6.67	1	1253	protein_coding	ENSG00000162105	missense	M/I	1038	SHANK2	ENST00000409161.5:c.3114G>A	ENSP00000386491.1:p.Met1038Ile	10	6	5	ILQQMNREKL	SMM	840.659	1048.624	1.247	SMM	1.3	1.8	993	0.053	175	0.206	355	0	26.845	0.068	4958.021	4609.64	0.93	5.45	5	0.0532892048358917	0.1743238940835	0.0331764506354163	0.0529124474778077	7.3480163043478	4.88741847826084	3351.50389119436	3153.38756044723	2.33925	2.256375	4593.38	4926.17	6.62	6.99	5746.79	8593.32	6	9	4625.9	5681.68	4.9	6	5903.46	7981.95	4.7	6.6	0.0097	0.011873	6.1	5.4	4778.52115918281	4989.871863861	5.1	5.5	1048.62449921165	840.659257748872	1.8	1.3	1525.87866249875	1612.57528746419	3.2	3.5	56.SHANK2.ENST00000409161.5.missense.1038M/I	None	-1.51428571428571	-0.314285714285714	False	False	False	0	False	0
chr12-25245349-25245350-C-T	NA	1	NA	NA	NA	KRAS	G12D	11	GADGVGKSAL	ENST00000256078.10	1	HLA-B*07:02	3	None	1	1975.692	2337.385	3.605	3.8	13.974	0.22	3.074	605	0.08	Poor	False	Accept	No comments	1	3	NA	39	8	24	6	NA	22	3	37	7	35	3	1	NA	GADGVGKSALTIQLIQNH	ENST00000256078.10	123.5	120.39	3.53	3.46	1	189	protein_coding	ENSG00000133703	missense	G/D	12	KRAS	ENST00000256078.10:c.35G>A	ENSP00000256078.5:p.Gly12Asp	10	8	3	GAGGVGKSAL	SMMPMBEC	740.679	439.167	0.593	MHCflurry	0.836	1.03	522	0.08	605	0.22	198	0	13.974	1.675	1975.692	2337.385	1.183	3.605	3.8	0.0887017659842968	0.615145325660706	0.164939420046378	0.492667100718246	2.09464673913035	0.836059782608601	629.097625553559	830.712110517163	1.02975	1.15	2231.58	1874.21	3.81	3.41	4901.37	6646.79	4.8	5.8	4018.93	6030.06	3.8	4.9	8945.96	8751.14	4.7	4.6	0.01025	0.034154	3.8	2.1	2443.19073685795	2077.17373775978	4.3	3.8	907.444348017219	1332.9688483019	3.6	5.1	439.167304579307	740.678946190049	1.8	3	64.KRAS.ENST00000256078.10.missense.12G/D	None	0.614285714285714	0.614285714285714	False	False	False	0	False	0
chr12-39617063-39617064-C-T	3	NA	1	NA	NA	ABCD2	M348I	1	MIEQFLIKY	ENST00000308666.4	1	HLA-A*01:01	7	None	4	523.563	312.856	0.265	0.204	0.731	0	0	51	0.088	NoExpr	False	Reject	No comments	90	26	29	35	45	19	4	2	34	39	75	30	7	11	15	47	EQFLIKYVWSSS	ENST00000308666.4	21.07	11.36	0.13	0.03	1	740	protein_coding	ENSG00000173208	missense	M/I	348	ABCD2	ENST00000308666.4:c.1044G>A	ENSP00000310688.3:p.Met348Ile	9	3	7	MIEQFLMKY	MHCflurry	51.992	51.476	0.99	MHCflurry	0.045	0.044	703	0.088	51	0	261	0	0.731	0.731	523.563	312.856	0.598	0.265	0.204	0.367108657956123	0.588947482407093	0.857488584672722	0.928891399067398	0.188586956521718	0.0794021739130386	51.4755164427245	51.9919532688979	0.04375	0.04525	597.37	2350.98	0.06	0.12	150.59	435.43	0.22	0.47	126.7	238.6	0.23	0.29	192.78	626.11	0.11	0.24	0.737597	0.621925	0.09	0.13	476.884165661415	548.907939487181	0.3	0.4	608.905644579115	650.95355032352	0.6	0.7	432.932311313486	498.218672246173	0.5	0.5	75.ABCD2.ENST00000308666.4.missense.348M/I	None	-0.157142857142857	1.5	False	False	False	0	False	0
chr13-29492649-29492650-G-C	NA	NA	NA	1	1	MTUS2	L149F	3	DHDHKVQEF	ENST00000380808.6	1	HLA-C*07:02	9	None	2	3358.34	2739.586	4.7	5.1	0.708	0	0	9	0.061	NoExpr	False	Pending	No comments	28	NA	NA	NA	1	17	NA	4	17	8	5	NA	33	18	NA	16	KVQEFMSTHELEKKEL	ENST00000380808.6	46.24	94.92	0.53	1.41	1	348	protein_coding	ENSG00000132938	missense	L/F	149	MTUS2	ENST00000380808.6:c.447G>C	ENSP00000370186.2:p.Leu149Phe	9	1	9	DHDHKVQEL	MHCnuggetsI	16.02	15.18	0.948	NetMHCpanEL	0.16	0.25	329	0.061	9	0	129	0	0.708	0.098	3358.34	2739.586	0.816	4.7	5.1	0.6569635681808	0.677416883409023	0.81695199779073	0.861924147532238	0.251005434782599	0.180706521739125	201.232306127353	153.474299638921	1.188125	0.92025	15.18	16.02	0.85	1.01	24735.5	18727.4	13	7	16140.9	11666.98	23	17	9882.18	8918.9	3.7	3.3	0.140851	0.199521	0.25	0.16	5267.25377949397	6469.40997042221	14	17	211.919050771364	247.269186478458	13	16	141.784906128267	137.60366460245	6.5	6.1	76.MTUS2.ENST00000380808.6.missense.149L/F	None	-1.51428571428571	-1.51428571428571	False	False	False	0	False	0
chr16-27740346-27740347-T-C	NA	1	2	NA	1	KATNIP	S684P	1	SGKRKNPT	ENST00000261588.10	1	HLA-B*08:01	7	None	3	4895.555	4362.53	6.2	5.325	42.381	0.206	8.73	311	0.053	Poor	False	Reject	No comments	1	NA	NA	NA	NA	NA	NA	NA	NA	4	NA	NA	4	NA	NA	1	KLSSQGNVSGKRKNP	ENST00000261588.10	2841.42	2365.3	81	80	1	1618	protein_coding	ENSG00000047578	missense	S/P	684	KATNIP	ENST00000261588.10:c.2050T>C	ENSP00000261588.4:p.Ser684Pro	8	2	7	SGKRKNST	MHCnuggetsI	413.89	204.93	0.495	MHCnuggetsI	1.26	0.76	903	0.053	311	0.206	269	0	42.381	15.345	4895.555	4362.53	0.891	6.2	5.325	0.001065387336439	0.0010247462323604	0.0080996831744828	0.0061447109205337	27.6173913043478	37.3590489130435	12147.7746881064	16173.9971619054	5.449125	7.229	204.93	413.89	0.76	1.26	4917.78	5408.81	5.2	5.7	3807.28	4382.3	2.6	3.2	8145.98	7524.48	6.7	6.2	0.015142	0.009498	4.7	6.2	14252.4486128885	12653.2128518332	22	19	530.921117695851	514.079161686366	4.3	4.2	1008.46307246006	921.849448069514	7.4	6.9	79.KATNIP.ENST00000261588.10.missense.684S/P	None	-2.64285714285714	-2.64285714285714	False	False	False	0	False	1
chr16-28866868-28866869-G-A	NA	NA	1	NA	NA	SH2B1	E259K	6	FMGAKEAA	ENST00000618521.4	1	HLA-B*08:01	5	None	1	2515.654	17977.885	6	28.5	81.109	0.092	7.462	446	0.057	Poor	False	Accept	No comments	12	21	1	40	12	14	NA	10	32	14	55	19	50	1	18	1	LLSFMGAKEAAPD	ENST00000618521.4	18.02	16.26	0	0	1	756	protein_coding	ENSG00000178188	missense	E/K	259	SH2B1	ENST00000618521.4:c.775G>A	ENSP00000481709.1:p.Glu259Lys	8	4	5	FMGAEEAA	NetMHC	650.39	15375	23.64	NetMHC	1.2	20	1332	0.057	446	0.092	405	0	81.109	0	2515.654	17977.885	7.146	6	28.5	0.0026426464319229	0.0125068761408329	0.0037108040285012	0.0064308979606457	99.2866032608696	37.3590489130435	27413.4318922699	16087.8881707462	22.60675	7.229	21859.49	6943.66	31.01	9.22	15375	650.39	20	1.2	15126.34	2984.62	18	2	20580.77	2614.41	26	2.2	0.000288	0.011886	33	5.4	3202.07590947592	2416.89844963521	2.5	1.4	87102.3756067484	1276.52698512601	78	8.8	8330.28768599209	866.283415182066	31	6.6	84.SH2B1.ENST00000618521.4.missense.259E/K	None	-0.0714285714285714	0.0714285714285713	False	False	False	0	False	0
chr16-70943911-70943912-C-T	NA	7	2	NA	NA	HYDIN	R2190H	1	GPIHHWLSV	ENST00000393567.7	5	HLA-B*07:02	5	None	7	56.011	42.177	0.162	0.122	3.337	0	0	39	0.071	NoExpr	False	Review	No comments	1	NA	NA	16	1	3	NA	NA	7	NA	67	10	25	NA	2	NA	IHHWLSVSPSVGGE	ENST00000393567.7	69.99	91.4	0.13	0.21	5	5121	protein_coding	ENSG00000157423	missense	R/H	2190	HYDIN	ENST00000393567.7:c.6569G>A	ENSP00000377197.2:p.Arg2190His	9	5	5	GPIHRWLSV	NetMHCcons	26.11	26.53	1.016	NetMHCpan	0.1	0.09	808	0.071	39	0	215	0	3.337	0.207	56.011	42.177	0.753	0.162	0.122	0.739119477570057	0.553089074790478	0.95743065835294	0.9093995360207	0.0369565217391425	0.107173913043496	51.3532047971315	59.8417613934078	0.114	0.1635	31.19	52.18	0.06	0.16	33	30.21	0.13	0.12	26.53	26.11	0.29	0.29	28.47	35.96	0.09	0.1	0.744026	0.693018	0.11	0.12	254.608349869884	218.820024417617	1.2	1	91.8100026653798	84.5064776360063	0.6	0.6	74.3292926693883	68.4163656062546	0.5	0.5	86.HYDIN.ENST00000393567.7.missense.2190R/H	None	0.628571428571428	0.628571428571428	False	False	False	0	False	0
chr17-31522024-31522025-G-A	NA	NA	1	NA	NA	RAB11FIP4	R290Q	3	EAQLKNLKA	ENST00000621161.5	1	HLA-B*08:01	3	None	1	4874.857	697.361	6.05	1.2	105.041	0.217	22.794	2314	0.093	Poor	False	Accept	No comments	5	NA	NA	13	NA	13	2	NA	8	18	1	NA	15	40	1	22	KINLLNDLEAQLK	ENST00000621161.5	183.02	78.125	2.5	1.07	1	637	protein_coding	ENSG00000131242	missense	R/Q	290	RAB11FIP4	ENST00000621161.5:c.869G>A	ENSP00000482620.1:p.Arg290Gln	9	7	3	EARLKNLKA	MHCflurry	704.886	181.42	0.257	NetMHCpanEL	0.9	0.3	1041	0.093	2314	0.217	354	0	105.041	0.317	4874.857	697.361	0.143	6.05	1.2	0.152143504470587	0.221997790038586	0.452738887452978	0.220836571557477	0.927499999999881	1.71461956521732	181.419959982102	704.88554661693	0.3795	1.020125	3413.02	15953.71	5.32	20.46	727.07	5912.35	1.2	6.1	379.96	4701.59	1.2	6	619.24	3553.25	0.6	2.9	0.341967	0.130917	0.3	0.9	4106.84141846427	11233.4238012277	15	36	667.651762789514	3780.50659487071	2.2	8.9	918.607527693062	5048.12383500637	2.9	12	107.RAB11FIP4.ENST00000621161.5.missense.290R/Q	None	-0.771428571428571	-0.714285714285714	True	False	False	0	False	0
chr17-7673802-7673803-G-A	NA	NA	NA	1	1	TP53	R273C	18	GRNSFEVCV	ENST00000269305.9	1	HLA-C*07:01	8	8	1	1342.125	1398.79	1.18	1.385	50.159	0.436	21.869	1084	0.056	Poor	False	Reject	No comments	19	NA	NA	9	19	9	NA	NA	5	NA	11	2	61	NA	NA	NA	GNLLGRNSFEVCVCAC	ENST00000269305.9	205.31	72.01	4.15	1.38	1	393	protein_coding	ENSG00000141510	missense	R/C	273	TP53	ENST00000269305.9:c.817C>T	ENSP00000269305.4:p.Arg273Cys	9	2	8	GRNSFEVRV	SMM	35.577	38.034	1.069	MHCflurry	0.089	0.014	921	0.056	1084	0.436	328	0	50.159	11.508	1342.125	1398.79	1.042	1.18	1.385	0.947415582835674	0.703325636684895	0.9740188534632	0.921202475769803	0.0141576086956831	0.088804347826084	64.8081661248835	88.40838897685	0.207375	0.346625	30765.82	26526.17	28.39	16.3	3176.27	1723.93	0.77	0.42	1269.61	1325.76	2.2	2.2	1527.97	1358.49	0.32	0.28	0.08384	0.047208	0.27	0.46	2122.61272297631	2289.62075429042	5.8	6.2	38.0338246585796	35.5770553951685	2	1.9	42.5275143702579	42.4297038014208	2.2	2.2	87.TP53.ENST00000269305.9.missense.273R/C	8	0.842857142857143	0.842857142857143	False	False	False	1	False	0
chr19-15170799-15170800-T-G	NA	NA	6	1	2	NOTCH3	N1588H	1	VMLEIDHRL	ENST00000263388.7	1	HLA-C*07:02	7	None	6	2654.213	3736.013	4.829	6.278	71.871	0	0	1408	0.129	NoExpr	False	Reject	No comments	36	NA	1	16	4	25	13	28	56	41	12	NA	17	64	9	28	VIGSVVMLEIDHRL	ENST00000263388.7	290.27	302.8	2.69	2.86	1	2321	protein_coding	ENSG00000074181	missense	N/H	1588	NOTCH3	ENST00000263388.7:c.4762A>C	ENSP00000263388.1:p.Asn1588His	9	3	7	VMLEIDNRL	MHCnuggetsI	259.47	1154.12	4.448	MHCflurry	0.488	1.327	859	0.129	1408	0	291	0	71.871	32.504	2654.213	3736.013	1.408	4.829	6.278	0.594678819179535	0.840098112821579	0.31091773936826	0.670908261347284	1.32733695652166	0.488315217391275	1697.37534096194	878.456769800665	4.356625	3.157875	1154.12	259.47	53.7	30.25	12064.95	8570.39	3.6	2.3	5774.65	4429.97	8.2	6.5	8965.92	4862.02	3.3	1.7	0.006895	0.034232	2.6	0.93	8571.12627878052	7775.83727608344	23	21	220.886920239477	263.736355197685	14	17	470.576245085892	517.166041247624	32	35	108.NOTCH3.ENST00000263388.7.missense.1588N/H	None	-0.371428571428571	0.6	False	False	False	0	False	0
chr19-37885566-37885567-T-C	2	NA	2	NA	4	WDR87	M2702V	2	MEVQYFYPA	ENST00000447313.7	2	HLA-B*08:01	3	None	8	1343.857	128.736	2.6	0.5	0.001	0	0	0	0.052	NoExpr	False	Reject	No comments	35	10	8	29	34	26	NA	NA	32	12	55	7	49	16	9	15	IAHKEMEVQYFYPATRDI	ENST00000447313.7	37.61	52.75	0.59	0.94	2	2912	protein_coding	ENSG00000171804	missense	M/V	2702	WDR87	ENST00000447313.7:c.8104A>G	ENSP00000405012.2:p.Met2702Val	9	7	3	MEMQYFYPA	SMM	684.778	84.83	0.124	NetMHC	1.3	0.07	1416	0.052	0	0	439	0	0.001	0	1343.857	128.736	0.096	2.6	0.5	0.270132198929787	0.313464138656855	0.024397293728072	0.0182543940787251	9.84945652173911	12.8054619565217	10226.6099507688	16247.0512591667	4.722625	7.3245	153.21	2042.25	0.6	3.71	25.25	817.93	0.07	1.3	69.88	1354.76	0.3	2.4	226.29	1711.4	0.25	1.6	0.023629	0.008399	3.5	6.6	567.017447389529	1332.9536643312	0.6	2.8	84.8301041097193	684.778316570214	0.3	2.2	104.262947928963	734.733767556227	0.4	2.4	110.WDR87.ENST00000447313.7.missense.2702M/V	None	0.157142857142857	0.157142857142857	False	False	False	0	False	0
chr2-106843145-106843146-G-A	NA	3	1	2	3	ST6GAL2	R278C	3	APFSALGWRCL	ENST00000361686.8	1	HLA-B*07:02	10	10	6	390.447	369.045	0.69	0.459	3.372	0	0	70	0.066	NoExpr	False	Reject	No comments	61	41	15	50	46	23	NA	NA	64	8	97	28	62	2	39	NA	LGWRCLVPAVPLSQLH	ENST00000361686.8	3.41	2.95	0.03	0.02	1	529	protein_coding	ENSG00000144057	missense	R/C	278	ST6GAL2	ENST00000361686.8:c.832C>T	ENSP00000355273.4:p.Arg278Cys	11	2	10	APFSALGWRRL	NetMHCcons	42.71	29.25	0.685	MHCflurry	0.082	0.275	1089	0.066	70	0	322	0	3.372	0	390.447	369.045	0.945	0.69	0.459	0.535455245524645	0.660133693367243	0.802373293701229	0.926541761947028	0.274510869565205	0.0822282608695559	142.493720835368	69.8575255461937	0.467875	0.220375	108.92	304.01	0.4	0.99	449.42	541.49	0.93	1.2	29.25	42.71	0.22	0.34	288.67	282.94	0.45	0.44	0.444011	0.291756	0.3	0.48	585.724422103472	476.884165661415	1.1	0.9	3861.97981883772	4547.8905042801	5.9	7.1	2561.8871774334	2633.66177236277	3.8	3.9	14.ST6GAL2.ENST00000361686.8.missense.278R/C	10	0.871428571428571	1.05714285714286	False	False	False	1	False	0
chr2-99593685-99593686-C-T	NA	4	2	3	5	AFF3	V29I	5	RTRGLSRII	ENST00000445815.2	2	HLA-B*07:02	9	None	8	693.669	826.847	1.625	1.933	6.119	0	0	45	0.068	NoExpr	False	Review	No comments	4	31	NA	42	13	1	NA	NA	NA	NA	43	2	10	1	20	NA	RRTRGLSRIIPKSKEF	ENST00000445815.2	79.44	122	2.43	3.5	2	580	protein_coding	ENSG00000144218	missense	V/I	29	AFF3	ENST00000445815.2:c.85G>A	ENSP00000416685.2:p.Val29Ile	9	1	9	RTRGLSRIV	NetMHC	283.24	315.25	1.113	NetMHC	0.71	0.76	1657	0.068	45	0	453	0	6.119	0.272	693.669	826.847	1.192	1.625	1.933	0.0963636711239814	0.0893255248665809	0.0340858781646375	0.0591829658204311	7.14706521739129	4.39192934782604	3809.49861585025	2047.73860570968	2.165125	1.650375	422.92	359.74	1.26	1.12	315.25	283.24	0.76	0.71	570.09	517.2	1.7	1.6	851.72	650.86	0.86	0.74	0.06477	0.075796	1.5	1.4	1347.4542324467	855.376437201731	6.2	3.9	897.201518606611	845.064776360061	3.1	2.9	801.973466912979	736.478376181135	2.8	2.6	12.AFF3.ENST00000445815.2.missense.29V/I	None	0.371428571428571	0.371428571428571	False	False	False	0	False	0
chr20-18596126-18596127-C-G	NA	NA	NA	NA	1	DTD1	L86V	4	VVKGNKPDF	ENST00000377452.4	1	HLA-C*07:02	2	None	1	2693.589	2527.269	6.55	5.595	2.784	0.269	0.749	765	0.083	Poor	False	Reject	No comments	26	NA	3	10	17	3	NA	NA	4	NA	30	5	21	NA	1	NA	VVKGNKPDFHLAM	ENST00000377452.4	520.92	819.1	10.4	14.21	1	209	protein_coding	ENSG00000125821	missense	L/V	86	DTD1	ENST00000377452.4:c.256C>G	ENSP00000366672.4:p.Leu86Val	9	8	2	VLKGNKPDF	SMMPMBEC	132.626	96.079	0.724	MHCflurry	3.133	2.661	909	0.083	765	0.269	269	0	2.784	0.685	2693.589	2527.269	0.938	6.55	5.595	0.206679683178663	0.213698700070381	0.115086274707915	0.0905780739078055	2.66062499999992	3.13263586956514	1486.56608316224	2007.10287048115	4.09	4.73075	1353.07	259.02	56.38	30.22	11566.81	11944.93	3.4	3.6	5651.03	7568.32	8.1	12	15760.2	17187.21	7.1	8.1	0.004525	0.004319	3.2	3.3	3567.97106119069	3380.0760613847	7.9	7.3	162.618518424057	166.406390318416	8.2	8.5	96.0793375451974	132.62640570086	3.6	5.8	111.DTD1.ENST00000377452.4.missense.86L/V	None	-2	-0.7	False	False	False	0	False	0
chr20-62882395-62882396-G-A	NA	6	2	2	1	DIDO1	P1187L	2	SPRLNIILGL	ENST00000395343.6	1	HLA-B*07:02	4	None	8	63.477	52.499	0.12	0.075	110.358	0.201	22.182	837	0.052	Pass	False	Accept	No comments	43	18	12	57	26	29	NA	NA	14	NA	12	3	19	9	14	NA	LESPRLNIILGLVI	ENST00000395343.6	174.79	539.01	4.67	10.64	1	2240	protein_coding	ENSG00000101191	missense	P/L	1187	DIDO1	ENST00000395343.6:c.3560C>T	ENSP00000378752.1:p.Pro1187Leu	10	7	4	SPRPNIILGL	NetMHCpan	16.12	13.05	0.81	NetMHCpan	0.05	0.04	747	0.052	837	0.201	227	0	110.358	33.057	63.477	52.499	0.827	0.12	0.075	0.655636049807072	0.296566464006901	0.958749383800789	0.835484258289014	0.0355978260869562	0.222663043478235	36.6285418722899	47.4055759242885	0.02425	0.08925	68.37	79.77	0.23	0.28	30.19	34.65	0.12	0.14	15.2	19.18	0.05	0.1	13.05	16.12	0.04	0.05	0.966658	0.86709	0.02	0.06	116.827962316982	108.306372899854	0.1	0.1	145.150989239194	131.771048007013	0.7	0.6	81.9652938145423	79.5481346152184	0.4	0.4	116.DIDO1.ENST00000395343.6.missense.1187P/L	None	2.35714285714286	2.35714285714286	False	False	False	0	False	0
chr21-32657083-32657084-T-A	2	NA	NA	1	2	SYNJ1	D872V	8	SFQVESKIL	ENST00000433931.7	1	HLA-C*07:02	4	None	3	1377.309	687.31	5.2	1.85	26.045	0.081	2.11	335	0.053	Poor	False	Accept	No comments	54	NA	6	8	12	43	15	36	16	3	50	9	39	46	7	45	SFQVESKILYTW	ENST00000433931.7	81.08	478.71	1.17	7.06	1	1612	protein_coding	ENSG00000159082	missense	D/V	872	SYNJ1	ENST00000433931.7:c.2615A>T	ENSP00000409667.2:p.Asp872Val	9	6	4	SFQDESKIL	SMMPMBEC	152.627	84.651	0.555	MHCflurry	1.029	0.316	457	0.053	335	0.081	158	0	26.045	1.048	1377.309	687.31	0.499	5.2	1.85	0.0223600007593631	0.0547198504209518	0.550195373187075	0.384311557572482	0.717173913043354	1.10002717391288	75.6016082437328	170.02330055295	0.31625	1.028625	772.84	161.64	47.1	23.44	9014.56	17964.48	2.5	6.5	601.78	2510.18	1.2	3.9	2721.4	5194.3	0.84	1.8	0.057806	0.010965	0.62	2	1864.15973431607	3307.718431318	2.8	7.1	186.711040851039	244.438719506583	9.9	16	84.6505920635526	152.626519264851	2.9	7.3	120.SYNJ1.ENST00000433931.7.missense.872D/V	None	0.114285714285714	0.114285714285714	False	False	False	0	False	0
chr21-41243462-41243463-C-G	NA	NA	NA	1	3	BACE2	L279V	3	YYQIEIVKL	ENST00000330333.11	1	HLA-C*07:02	7	None	3	100.607	82.076	0.192	0.152	79.082	0.217	17.161	848	0.073	Pass	False	Accept	No comments	56	3	10	17	26	16	6	13	27	46	27	13	23	NA	7	12	TPIKEEWYYQIEIVKL	ENST00000330333.11	71.52	41.25	0.98	0.45	1	518	protein_coding	ENSG00000182240	missense	L/V	279	BACE2	ENST00000330333.11:c.835C>G	ENSP00000332979.6:p.Leu279Val	9	3	7	YYQIEILKL	MHCnuggetsI	16.89	14.53	0.86	NetMHCpanEL	0.02	0.03	648	0.073	848	0.217	242	0	79.082	0	100.607	82.076	0.816	0.192	0.152	0.694525241851807	0.797564499080181	0.945515492840598	0.962331997270422	0.0538586956521953	0.0298641304348024	57.0111235772692	55.7247408721183	0.1535	0.14475	14.53	16.89	0.73	1.18	555.64	562.7	0.11	0.11	107.14	135.2	0.15	0.24	142.4	186.48	0.05	0.07	0.595071	0.622912	0.03	0.02	2122.61272297631	2607.06100147072	3.6	5.1	48.4361928855487	45.6215461740719	1	0.9	55.2878879764039	66.0130805647796	1.3	2	126.BACE2.ENST00000330333.11.missense.279L/V	None	0.871428571428571	0.871428571428571	False	False	False	0	False	0
chr22-17885999-17886000-G-C	2	3	NA	2	1	MICAL3	L707V	7	RPTLVSTVT	ENST00000585038.1	1	HLA-B*07:02	8	None	7	146.932	488.542	0.592	1.55	88.506	0.156	13.807	1090	0.053	Pass	False	Accept	No comments	NA	9	NA	7	NA	NA	NA	NA	NA	NA	18	NA	36	62	NA	2	RPTLVSTVTDRRMDV	ENST00000585038.1	84.19	91.985	1.2	1.2	1	1073	protein_coding	ENSG00000243156	missense	L/V	707	MICAL3	ENST00000585038.1:c.2119C>G	ENSP00000462033.1:p.Leu707Val	9	2	8	RPTLVSTLT	MHCflurry	102.034	230.318	2.257	NetMHCpan	0.26	0.62	977	0.053	1090	0.156	273	0	88.506	4.293	146.932	488.542	3.325	0.592	1.55	0.0533874258399009	0.315808761864901	0.316299125908592	0.720809407827855	1.31081521739122	0.403260869565216	230.317977699524	102.03403256914	0.63225	0.35175	2374.84	1660.2	3.96	3.14	853.11	132.47	1.6	0.4	953.12	120.68	2.2	0.78	500.2	125.87	0.62	0.26	0.158015	0.356551	0.82	0.4	476.884165661415	316.120050253441	2.2	1.5	355.541254124423	161.394971683081	1.5	0.9	418.947882793752	182.037138468918	1.8	1	133.MICAL3.ENST00000585038.1.missense.707L/V	None	1.32857142857143	1.32857142857143	False	False	False	0	False	0
chr3-14704550-14704551-G-A	NA	NA	NA	NA	2	C3orf20	E365K	3	KGKAPKKAF	ENST00000253697.8	1	HLA-C*07:02	1	None	2	3786.467	6379.483	8.05	9.25	0.136	0	0	2	0.067	NoExpr	False	Pending	No comments	NA	NA	NA	26	1	NA	NA	NA	NA	NA	3	NA	10	NA	1	NA	QKGKAPKKAFKF	ENST00000253697.8	988.98	1749.62	16.13	23.35	1	904	protein_coding	ENSG00000131379	missense	E/K	365	C3orf20	ENST00000253697.8:c.1093G>A	ENSP00000253697.3:p.Glu365Lys	9	9	1	EGKAPKKAF	MHCnuggetsI	50.76	154.26	3.039	MHCflurry	1.671	5.222	998	0.067	2	0	381	0	0.136	0.119	3786.467	6379.483	1.685	8.05	9.25	0.076017141342163	0.0607976987957954	0.0475880377643066	0.228966946066307	5.34668478260863	1.67100543478251	2472.80690001162	373.473970087749	5.221625	1.907125	154.26	50.76	22.78	9.15	10286.16	7199.46	2.9	1.9	21040.32	13722.81	31	20	28065.45	22731.17	23	15	0.002128	0.00418	4.8	3.4	15044.7277748717	8664.36747969986	40	23	169.890854217342	147.628429612518	8.7	7	185.622236057296	177.676503854535	9.8	9.1	26.C3orf20.ENST00000253697.8.missense.365E/K	None	-0.985714285714286	-0.985714285714286	False	False	False	0	False	0
chr3-165829942-165829943-C-A	NA	1	NA	NA	2	BCHE	G364V	3	FLVYGAPVF	ENST00000264381.8	1	HLA-C*07:02	8	None	3	1652.875	2562.268	2.721	5.643	3.314	0	0	71	0.051	NoExpr	False	Reject	No comments	39	26	13	58	36	48	21	39	32	30	63	32	39	27	28	76	AFLVYGAPVFSKD	ENST00000264381.8	25.36	78.24	0.02	0.44	1	602	protein_coding	ENSG00000114200	missense	G/V	364	BCHE	ENST00000264381.8:c.1091G>T	ENSP00000264381.3:p.Gly364Val	9	2	8	FLVYGAPGF	SMMPMBEC	395.03	386.038	0.977	NetMHC	0.26	0.73	791	0.051	71	0	256	0	3.314	2.999	1652.875	2562.268	1.55	2.721	5.643	0.0118686817586421	0.016877207905054	0.0563194702851386	0.177782956811849	4.58573369565214	1.98970108695644	1630.33605242538	441.206800795142	4.269125	2.141625	1342.7	1889.98	56.25	62.2	3494.2	1415.77	0.73	0.26	4526.88	2077.17	6.7	3.3	4330.73	2021.52	1.5	0.62	0.009092	0.02323	2.2	1.2	4478.16089666066	3932.89229682844	12	8.9	397.347056351168	429.704597186448	27	29	386.037949381138	395.029928356151	26	27	31.BCHE.ENST00000264381.8.missense.364G/V	None	1.38571428571429	1.52857142857143	False	False	False	0	False	0
chr3-44797622-44797623-G-A	1	NA	2	1	1	KIF15	G308R	2	LVDVGNRK	ENST00000326047.9	1	HLA-A*01:01	7	None	3	4465.247	4800.853	3.754	3.549	3.415	0.278	0.949	144	0.055	Poor	False	Reject	No comments	1	NA	NA	23	1	NA	NA	NA	NA	NA	17	NA	17	29	1	6	LGQVITALVDVGNRKQ	ENST00000326047.9	210.31	1189.11	5.39	18.2	1	1388	protein_coding	ENSG00000163808	missense	G/R	308	KIF15	ENST00000326047.9:c.922G>A	ENSP00000324020.4:p.Gly308Arg	8	2	7	LVDVGNGK	PickPocket	1691.19	1362.113	0.805	PickPocket	0.5	0.3	740	0.055	144	0.278	223	0	3.415	1.605	4465.247	4800.853	1.075	3.754	3.549	0.3156709196046	0.202541008591652	0.0681598788487663	0.0540192854187496	3.89864130434776	4.80709239130432	3998.56684590671	3416.9232437494	1.822125	1.678375	5603.14	5513.57	99.41	97.63	28781.98	33929.53	33	59	10301.97	9195.62	3.2	2.7	24940.02	23334.98	15	13	0.002799	0.004999	7.9	5.6	1362.11254533707	1691.18996491218	0.3	0.5	3132.85287479639	3132.85287479639	2.2	2.2	2574.00863799903	2326.00155108448	1.7	1.5	29.KIF15.ENST00000326047.9.missense.308G/R	None	-1.05714285714286	0.0428571428571427	False	False	False	0	False	0
chr3-9829089-9829090-C-T	NA	NA	NA	1	NA	TTLL3	P373S	9	ASNAWSTII	ENST00000310252.11	1	HLA-C*07:01	2	None	1	3797.39	13817.859	4.2	14.421	78.662	0.127	9.99	742	0.056	Poor	False	Accept	No comments	3	3	NA	9	7	5	NA	NA	NA	9	87	3	24	NA	NA	NA	AHLQEMGASNAWSTIIVP	ENST00000310252.11	54.74	85.7	0.98	1.69	1	520	protein_coding	ENSG00000214021	missense	P/S	373	TTLL3	ENST00000310252.11:c.1117C>T	ENSP00000312148.7:p.Pro373Ser	9	8	2	APNAWSTII	SMM	37.859	977.62	25.823	NetMHC	0.4	2.4	2261	0.056	742	0.127	726	0.001	78.662	0	3797.39	13817.859	3.639	4.2	14.421	0.204703349620104	0.0499161556363105	0.0129030752543138	0.0166665147515931	18.6179891304348	14.2770380434783	15713.517516344	6843.48055138954	12.842125	6.335	22921.54	21801.48	10.66	9.39	8086.53	1642	2.4	0.4	11922.2	3116.62	16	4	16534.37	4561.1	7	1.3	0.000314	0.001574	11	4.4	50000	4478.16089666066	85	15	977.619825049836	37.8590751077483	31	2	862.323059927648	74.2454766962412	29	3.8	17.TTLL3.ENST00000310252.11.missense.373P/S	None	0.7	0.7	False	False	False	0	False	0
chr8-143721264-143721265-C-T	NA	NA	NA	1	1	MAPK15	S353L	1	LREKGPEGV	ENST00000338033.9	1	HLA-C*07:02	1	None	1	1735.547	1352.852	12.35	11.1	23.607	0.577	13.621	447	0.061	Poor	False	Reject	No comments	NA	NA	NA	2	NA	NA	NA	NA	NA	NA	5	NA	17	NA	NA	NA	TLREKGPEGVSPSQAHLH	ENST00000338033.9	414.44	733.28	8.86	13.18	1	544	protein_coding	ENSG00000181085	missense	S/L	353	MAPK15	ENST00000338033.9:c.1058C>T	ENSP00000337691.4:p.Ser353Leu	9	9	1	SREKGPEGV	MHCnuggetsI	239.01	140.67	0.589	MHCflurry	3.239	2.077	1259	0.061	447	0.577	395	0	23.607	2.796	1735.547	1352.852	0.779	12.35	11.1	0.0020830556750297	0.0052848383784294	0.166529758637514	0.0862414816752092	2.0770380434782	3.23874999999992	453.474368543657	992.980144919734	2.173375	3.36875	140.67	239.01	21.54	29.03	15666.19	19831.85	5.2	7.7	13501.89	19191.6	20	28	24093.64	24191.32	17	17	0.001973	0.00132	5	6.1	2192.64171894287	2314.52844807955	3.8	4.2	513.062177474232	1156.56487873472	34	63	441.194408754373	597.901991532402	30	39	46.MAPK15.ENST00000338033.9.missense.353S/L	None	-1.3	-1.3	False	False	False	0	False	0
chr8-71354829-71354830-C-T	NA	5	1	NA	NA	EYA1	G26S	12	GPKLSNSHI	ENST00000340726.8	1	HLA-B*07:02	5	None	5	671.013	654.834	1.6	1.45	0.136	0	0	7	0.055	NoExpr	True	Reject	No comments	NA	NA	NA	3	NA	NA	NA	NA	NA	NA	9	NA	1	NA	NA	NA	SNSHINSNSMTPNGTE	ENST00000340726.8	977.74	2463.68	18.03	39.88	1	592	protein_coding	ENSG00000104313	missense	G/S	26	EYA1	ENST00000340726.8:c.76G>A	ENSP00000342626.3:p.Gly26Ser	9	5	5	GPKLGNSHI	MHCflurry	54.618	46.945	0.86	MHCflurry	0.135	0.086	559	0.055	7	0	151	0	0.136	0.009	671.013	654.834	0.976	1.6	1.45	0.293266747146845	0.133754659444094	0.835181411035956	0.713285346952864	0.222663043478235	0.416739130434777	46.9454997609116	54.6177391426523	0.086125	0.135	820.13	753.83	2	1.89	654.79	981.27	1.4	1.8	814.73	878.83	2	2.1	167.29	201.62	0.31	0.34	0.702269	0.669931	0.12	0.14	330.101822680163	306.023749734804	1.5	1.4	666.637898874696	691.655763143712	2.4	2.5	654.877395378473	650.369251098462	2.4	2.4	35.EYA1.ENST00000340726.8.missense.26G/S	None	-0.557142857142857	-0.557142857142857	False	False	False	0	False	0
chr9-97655737-97655738-C-G	NA	NA	4	1	4	NCBP1	F424L	1	WFSHHLSNL	ENST00000375147.8	1	HLA-C*07:02	9	None	6	649.089	584.42	1.88	1.264	28.259	0.216	6.104	566	0.053	Poor	False	Accept	Use second best peptide due to anchor concern	69	16	14	23	8	7	NA	NA	45	20	80	12	9	NA	31	8	INWFSHHLSNLQF	ENST00000375147.8	43.91	142.65	1.44	3.97	1	790	protein_coding	ENSG00000136937	missense	F/L	424	NCBP1	ENST00000375147.8:c.1272C>G	ENSP00000364289.3:p.Phe424Leu	9	1	9	WFSHHLSNF	MHCnuggetsI	169.13	196.75	1.163	NetMHCpan	0.32	0.27	435	0.053	566	0.216	200	0	28.259	16.581	649.089	584.42	0.9	1.88	1.264	0.0807626396417617	0.027433056384325	0.453036572175097	0.242593702586048	0.927499999999881	1.60233695652164	139.710824297916	305.957392713475	0.83325	1.6605	196.75	169.13	26.22	24.09	1542.89	2867.71	0.29	0.58	860.02	1283.42	1.6	2.1	836.05	992.22	0.27	0.32	0.05307	0.027778	0.67	1.1	5441.03041320878	4429.96936959386	15	12	332.789794861024	285.213448702349	22	19	176.860154472884	182.23424842802	9.1	9.5	47.NCBP1.ENST00000375147.8.missense.424F/L	None	-0.557142857142857	-0.328571428571429	False	False	False	0	False	0
