ID	A*01:01	A*23:01	B*07:02	B*38:01	C*07:02	C*12:03	Gene	AA Change	Num Passing Transcripts	Best Peptide	Best Transcript	TSL	Allele	Pos	Prob Pos	Num Passing Peptides	IC50 MT	IC50 WT	%ile MT	%ile WT	RNA Expr	RNA VAF	Allele Expr	RNA Depth	DNA VAF	Tier	Ref Match	Comments	Evaluation_pred	Accept_pred_prob
chr5-58991931-58991932-T-C			4.0		3.0	2.0	PDE4D	Q363R	10	RPMSRISGV	ENST00000340635.11	1.0	HLA-B*07:02	5		7	19.129	35.181	0.045	0.116	19.486	0.31	6.041	245	0.322	Pass	False	No comments	Accept	0.9207920792079208
chr16-8768905-8768906-G-A		3.0	3.0		1.0	2.0	ABAT	R250Q	5	APFPQLKYPL	ENST00000569156.5	1.0	HLA-B*07:02	5		7	64.041	42.72	0.23	0.125	29.32	0.431	12.637	852	0.391	Pass	False	No comments	Accept	0.9504950495049505
chr2-47809248-47809249-T-A	2.0				2.0	2.0	FBXO11	N822Y	3	YQDAIEKAV	ENST00000403359.8	1.0	HLA-C*12:03	1		6	468.75	5222.951	2.23	7.03	56.389	0.253	14.266	1359	0.26	Pass	False	No comments	Accept	0.6831683168316832
chr17-7676054-7676055-GC-G		3.0	3.0		1.0	5.0	TP53	FS105	15	TYQAATVSVW	ENST00000269305.9	1.0	HLA-A*23:01	4-10		10	60.863		0.135		14.586	0.156	2.275	358	0.565	Pass	False	No comments	Accept	0.9504950495049505
chr12-25227341-25227342-T-C	1.0		1.0		2.0	1.0	KRAS	Q61R	4	ILDTAGREEY	ENST00000256078.10	1.0	HLA-A*01:01	7		4	283.601	151.118	0.145	0.11	23.659	0.228	5.394	1418	0.414	Pass	False	No comments	Accept	0.801980198019802
chr1-117623423-117623425-AAT-A		4.0	2.0	6.0	4.0	4.0	TENT5C	FS186	1	SFQHPGFFAF	ENST00000369448.4	1.0	HLA-A*23:01	4-10		13	51.686		0.155		2.485	0.284	0.706	306	0.31	LowExpr	False	No comments	Accept	0.7128712871287128
chr6-165435330-165435331-C-T			2.0		1.0	1.0	PDE10A	R414H	10	KPHLIPAGPI	ENST00000539869.4	1.0	HLA-B*07:02	3		3	38.391	13.224	0.222	0.083	0.756	0.209	0.158	43	0.655	LowExpr	False	No comments	Review	0.4158415841584158
chr14-70732630-70732631-C-G			5.0		1.0		MAP3K9	R927P	5	HPRTPSDGAL	ENST00000555993.6	1.0	HLA-B*07:02	2		6	41.435	4437.79	0.049	4.265	7.907	0.174	1.376	242	0.155	Subclonal	False	No comments	Accept	0.7821782178217822
chr17-39203094-39203095-G-C	1.0				4.0		RPL19	K114N	5	NIDRHMYHSLY	ENST00000225430.9	1.0	HLA-A*01:01	1		5	176.085	476.578	0.171	0.258	907.01	0.002	1.814	12122	0.106	Subclonal	False	No comments	Review	0.46534653465346537
chr19-33113798-33113799-G-A		1.0	1.0	3.0	1.0	2.0	GPATCH1	R642H	1	LPRVKHDKYSV	ENST00000170564.7	1.0	HLA-B*07:02	6		6	473.449	350.303	0.854	0.886	17.562	0.17	2.986	684	0.181	Subclonal	False	No comments	Accept	0.8712871287128713
chr17-39201321-39201322-G-C			1.0		2.0	1.0	RPL19	D39H	1	HRSGSSSKM	ENST00000678147.1		HLA-C*07:02	1		4	395.932	855.478	0.55	1.688	907.01	0.822	745.562	455	0.081	Poor	False	No comments	Review	0.33663366336633666
chr11-62691225-62691226-C-G					1.0	2.0	BSCL2	G276R	1	LIFVGGQRY	ENST00000682262.1		HLA-C*12:03	8		2	576.27	1085.25	2.8	2.3	86.745	0.224	19.431	49	0.094	Poor	False	No comments	Review	0.44554455445544555
chr7-152358631-152358632-T-C						1.0	KMT2C	M69V	12	TAVEDEDSV	ENST00000262189.11	1.0	HLA-C*12:03	9		1	597.278	1287.67	3.45	4.9	111.111	0.164	18.222	1528	0.156	Poor	False	No comments	Review	0.42574257425742573
chr22-42129170-42129171-G-A	1.0	1.0	1.0			1.0	CYP2D6	R123C	1	VFLACYGPAW	ENST00000645361.2		HLA-A*23:01	5	5	4	181.494	229.383	0.49	0.69	6.759	0.222	1.5	167	0.373	Poor	False	No comments	Reject	0.0891089108910891
chr22-37495957-37495958-G-A		1.0				1.0	CARD10	P702L	5	AWAKGLGAEPF	ENST00000251973.10	1.0	HLA-A*23:01	6		2	1856.24	2102.741	1.6	1.764	54.982	0.365	20.068	2093	0.41	Poor	False	No comments	Review	0.5346534653465347
chr1-53271057-53271058-C-A		2.0	2.0		2.0	1.0	LRP8	D408Y	15	YPGYEMYLL	ENST00000306052.12	1.0	HLA-B*07:02	7		5	532.09	916.65	1.389	1.9	17.546	0.044	0.772	504	0.083	Poor	False	No comments	Review	0.37623762376237624
chr13-48707085-48707086-C-T	4.0	4.0			2.0	7.0	CYSLTR2	T90M	3	LFISMLPF	ENST00000614739.4	1.0	HLA-A*23:01	5		11	527.766	430.671	1.03	0.775	0.704	0.282	0.199	39	0.474	Poor	False	No comments	Review	0.36633663366336633
chr4-3172344-3172345-T-C			1.0				HTT	L1297P	6	VEEILGYPK	ENST00000355072.11	1.0	HLA-C*12:03	8		1	21939.496	25147.816	56.5	57.855	25.365	0.678	17.197	603	0.568	Poor	False	No comments	Review	0.4158415841584158
chr2-152718628-152718629-C-T							ARL6IP6	S2L	0	LFAESGWRSAL	ENST00000326446.10	1.0	HLA-C*12:03	1		0	4613.33	4576.4	12.092	10.27	31.211	0.286	8.926	336	0.163	Poor	False	No comments	Reject	0.1782178217821782
chr2-73263765-73263766-G-A						1.0	FBXO41	R663C	3	CISHCPNIL	ENST00000295133.9	1.0	HLA-C*12:03	1	1,5	1	1323.216	501.149	11.3	5.3	6.902	0.315	2.174	454	0.375	Poor	False	No comments	Review	0.24752475247524752
chr20-63694908-63694909-A-G							RTEL1	D1093G	0	KQDDDLGKV	ENST00000370018.7	1.0	HLA-C*12:03	7		0	2875.532	3116.121	8.679	9.889	28.884	0.085	2.455	845	0.095	Poor	False	No comments	Review	0.25742574257425743
chr18-51047227-51047228-T-G							SMAD4	I61R	0	TARTTNGAH	ENST00000589941.1	3.0	HLA-B*07:02	3		0	3735.625	16294.15	4.35	15.5	30.262	0.115	3.48	489	0.064	Poor	False	No comments	Review	0.2871287128712871
chr10-48459852-48459853-C-T					3.0		ARHGAP22	E180K	7	KRKYGPRLA	ENST00000417912.6	1.0	HLA-C*07:02	1		3	1068.795	2820.409	6.5	12.1	8.157	0.053	0.432	113	0.165	Poor	False	No comments	Reject	0.1782178217821782
chr7-138628270-138628271-G-A					1.0	2.0	SVOPL	A167V	6	SKSDSVVVV	ENST00000436657.5	1.0	HLA-C*12:03	6		2	1274.745	2752.58	6.432	8.185	3.669	0.087	0.319	104	0.37	Poor	False	No comments	Review	0.2376237623762376
chr14-75963470-75963471-A-T							TGFB3	D257E	0	KGVDNEEDH	ENST00000238682.8	1.0	HLA-C*07:02	7		0	7615.43	9094.804	21.616	24.809	11.921	0.013	0.155	306	0.051	Poor	False	No comments	Reject	0.13861386138613863
chr1-197062948-197062949-GA-G		3.0	5.0			4.0	F13B	FS58	1	KPRVQQKAGL	ENST00000367412.2	1.0	HLA-B*07:02	1-10		10	23.439		0.13		0.035	0.0	0.0	0	0.058	NoExpr	False	No comments	Reject	0.04950495049504951
chr1-210804132-210804133-G-A	3.0	5.0	1.0		3.0	9.0	KCNH1	T472M	9	TIFGNVMTI	ENST00000639952.1	1.0	HLA-C*12:03	7		14	28.545	29.91	0.275	0.265	0.322	0.0	0.0	8	0.312	NoExpr	False	No comments	Reject	0.0594059405940594
chr15-23647228-23647229-G-A			9.0		1.0	4.0	MAGEL2	P172S	1	SPPPGTPM	ENST00000650528.1		HLA-B*07:02	1		10	91.225	991.442	0.305	1.65	0.147	0.0	0.0	2	0.551	NoExpr	False	No comments	Reject	0.06930693069306931
chr15-88137423-88137424-C-T		1.0	1.0	1.0	1.0		NTRK3	R201H	11	LPLFHMNI	ENST00000629765.2	1.0	HLA-B*07:02	5		3	473.442	304.478	1.5	0.825	0.858	0.0	0.0	20	0.33	NoExpr	False	No comments	Reject	0.009900990099009901
chr2-176130573-176130574-G-A			3.0			3.0	HOXD8	A70T	2	HAPPQAHTH	ENST00000450510.2	1.0	HLA-C*12:03	8		6	582.03	914.98	1.6	2.4	0.752	0.0	0.0	10	0.283	NoExpr	False	No comments	Reject	0.039603960396039604
chr22-46536123-46536123-T-TGTG						1.0	CELSR1	-349-350H	3	DTNDHHSPV	ENST00000262738.9	1.0	HLA-C*12:03	6		1	600.52	1000.515	3.548	4.3	100.279	0.0	0.0	1911	0.122	NoExpr	True	No comments	Reject	0.06930693069306931
chr7-155071386-155071387-C-T		1.0				5.0	HTR5A	A163V	1	VMIVLTWAL	ENST00000287907.3	1.0	HLA-A*23:01	4		5	694.375	464.248	1.55	1.15	0.0	0.0	0.0	0	0.371	NoExpr	False	No comments	Reject	0.0
chr19-54983318-54983319-G-A			1.0		3.0		NLRP2	G541R	7	RVERLRNPDL	ENST00000448584.7	1.0	HLA-B*07:02	1		4	1051.57	6011.595	2.95	8.936	0.093	0.0	0.0	0	0.357	NoExpr	False	No comments	Reject	0.0
chr2-178717807-178717808-G-A		1.0				2.0	TTN	R8356C	3	KACKLPPFF	ENST00000589042.5	5.0	HLA-C*12:03	3	3	2	1099.099	402.988	3.66	5.2	1.269	0.0	0.0	14	0.289	NoExpr	False	No comments	Reject	0.019801980198019802
chr2-190062315-190062316-T-A							MSTN	Y94F	0	APPLRELIDQF	ENST00000260950.5	1.0	HLA-B*07:02	11		0	3045.32	14155.937	3.36	10.736	0.118	0.0	0.0	15	0.128	NoExpr	False	No comments	Reject	0.0297029702970297
