ID	A*02:01	A*29:02	B*27:05	B*35:03	C*02:02	C*12:03	Gene	AA Change	Num Passing Transcripts	Best Peptide	Best Transcript	TSL	Allele	Pos	Prob Pos	Num Passing Peptides	IC50 MT	IC50 WT	%ile MT	%ile WT	RNA Expr	RNA VAF	Allele Expr	RNA Depth	DNA VAF	Tier	Ref Match	Comments	Evaluation_pred	Accept_pred_prob
chr14-75152068-75152069-T-A	2.0	2.0			4.0	5.0	TMED10	E100D	2	KFAFTTDDY	ENST00000303575.9	1.0	HLA-A*29:02	7		9	68.76	46.288	0.4	0.296	326.951	0.718	234.751	4981.0	0.146	Pass	False	No comments	Accept	0.9405940594059405
chr11-294702-294703-C-T	1.0				2.0	2.0	PGGHG	S723F	4	FSSPTESLTV	ENST00000409548.7	1.0	HLA-C*02:02	1		2	151.88	1023.56	1.044	2.542	481.383	0.335	161.263	6138.0	0.134	Pass	False	No comments	Accept	0.8811881188118812
chr19-36099443-36099444-C-T		2.0			1.0	2.0	WDR62	R856C	11	LAFHAKCSY	ENST00000401500.7	1.0	HLA-C*12:03	7	7	3	41.82	33.135	0.302	0.204	9.384	0.382	3.585	123.0	0.118	Pass	False	No comments	Review	0.27722772277227725
chr13-75312818-75312819-G-A			4.0				TBC1D4	R760C	5	CRISWRQRIF	ENST00000431480.6	1.0	HLA-B*27:05	1	1	4	85.372	17.199	0.552	0.14	42.111	0.34	14.318	694.0	0.141	Pass	False	No comments	Review	0.36633663366336633
chr6-43205304-43205305-G-C	1.0		1.0		1.0		CUL9	G1559R	2	ARYIDQQIQR	ENST00000372647.6	1.0	HLA-B*27:05	10		3	214.5	2453.945	0.56	3.35	49.023	0.376	18.433	378.0	0.138	Pass	False	No comments	Accept	0.9603960396039604
chr4-152326136-152326137-G-A	2.0	2.0				1.0	FBXW7	R505C	5	VAAVCCVQY	ENST00000281708.10	1.0	HLA-A*29:02	5	5,6	4	268.781	499.82	0.87	1.195	86.07	0.34	29.264	591.0	0.146	Pass	False	No comments	Review	0.21782178217821782
chr19-3532567-3532568-C-T	2.0		2.0			1.0	FZR1	T387M	4	IRFWNMLTGQ	ENST00000395095.7	1.0	HLA-B*27:05	6		5	396.645	494.4	1.4	1.4	53.398	0.307	16.393	931.0	0.105	Pass	False	No comments	Accept	0.7524752475247525
chr12-25245349-25245350-C-T	1.0					1.0	KRAS	G12D	11	KLVVVGADGV	ENST00000256078.10	1.0	HLA-A*02:01	8		2	307.08	355.644	2.7	2.75	17.846	0.312	5.568	725.0	0.147	Pass	False	No comments	Accept	0.7722772277227723
chr7-3987303-3987304-G-A	3.0			1.0		1.0	SDK1	V705M	2	ILYYIMEL	ENST00000404826.7	1.0	HLA-A*02:01	6		5	216.509	367.251	0.79	1.25	7.369	0.078	0.575	115.0	0.136	LowExpr	False	No comments	Accept	0.6336633663366337
chr16-46738109-46738110-G-A	2.0					2.0	MYLK3	A201V	1	GTVERLPPI	ENST00000394809.9	1.0	HLA-A*02:01	3		3	261.159	200.683	1.69	1.46	0.105	0.5	0.052	2.0	0.118	LowExpr	False	No comments	Reject	0.09900990099009901
chr17-49619269-49619270-T-A	2.0		2.0		1.0	1.0	SPOP	I106F	12	RAKFKFSFL	ENST00000393328.6	1.0	HLA-C*12:03	8		5	134.805	166.07	1.502	1.614	57.16	0.304	17.377	1337.0	0.068	Subclonal	False	No comments	Accept	0.8514851485148515
chr4-56378397-56378398-C-A	2.0				3.0	3.0	AASDH	V140L	4	FTVEHNDLLL	ENST00000205214.11	1.0	HLA-C*02:02	9		3	112.84	135.28	0.509	0.427	16.013	0.073	1.169	178.0	0.051	Subclonal	False	No comments	Accept	0.8118811881188119
chr4-56378397-56378399-CT-AC	2.0				3.0	3.0	AASDH	LV139-140LL	4	FTVEHNDLLL	ENST00000205214.11	1.0	HLA-C*02:02	9		3	112.84	135.28	0.509	0.427	16.013				0.051	Subclonal	False	No comments	Accept	0.8811881188118812
chr4-77742210-77742211-G-T					2.0	2.0	CNOT6L	R268S	4	FSPKSSAKI	ENST00000504123.7	2.0	HLA-C*12:03	6		2	104.627	112.878	1.175	1.32	31.618	0.11	3.478	554.0	0.073	Poor	False	No comments	Accept	0.6831683168316832
chr6-34028346-34028347-G-A	12.0				1.0	4.0	GRM4	T821M	7	TMLTVSVSL	ENST00000538487.7	2.0	HLA-A*02:01	2		13	28.452	1364.535	0.242	4.45	0.161	0.4	0.064	5.0	0.084	Poor	False	No comments	Review	0.21782178217821782
chr12-49563540-49563541-G-C	1.0				1.0	1.0	MCRS1	A201G	5	LLYDPVISKLG	ENST00000357123.8	1.0	HLA-A*02:01	11		2	1568.904	673.434	8.803	1.7	70.714	0.714	50.49	1088.0	0.175	Poor	False	No comments	Review	0.4158415841584158
chr16-2766868-2766869-T-C			2.0		1.0		SRRM2	M2114T	1	VALNSSRTS	ENST00000301740.13	1.0	HLA-C*12:03	8		3	2580.681	5069.776	7.792	18.937	327.374	0.359	117.527	2902.0	0.114	Poor	False	No comments	Review	0.42574257425742573
chr7-131510940-131510941-A-G						1.0	PODXL	V198A	3	LTHPAATPT	ENST00000378555.8	1.0	HLA-C*12:03	5		1	1283.267	1235.077	8.45	8.55	133.172	0.111	14.782	3491.0	0.055	Poor	False	No comments	Review	0.5445544554455446
chr6-46693703-46693704-C-A	1.0					1.0	TDRD6	S1859Y	2	ESIELQNYL	ENST00000316081.11	1.0	HLA-C*12:03	8		2	724.845	839.55	5.75	7.15	0.196	0.667	0.131	3.0	0.188	Poor	False	No comments	Reject	0.15841584158415842
chr1-228414905-228414906-C-T			3.0				TRIM17	R56Q	6	RRKQKGSF	ENST00000295033.7	1.0	HLA-B*27:05	4		3	978.778	739.857	1.86	1.625	0.865	0.356	0.308	59.0	0.113	Poor	False	No comments	Reject	0.18811881188118812
chr1-152312029-152312030-A-C							FLG	S952R	0	SSVSQDSDR	ENST00000368799.2	1.0	HLA-C*02:02	9		0	6469.41	17343.715	23.0	46.225	1.358	0.186	0.253	102.0	0.095	Poor	False	No comments	Reject	0.1782178217821782
chr19-46634167-46634168-C-T	1.0					1.0	GNG8	E41K	2	KTHAKDDPL	ENST00000300873.5	1.0	HLA-C*12:03	1		2	2317.727	7203.326	11.72	20.08	0.18	0.333	0.06	6.0	0.052	Poor	False	No comments	Reject	0.15841584158415842
chr4-46041042-46041043-G-A	6.0	5.0	3.0		1.0	6.0	GABRG1	P448L	1	FLTAFALFNL	ENST00000295452.5	1.0	HLA-A*02:01	2		17	9.98	2579.226	0.2	8.951	0.011	0.0	0.0	0.0	0.096	NoExpr	False	No comments	Reject	0.06930693069306931
chr16-57565163-57565164-C-T	5.0	1.0				1.0	ADGRG5	A187V	1	VLLGVPPFPL	ENST00000615867.4	4.0	HLA-A*02:01	5		6	23.6	22.453	0.28	0.28	1.523	0.0	0.0	2.0	0.178	NoExpr	False	No comments	Reject	0.15841584158415842
chr1-26696407-26696407-G-GCCAATCC			41.0				ARID1A	FS2	2	RRAGKRGPRR	ENST00000324856.13	1.0	HLA-B*27:05	1-10		41	68.182		0.34		88.71	0.0	0.0	300.0	0.118	NoExpr	True	No comments	Reject	0.06930693069306931
chrX-1466154-1466155-C-T			7.0				P2RY8	R135H	1	KRWHRRRYA	ENST00000381297.10	1.0	HLA-B*27:05	4		7	115.185	77.651	0.485	0.34	0.621	0.0	0.0	31.0	0.107	NoExpr	False	No comments	Reject	0.019801980198019802
chrX-105909585-105909586-C-T	1.0						NRK	R649W	1	GLSRDLLWA	ENST00000243300.14	1.0	HLA-A*02:01	8		1	227.458	509.32	1.835	2.95	0.618	0.0	0.0	41.0	0.173	NoExpr	False	No comments	Reject	0.019801980198019802
chr12-21558236-21558237-C-T	1.0	1.0	2.0		1.0	2.0	GYS2	R462Q	1	ILSTIRQIGL	ENST00000261195.3	1.0	HLA-A*02:01	7		5	278.169	688.906	1.6	3.5	0.013	0.0	0.0	0.0	0.064	NoExpr	False	No comments	Reject	0.009900990099009901
chr11-123943338-123943339-G-T	3.0	1.0					OR6T1	P167H	1	TVLMASLHF	ENST00000321252.3		HLA-A*29:02	8		4	646.051	486.254	1.141	1.45	0.0	0.0	0.0	2.0	0.119	NoExpr	False	No comments	Reject	0.019801980198019802
chr20-20228264-20228265-A-G	1.0				1.0	2.0	CFAP61	N650S	7	YALSHTNRK	ENST00000245957.10	1.0	HLA-C*12:03	4		4	680.65	525.885	3.423	3.371	1.017	0.0	0.0	0.0	0.135	NoExpr	False	No comments	Reject	0.0
chr6-72237822-72237823-G-T	1.0					2.0	RIMS1	V620F	13	FVGGKMTDL	ENST00000521978.6	1.0	HLA-C*12:03	1		3	732.735	4487.684	6.85	19.0	0.998	0.0	0.0	2.0	0.156	NoExpr	False	No comments	Reject	0.0594059405940594
chr4-6112798-6112799-C-T							JAKMIP1	A18T	0	TVQMANEEL	ENST00000409021.9	1.0	HLA-C*12:03	1		0	3744.71	5267.102	22.5	23.295	0.294	0.0	0.0	9.0	0.13	NoExpr	False	No comments	Reject	0.0594059405940594
