ID	Evaluation	TSL	Pos	Prob.Pos	Num.Passing.Peptides	RNA.Expr	RNA.VAF	Allele.Expr	RNA.Depth	DNA.VAF	Ref.Match	Biotype	Variant.Type	Peptide.Length	Best.MT.IC50.Score	Corresponding.WT.IC50.Score	Corresponding.Fold.Change	Best.MT.Percentile	Corresponding.WT.Percentile	Median.Fold.Change	cysteine_count	IC50.MT.class1	IC50.WT.class1	IC50.MT.class2	IC50.WT.class2	percentile.MT.class1	percentile.WT.class1	percentile.MT.class2	percentile.WT.class2	MHCflurryEL.Processing.WT.Score	MHCflurryEL.Processing.MT.Score	MHCflurryEL.Presentation.WT.Score	MHCflurryEL.Presentation.MT.Score	MHCflurryEL.Presentation.WT.Percentile	MHCflurryEL.Presentation.MT.Percentile	MHCflurry.WT.IC50.Score	MHCflurry.MT.IC50.Score	MHCflurry.WT.Percentile	MHCflurry.MT.Percentile	MHCnuggetsI.WT.IC50.Score	MHCnuggetsI.MT.IC50.Score	MHCnuggetsI.WT.Percentile	MHCnuggetsI.MT.Percentile	NetMHC.WT.IC50.Score	NetMHC.MT.IC50.Score	NetMHC.WT.Percentile	NetMHC.MT.Percentile	NetMHCcons.WT.IC50.Score	NetMHCcons.MT.IC50.Score	NetMHCcons.WT.Percentile	NetMHCcons.MT.Percentile	NetMHCpan.WT.IC50.Score	NetMHCpan.MT.IC50.Score	NetMHCpan.WT.Percentile	NetMHCpan.MT.Percentile	NetMHCpanEL.WT.Score	NetMHCpanEL.MT.Score	NetMHCpanEL.WT.Percentile	NetMHCpanEL.MT.Percentile	PickPocket.WT.IC50.Score	PickPocket.MT.IC50.Score	PickPocket.WT.Percentile	PickPocket.MT.Percentile	SMM.WT.IC50.Score	SMM.MT.IC50.Score	SMM.WT.Percentile	SMM.MT.Percentile	SMMPMBEC.WT.IC50.Score	SMMPMBEC.MT.IC50.Score	SMMPMBEC.WT.Percentile	SMMPMBEC.MT.Percentile	Prob.match	driver_gene
chr1-153960663-153960680-GACTGCTCCTTGTAAGCC-G	Pending	1	NA	0	6	61.471	0.226	13.892	446	0.458	1	protein_coding	FS	8	8.93	NA	NA	0.04	NA	NA	0	84.462	NA	172.675	248.34	0.175	NA	16	19	NA	0.224193838890642	NA	0.680262243415065	NA	0.471766304347781	NA	89.1937484231308	NA	0.170625	NA	8.93	NA	0.04	NA	63.31	NA	0.17	NA	70.26	NA	0.11	NA	79.73	NA	0.07	NA	0.44515	NA	0.18	NA	503.393672721951	NA	0.3	NA	925.465002361196	NA	5.9	NA	236.728202241344	NA	2.7	NA	0
chr1-157518752-157518753-G-A	Pending	1	10	0	1	0.189	0	0	2	0.429	0	protein_coding	missense	10	89.582	5206.194	58.117	0.12	4.5	38.225	0	225.743	8629.047	489.34	621.45	0.61	8.05	3.7	2.5	0.0016003551527319	0.0502654414449352	0.0182910986746953	0.533792595807162	12.8054619565217	0.749374999999887	5206.19417533033	89.5820237931065	2.528	0.30475	23536.71	4184.17	27.92	5.69	25483.38	324.33	25	0.77	12051.9	90.6	9	0.47	21774.73	503.1	15	0.62	0.007126	0.699432	4.5	0.12	3236.90976835553	293.061826679596	5.8	0.5	1904.67113422208	158.423644531096	7.1	0.7	1598.19585511867	120.678526848722	6.1	0.6	0	0
chr1-158654734-158654735-G-T	Pending	6	4	0	0	0.499	0.5	0.249	4	0.193	0	protein_coding	missense	9	800.147	1161.903	1.452	4.101	6.952	1.199	0	12917.602	15482.851	541.75	561.44	15.185	23	25	25	0.0444726257119327	0.0833360883407294	0.0142427615241836	0.0386708577644471	16.1575543478261	6.47915760869564	7907.33186563809	3174.72651553768	6.951625	4.10075	31035.85	26049.63	29.49	15.37	31361.88	28486.4	22	17	17316.93	11112.54	24	15	22242.4	21334.44	14	13	0.000452	0.001332	8.5	4.8	13648.7727791382	14722.6637659505	45	47	1161.90333965832	800.147402985783	34	27	2640.40167752671	1744.49608845016	53	43	0	0
chr1-159535748-159535749-A-C	Pending	6	8	0	2	0	0	0	0	0.184	0	protein_coding	missense	9	122.381	87.517	0.715	0.32	0.25	0.365	0	397.11	144.923	11.8	21.3	1.025	0.555	0.64	1.2	0.0415664624015335	0.0828396083670668	0.53177031635538	0.486898699796001	0.753288043478136	0.849211956521643	87.5169513602987	122.380806369251	0.35325	0.470125	1796.22	2450.92	0.25	0.32	120.51	482.34	0.48	1.6	127.39	407.64	0.62	1.6	138.56	386.58	0.38	0.8	0.386779	0.27533	0.51	0.7	503.393672721951	902.925945728536	1.4	2.8	151.286438819293	292.280606593193	0.6	1.2	166.479207571715	334.472179381129	0.7	1.3	0	0
chr1-228217099-228217100-C-G	Pending	1	6	3	1	147.756	0.089	13.15	248	0.063	0	protein_coding	missense	9	153.597	99.022	0.645	0.23	0.19	0.85	2	499.925	425.088	1000.425	961.18	0.835	0.795	8.2	6.9	0.0187594624148914	0.0051201030801166	0.481655079488403	0.366309238528602	0.860706521739047	1.15008152173898	99.0219826554531	153.596678983168	0.195125	0.29325	2938.22	970.89	1.62	0.82	237.79	268.18	0.45	0.49	339.15	461.65	0.73	0.85	394.6	503.76	0.19	0.23	0.464095	0.265363	0.17	0.34	704.005128091668	846.171342146649	1.3	1.8	1030.48102688099	1161.55559213738	2.1	2.3	455.575121847254	496.089459953521	1	1.1	1	0
chr1-26255593-26255594-G-A	Pending	1	1	0	2	25.465	0.388	9.88	286	0.213	0	protein_coding	missense	10	43.268	44.807	1.036	0.16	0.12	1.002	0	73.67	73.805	797.5	4881.43	0.465	0.445	15	18.86	0.447152307257056	0.365048516541719	0.901371772518333	0.876099751863789	0.119619565217405	0.159619565217383	44.8068922935493	43.2684794682111	0.1845	0.16775	88.16	69.51	0.96	0.83	70.55	77.46	0.44	0.47	67.65	69.88	0.7	0.73	95.52	100.92	0.45	0.46	0.396924	0.39063	0.43	0.43	461.653351148899	520.001579145507	0.4	0.4	66.5043418670455	69.7991284790632	0.8	0.8	77.0601766075392	88.2734295740146	0.9	1	0	0
chr1-89150428-89150429-C-A	Pending	2	9	0	0	0.009	0.818	0.007	11	0.21	0	protein_coding	missense	9	50.879	13971.881	274.611	0.041	3.183	33.129	0	548.013	18155.316	436.325	1206.315	0.76	20.09	4.6	22	0.0029551396200986	0.100139906164259	0.0071249324158302	0.70294055749835	31.6431793478261	0.433043478260856	13971.8812459175	50.8788851304094	3.182625	0.040625	22338.75	10018.19	18.18	4.73	25833.17	1630.35	24	1.6	25982.58	540.07	34	0.92	29396.32	339.51	23	0.18	0.000478	0.766052	15	0.06	7287.07674792595	414.310836296246	22	0.6	7799.01938838526	555.955460302591	11	1.2	12010.4699232714	722.037909270357	15	1.6	0	0
chr10-114314022-114314023-G-C	Pending	1	7	0	0	9.637	0.138	1.33	94	0.188	0	protein_coding	missense	9	116.949	101.712	0.87	0.18	0.08	0.822	0	1218.845	1002.28	351.07	355.165	1.65	1.225	24	23	0.0384445342351682	0.0195799128850922	0.492551400428454	0.442223971372279	0.836059782608601	0.952527173912927	101.711655797508	116.949227137138	0.417	0.49325	30854.01	25266.61	28.75	14	3469.79	4831.5	0.85	1.4	846.17	1022.56	1.6	1.9	1158.39	1415.13	0.24	0.29	0.212818	0.108806	0.08	0.18	1602.12922627967	5997.52246638931	3.9	21	178.718701347903	245.002208950503	8.5	12	148.822981196007	231.563443933996	7.3	12	0	0
chr11-125676405-125676406-C-T	Pending	1	7	0	0	0.389	0.206	0.08	68	0.091	0	protein_coding	missense	9	47.24	61.62	1.304	2.9	2.5	1.463	0	3362.682	4918.682	3662.9	18519.3	8.215	13.5	57	85	0.0025609084259485	0.0074458060844335	0.0119836067664632	0.020005516603529	20.2322554347826	12.1872282608695	8127.77662402151	4840.92482883335	10.012625	7.31875	61.62	47.24	11.27	8.43	24724.28	16830.74	13	5.8	24087.38	19932.31	35	29	20826.07	15504.81	13	6.9	0.000108	0.000759	19	8	1709.58761513716	1884.4390402882	2.5	2.9	224.476043965603	302.80985134061	14	20	222.141653401647	250.974732491841	14	16	0	0
chr12-12435629-12435630-C-G	Pending	1	10	0	3	8.855	0.567	5.021	90	0.35	0	protein_coding	missense	11	8.11	13.35	1.646	0.03	0.09	1.647	0	151.154	248.923	129.545	114.815	0.197	0.321	9.8	7.4	0.301839089021087	0.519188275560737	0.822405305724063	0.916966754853254	0.242798913043458	0.0947826086956382	53.1406662840323	47.9375646547027	0.12375	0.092875	400.89	343.32	1.21	1.08	283.71	150.84	0.71	0.44	13.35	8.11	0.09	0.03	36.89	20.49	0.11	0.06	0.912985	0.924703	0.04	0.04	214.135722026058	151.468415393893	0.4	0.3	992.681663947893	2156.80062149601	1.2	3.1	2802.59278742411	2509.34283404297	4.2	3.7	0	0
chr12-5045125-5045126-G-A	Pending	6	9	0	2	0.139	0	0	0	0.265	0	protein_coding	missense	9	310.578	2033.153	6.546	0.61	2.3	3.62	0	1796.65	6503.721	454.98	423.93	3.225	11.35	20	19	0.521105714142323	0.413000172004104	0.0866717432155615	0.398394181394311	3.23874999999992	1.06298913043464	6463.76215257012	589.981819826968	8.654125	2.54975	4279.8	1624.96	77.87	59.54	25331.08	6704.72	13	1.7	7092.61	2469.77	9.7	3.9	6543.68	1968.34	2.3	0.61	0.010645	0.040239	2	0.83	29108.6124598023	12517.0458708554	68	34	2033.15271140304	310.577507315399	81	21	2170.85092028754	447.332034359421	83	30	0	0
chr13-83879751-83879752-A-G	Pending	6	6	0	2	0.061	0	0	0	0.441	0	protein_coding	missense	9	31.378	38.162	1.216	0.05	0.1	2.075	0	260.585	540.609	105.5	63.68	0.343	0.651	8.95	3.85	0.602528963238001	0.456612482666969	0.869144795672834	0.875059592878844	0.17043478260868	0.160923913043476	109.603734807813	60.9938763035512	0.602625	0.186375	1751.45	367.7	60.86	35.46	2871.4	931.34	0.58	0.18	1073.58	656.19	1.8	1.3	158.54	153.47	0.06	0.06	0.307558	0.464952	0.1	0.05	922.677802760882	932.715175165956	0.8	0.8	76.2377376218342	56.1267635341358	2.4	1.4	38.1619009515743	31.3783425654401	0.7	0.5	0	0
chr13-83879751-83879753-AG-GA	Pending	6	6	0	2	0.061	NA	NA	NA	0.482	0	protein_coding	missense	9	31.378	38.162	1.216	0.05	0.1	2.075	0	260.585	540.609	105.5	63.68	0.343	0.651	8.95	3.85	0.602528963238001	0.456612482666969	0.869144795672834	0.875059592878844	0.17043478260868	0.160923913043476	109.603734807813	60.9938763035512	0.602625	0.186375	1751.45	367.7	60.86	35.46	2871.4	931.34	0.58	0.18	1073.58	656.19	1.8	1.3	158.54	153.47	0.06	0.06	0.307558	0.464952	0.1	0.05	922.677802760882	932.715175165956	0.8	0.8	76.2377376218342	56.1267635341358	2.4	1.4	38.1619009515743	31.3783425654401	0.7	0.5	0	0
chr14-100883281-100883282-C-A	Pending	6	9	0	5	0	0	0	8	0.145	0	protein_coding	missense	9	21.96	26.53	1.208	0.024	0.066	1.442	0	50.407	72.702	68.64	195.99	0.145	0.245	0.175	0.9	0.644107811152935	0.796571478247643	0.937198317523941	0.96678091138854	0.0657880434782782	0.0240489130435008	55.4207092325141	48.5534729078071	0.1375	0.095375	121.42	39.14	0.44	0.1	54.79	52.26	0.2	0.19	26.53	21.96	0.29	0.25	47.09	31.75	0.12	0.09	0.795465	0.918835	0.08	0.04	228.498283614918	170.612462791562	1	0.8	112.432016518591	90.1342812653958	0.7	0.6	89.9829029736889	74.8445187121612	0.6	0.5	0	0
chr15-33788339-33788340-G-C	Pending	1	2	0	0	1.559	0.364	0.567	11	0.243	0	protein_coding	missense	11	606.982	19412.59	31.982	0.84	16	6.115	0	4561.57	27895.024	1045.075	985.89	3.1	37.095	5.11	4.39	0.0183144402544712	0.0072085531010088	0.0054747700182229	0.132906974410426	46.2246739130435	2.41345108695644	19412.5899221874	606.98162258354	7.383125	1.0115	25060.23	3174.67	31.19	4.75	37234.19	8467.98	64	7	21154.46	1050.6	23	1.9	34723.18	5948.47	43	3.4	0.000501	0.152196	16	0.84	16763.8603336608	1709.58761513716	29	2.8	178570.617325752	24536.3523709479	93	37	30729.818840787	7203.77268161338	44	13	0	0
chr15-40324401-40324402-C-T	Pending	6	6	0	1	0.588	1	0.588	4	0.211	0	protein_coding	missense	9	451.771	414.311	0.917	0.924	0.875	0.777	0	1070.02	831.137	1071.6	1520.6	2.356	2.138	25.5	28.5	0.0203307214251253	0.0420454613049514	0.180019577241455	0.17477805152429	1.97502717391296	2.01228260869556	439.843029646515	493.979137757894	0.874625	0.923625	11684.01	14069.32	12.3	14.62	1568.19	2023.51	2.3	2.7	1222.43	1646.06	2.4	2.7	5183.02	5245.93	3.1	3.1	0.008132	0.009507	4.3	4	414.310836296246	451.770691174733	1.8	2	375.742222606474	476.31032956867	1.6	1.9	378.582033803646	479.91022153145	1.6	1.9	0	0
chr16-3021888-3021889-G-C	Pending	2	9	0	0	167.464	0.196	32.823	662	0.126	0	protein_coding	missense	9	96.87	352.75	3.641	0.64	2	3.511	0	1196.856	4202.185	50.095	52.715	5.45	20	5.09	3.9	0.0678103698883205	0.198393736965954	0.0451939026759852	0.412413088012897	5.55494565217388	1.02394021739116	2537.51985448072	254.300368496417	5.27225	1.44575	352.75	96.87	34.85	16.7	31325.94	12146.15	20	3.6	13356.59	5044.15	20	7.3	5866.85	2081.7	2	0.64	0.003625	0.024346	3.7	1.2	16053.8113000761	9346.08343273421	43	25	1393.70224624709	312.011067954353	70	21	631.87329344516	178.908098542002	41	9.3	0	0
chr16-4576293-4576294-C-G	Pending	5	7	0	2	0.318	0.6	0.191	10	0.277	0	protein_coding	missense	9	7.78	9.05	1.163	0.022	0.011	1.058	0	16.895	17.873	187.48	83.85	0.05	0.06	4	3.7	0.409086123108864	0.245036023668945	0.913839183739124	0.84617318252028	0.10138586956522	0.205380434782597	33.4629006657512	36.1904048507998	0.0105	0.02175	19.43	22.78	0.02	0.03	9.05	7.78	0.03	0.03	11.41	9.81	0.09	0.06	7.86	8.23	0.03	0.03	0.965085	0.937276	0.02	0.04	102.602787986748	103.718954854251	0.4	0.4	18.3607323581373	17.4538001946853	0.2	0.2	17.3844117618375	16.3365369730528	0.2	0.2	0	0
chr16-67930073-67930074-C-T	Pending	1	9	0	1	2.594	0.175	0.454	154	0.132	1	protein_coding	missense	9	580.27	518.358	0.893	6.046	7.231	0.863	0	10167.225	8770.45	407.41	476.91	33	33.5	34	37	0.064408061094582	0.0860348008573055	0.0247843339638121	0.0370799323136957	9.84945652173911	6.63130434782606	4754.23585518006	3353.49514586314	7.230625	6.046	12040.68	14713.91	97.34	99.22	40683.39	39834	42	39	28178.94	29425.27	43	46	32177.88	30714.11	32	28	0.000188	0.000267	15	13	5500.22079186674	5620.54026572972	15	15	682.60584071805	774.765012056081	44	48	518.358232098504	580.269842218124	35	38	0	0
chr16-67980283-67980284-C-T	Pending	1	7	0	0	0.167	0	0	0	0.286	0	protein_coding	missense	9	267.169	371.86	1.392	0.48	0.83	1.485	0	703.63	1044.743	62.825	60.4	1.65	2	4.92	4.87	0.216017952188849	0.203233120962977	0.340569191978822	0.404963116277199	1.22692934782596	1.04445652173899	371.86049776039	267.168985100909	0.883624999999999	0.7515	4667.6	3540.06	0.83	0.48	845.38	591.9	2.4	1.9	1249.17	711.66	2.5	2	1002.16	764	1.6	1.4	0.284491	0.335105	0.69	0.59	864.681670102131	681.520482356048	2.7	2	1215.62605523738	753.008710547588	3.2	2.5	1087.32656845628	695.60068338729	3	2.4	0	0
chr17-40796930-40796931-C-G	Pending	1	6	0	4	0	0	0	0	0.442	0	protein_coding	missense	9	16.8	130.48	7.767	0.03	0.07	2.107	0	117.076	246.699	113.85	106.495	0.295	0.45	7.8	7.2	0.012587425095262	0.0285862544551491	0.509138429776029	0.552648347114407	0.802418478260719	0.7105706521738	86.4569631792814	76.5502401513237	0.1625	0.131	562.18	260.87	0.61	0.4	130.48	16.8	0.3	0.06	146.63	40.68	0.4	0.19	73.7	27.58	0.07	0.03	0.725103	0.798398	0.07	0.05	348.451848177232	312.718138551361	0.5	0.5	346.768787567389	183.248319253823	0.8	0.4	399.539755952654	157.601374204899	0.9	0.4	0	0
chr17-75899270-75899271-A-C	Pending	1	3	3	5	82.508	0.176	14.521	564	0.143	0	protein_coding	missense	10	6.948	4.676	0.673	0.02	0.02	0.611	1	9.795	5.985	610.01	344.72	0.095	0.05	47	28	0.34011990041472	0.134426906239241	0.918145318441986	0.825369948474341	0.0931521739130403	0.238179347826076	24.5720082625035	28.2788084063737	0.0156249999999999	0.0425	7.52	11.68	0.02	0.09	5.71	9.28	0.02	0.02	6.26	10.3	0.01	0.03	3.52	9.29	0.01	0.03	0.783641	0.399707	0.08	0.43	55.9779308894313	126.02003385118	0.1	0.1	4.91869620591433	7.10967911624568	0.1	0.2	4.67552087123003	6.94752310881749	0.1	0.2	1	0
chr17-76387236-76387237-G-T	Pending	1	6	0	0	98.337	0.154	15.144	683	0.151	0	protein_coding	missense	9	109.47	100.17	0.915	0.21	0.59	1.873	0	613.198	1148.753	108.8	144.69	5.8	8.1	9.46	11	0.331726126838475	0.549850579351187	0.613371416997277	0.84357380682713	0.5904076086956	0.21024456521738	178.505707612104	112.11125562082	1.07	0.624375	100.17	109.47	17.09	18.21	17562.98	14200.73	6.3	4.5	9499	4830.5	14	7.1	1597.39	887.42	0.49	0.28	0.045288	0.089146	0.78	0.4	4288.48419012512	3416.84629914709	9.9	7.4	700.11599540293	338.976819077735	45	23	420.368340249851	270.165569027521	28	18	0	0
chr17-7674946-7674947-A-G	Pending	1	9	0	1	338.548	0.875	296.23	738	0.485	0	protein_coding	missense	10	141.464	441.967	3.124	0.2	0.4	1.813	0	423.931	768.789	302.415	119.205	0.86	1.336	17	3.5	0.245725767686963	0.333246457856148	0.326640731088238	0.666588449405883	1.27247282608684	0.496684782608682	441.967371912489	141.46441331391	0.956874999999999	0.525625	3984.54	1752.34	0.57	0.25	443.31	303.33	1.6	1.2	810.33	545.95	2.1	1.7	773.39	412.28	1.4	0.82	0.452656	0.659408	0.4	0.2	1121.06690721145	902.925945728536	1.2	0.9	764.187623963468	408.507467663125	4.1	2.6	734.632267346544	435.582075563391	3.9	2.7	0	1
chr19-1646405-1646406-T-G	Pending	1	9	0	2	137.116	0.769	105.442	493	0.419	0	protein_coding	missense	11	28.47	31.04	1.09	0.07	0.07	1.063	0	76.877	81.728	213.23	217.675	0.485	0.497	20	20	0.456415593624115	0.527998685836792	0.842568911753425	0.873479570348435	0.212201086956526	0.164103260869567	80.3969839651925	80.2858970794624	0.414375	0.409625	83.06	58.41	0.93	0.73	146.35	101.2	0.86	0.64	31.04	28.47	0.07	0.07	70.14	59.02	0.34	0.29	0.312422	0.324516	0.58	0.56	356.074368186113	326.549446762997	0.2	0.2	76.2254505406105	73.4683015698539	0.8	0.7	337.675848642032	133.198704231316	3.5	1.5	0	0
chr19-35155557-35155560-CCCT-C	Pending	1	1	6	2	241.04	0	0	879	0.065	0	protein_coding	inframe_del	10	17.52	22666.09	1293.727	0.06	20	194.996	1	113.912	22212.321	291.875	324.475	0.584	39.5	26	28	0.0076106071937829	0.0381025018286891	0.0051957887977913	0.397792827247924	46.2246739130435	1.06298913043464	19708.8231897844	150.975895081307	7.644125	0.48775	6733.13	270.4	7.92	0.9	22666.09	17.52	20	0.06	34237.82	242.51	66	0.8	28570.36	30	25	0.09	4e-06	0.201735	79	0.68	50000	508.869852753973	58	0.9	14152.0710412643	68.9953782658342	35	0.3	21758.5524849043	76.8475453670317	44	0.4	0	0
chr19-45160124-45160125-GA-G	Pending	2	NA	0	15	0.446	0.25	0.112	24	0.22	0	protein_coding	FS	9	3.6	NA	NA	0.01	NA	NA	0	7.155	NA	379.96	2763.11	0.064	NA	9.55	20.9	NA	0.101388488197699	NA	0.739151351414379	NA	0.37529891304348	NA	42.4555907261963	NA	0.0575	NA	32.71	NA	0.0699999999999999	NA	3.6	NA	0.01	NA	8.11	NA	0.04	NA	6.2	NA	0.03	NA	0.870788	NA	0.05	NA	54.1900973995338	NA	0.2	NA	4.75214846210002	NA	0.1	NA	4.593672188037	NA	0.1	NA	0
chr19-47437480-47437481-C-G	Pending	1	7	0	0	0.448	0	0	2	0.131	0	protein_coding	missense	9	101.538	107.307	1.057	1.2	0.8	0.863	0	1884.789	1626.571	318.69	331.32	4.15	3.1	0.51	0.57	0.0125588868395425	0.0094782670494169	0.218686295193425	0.0929124176589131	1.72603260869558	3.08263586956514	332.975865376801	926.800552309487	1.7735	3.245	147.9	149.55	22.21	22.36	3796.38	4823.87	0.8	1.2	3954.23	5900.97	5.9	8.4	3313.59	5003.87	1.2	1.7	0.010797	0.002415	2	4.5	2842.77804823565	2842.77804823565	5.7	5.7	410.364704492386	380.338246585797	28	26	107.307480975334	101.538326191414	4.2	3.8	0	0
chr19-48729114-48729115-T-A	Pending	1	5	0	7	6.442	0	0	4	0.127	0	protein_coding	missense	9	4.86	12.54	2.58	0.009	0.008	3.043	0	9.223	28.061	128.62	171	0.051	0.15	6.7	16.5	0.83793193846941	0.647089499980211	0.979148528377346	0.961533438345207	0.0084239130434866	0.031548913043494	34.4944845122031	32.9428598500215	0.0133749999999999	0.0087499999999999	68.89	54.95	0.23	0.17	23.61	7.71	0.1	0.03	26.53	9.97	0.29	0.07	12.54	4.86	0.04	0.02	0.977822	0.987568	0.02	0.01	68.0139975910683	38.7482293332948	0.2	0.2	19.2703676309947	5.53209972035367	0.2	0.1	29.5910243938529	8.47539601758417	0.3	0.1	0	0
chr19-48729114-48729116-TC-AT	Pending	1	5	0	7	6.442	NA	NA	NA	0.138	0	protein_coding	missense	9	4.86	12.54	2.58	0.009	0.008	3.043	0	9.223	28.061	128.62	171	0.051	0.15	6.7	16.5	0.83793193846941	0.647089499980211	0.979148528377346	0.961533438345207	0.0084239130434866	0.031548913043494	34.4944845122031	32.9428598500215	0.0133749999999999	0.0087499999999999	68.89	54.95	0.23	0.17	23.61	7.71	0.1	0.03	26.53	9.97	0.29	0.07	12.54	4.86	0.04	0.02	0.977822	0.987568	0.02	0.01	68.0139975910683	38.7482293332948	0.2	0.2	19.2703676309947	5.53209972035367	0.2	0.1	29.5910243938529	8.47539601758417	0.3	0.1	0	0
chr19-48729115-48729116-C-T	Pending	1	5	0	7	6.442	0	0	4	0.128	0	protein_coding	missense	9	4.86	12.54	2.58	0.009	0.008	3.043	0	9.223	28.061	128.62	171	0.051	0.15	6.7	16.5	0.83793193846941	0.647089499980211	0.979148528377346	0.961533438345207	0.0084239130434866	0.031548913043494	34.4944845122031	32.9428598500215	0.0133749999999999	0.0087499999999999	68.89	54.95	0.23	0.17	23.61	7.71	0.1	0.03	26.53	9.97	0.29	0.07	12.54	4.86	0.04	0.02	0.977822	0.987568	0.02	0.01	68.0139975910683	38.7482293332948	0.2	0.2	19.2703676309947	5.53209972035367	0.2	0.1	29.5910243938529	8.47539601758417	0.3	0.1	0	0
chr2-106145193-106145194-G-C	Pending	1	1	0	2	44.416	0.172	7.64	390	0.138	0	protein_coding	missense	9	6.22	24.2	3.891	0.03	0.1	3.455	0	139.078	480.478	257.035	198.26	0.138	0.46	23	11	0.606190785765648	0.723620004951954	0.908355267516968	0.94805309465272	0.108641304347841	0.049510869565239	73.5603671574894	60.1813938368921	0.1215	0.076875	24.2	6.22	0.1	0.03	1361.02	438.43	1.4	0.67	330.1	53.61	0.73	0.2	392.05	77.69	0.19	0.07	0.716631	0.829996	0.07	0.04	674.186330339194	367.821932979062	1.3	0.5	568.905326547861	200.46566545638	1.3	0.5	652.46917671971	252.673676760421	1.4	0.6	0	0
chr2-112331862-112331862-C-CATCAAGTGGTTATGA	Pending	2	1	0	3	16.712	0.071	1.187	268	0.141	0	protein_coding	inframe_ins	9	7.18	4920.66	685.329	0.01	2.4	249.319	0	11.748	2928.985	67.9	17052.91	0.038	4.165	1.7	81	0.400637483224273	0.699468098580837	0.320264751151218	0.97400774069203	1.29679347826078	0.0141576086956831	800.706601859974	26.2782397161675	1.514	0.02625	3090.25	17.05	4.53	0.19	2767.72	7.31	5.5	0.02	7486.88	12.04	7.8	0.05	4920.66	7.18	4.8	0.02	0.038794	0.9594	2.4	0.01	3725.77996753086	176.241289632816	15	0.3	893.92277047914	11.3057661965708	3.8	0.2	753.407605489876	11.4559207340931	3.5	0.2	0	0
chr20-21706989-21706990-GT-G	Pending	1	NA	0	12	0.528	0.333	0.176	6	0.474	0	protein_coding	FS	9	3.47	NA	NA	0.01	NA	NA	0	10.577	NA	258.8	NA	0.12	NA	7.2	NA	NA	0.202044844860211	NA	0.736555891750567	NA	0.380624999999981	NA	62.1102493692143	NA	0.17825	NA	35.38	NA	0.08	NA	3.47	NA	0.01	NA	8.52	NA	0.04	NA	7.35	NA	0.03	NA	0.667741	NA	0.14	NA	48.1095463300118	NA	0.2	NA	12.4419943560043	NA	0.2	NA	8.71284523915273	NA	0.1	NA	0
chr20-3256200-3256201-C-G	Pending	5	7	0	1	18.497	0.2	3.699	210	0.132	0	protein_coding	missense	9	17.08	11.97	0.701	0.289	0.216	0.344	0	743.391	255.657	456.155	323.865	1.07	0.325	22.69	18	0.0312796179787255	0.013881125516491	0.595973541981078	0.552378294392592	0.623288043478183	0.712989130434678	64.4048388276854	72.6394870903779	0.215625	0.289125	11.97	17.08	0.35	1.22	2547.17	3800.78	0.5	0.8	819.15	1407.05	1.5	2.3	1998.06	2930.12	0.61	0.92	0.139785	0.092376	0.25	0.4	446.908981201792	2010.83257949086	0.3	3.2	20.7572587947869	56.3858329036144	0.2	1.4	18.4344421572279	79.7315120041593	0.2	2.7	0	0
chr20-49374547-49374548-G-C	Pending	1	10	0	0	0.209	0	0	0	0.322	0	protein_coding	missense	11	234.22	426.2	1.82	0.2	0.2	1.69	0	884.521	1495.242	552.84	560.44	0.805	1.385	17.695	22.62	0.0176187336328439	0.0561451733810827	0.004464695019789	0.0059327424901938	62.7446739130435	46.2246739130435	23912.3948904632	20502.3509143548	7.61375	5.39325	2288.69	1037.55	1.37	0.86	426.2	234.22	0.66	0.44	471.75	234.76	0.37	0.22	4239.99	2257.98	1.4	0.75	0.003383	0.007153	5.7	3.8	4288.48419012512	3033.44952712265	4.8	2.8	308.496328683656	329.040987587763	0.2	0.2	701.794564145966	731.492706062818	0.6	0.7	0	0
chr22-32067036-32067037-A-G	Pending	1	4	0	2	15.959	0.038	0.606	52	0.067	0	protein_coding	missense	8	23.82	27.55	1.157	0.08	0.06	0.85	0	106.092	90.157	536.15	830.3	0.18	0.18	5.4	9.6	0.304349263198674	0.229257130995393	0.703137504964881	0.635315135155386	0.433043478260856	0.551168478260834	106.943881096303	111.613119672629	0.209375	0.21775	27.55	23.82	0.11	0.1	54.93	53.8	0.16	0.16	73.37	71.02	0.12	0.11	69.03	100.57	0.06	0.08	0.544802	0.598378	0.13	0.11	359.94793166265	371.823292618383	0.2	0.2	4077.18107795328	4077.18107795328	16	16	977.799925864087	906.254132588953	6.1	5.9	0	0
chr22-46377229-46377230-G-A	Pending	1	3	0	1	91.856	0.438	40.233	226	0.302	0	protein_coding	missense	9	591.78	718.059	1.213	1.576	1.831	1.182	0	1312.526	1550.935	48.3	46.13	2.35	2.6	7.5	3.55	0.0128954726096708	0.0213877234491519	0.036648251184016	0.052292474103047	6.79260869565216	4.88741847826084	2601.56182886533	1829.82187025424	1.83075	1.575875	2661.59	2613.2	4.25	4.2	1986.85	1682.19	2.7	2.4	1115.02	898.05	2.3	2.1	4466.45	5202.01	2.8	3.1	0.03918	0.034422	2	2.1	942.861739365281	942.861739365281	4.3	4.3	712.672498466734	609.382530627264	2.5	2.3	718.058785179536	591.77961368639	2.5	2.3	0	0
chr3-146449316-146449317-C-A	Pending	1	6	6	0	8.21	0	0	21	0.181	0	protein_coding	missense	11	149.34	131.74	0.882	0.6	0.4	0.913	1	560.347	511.364	227.81	235.71	1.49	1.4	19	17.24	0.743282286450267	0.46350141428411	0.721192511963043	0.50929251556629	0.403260869565216	0.802418478260719	483.188661950807	446.506849508937	1.211	1.16975	131.74	149.34	1.21	1.28	808.89	1324.53	2.8	3.7	323.04	211.83	1.3	0.86	539.54	675.38	1.5	1.7	0.072325	0.059988	1.7	1.9	598.537372158204	674.186330339194	0.4	0.6	5310.06698966281	3365.89062949251	32	24	451.336025340955	371.107729492926	4.4	3.7	1	0
chr3-185923940-185923941-C-T	Pending	1	3	0	0	178.232	0.067	11.942	1139	0.056	0	protein_coding	missense	9	327.62	270.484	0.826	0.883	0.924	1.114	0	1064.536	1186.302	427.08	412.38	2.955	2.9	35	34	0.0598556238692253	0.336293280124664	0.28821025229317	0.471985843608657	1.41070652173904	0.88326086956512	270.483566712016	327.620301663604	0.923625	1.01	1018.52	1043.81	2.88	2.91	866.12	897.54	2.9	3	1814.41	1619.56	4	3.8	1882.4	1847.43	2.9	2.8	0.038569	0.052564	2.4	2	1347.4542324467	1085.26206538749	4.5	3.4	1200.32817416267	1097.23587811191	4.4	4.2	1172.27634073212	1037.60008821737	4.3	4.1	0	0
chr4-158617167-158617180-TAAACCTCTCTGTC-T	Pending	1	NA	0	1	1.048	0	0	2	0.202	0	protein_coding	FS	9	502.759	NA	NA	1.582	NA	NA	0	1603.469	NA	95.73	NA	3.619	NA	4.2	NA	NA	0.125223667360842	NA	0.0863935900824176	NA	3.23874999999992	NA	1533.94671340517	NA	1.581875	NA	5577.99	NA	6.07	NA	1203.27	NA	3	NA	7016.28	NA	5.6	NA	10116.4	NA	6.8	NA	0.014206	NA	4	NA	1672.99030017259	NA	5.6	NA	510.269957859438	NA	1.8	NA	502.759169317365	NA	1.8	NA	0
chr4-40436541-40436542-TC-T	Pending	2	5	0	7	19.619	0.402	7.887	117	0.513	0	protein_coding	FS	10	10.05	45.87	4.564	0.02	0.07	2.443	0	16.485	40.275	187.64	NA	0.081	0.285	13	NA	0.0181159954809118	0.416309994645417	0.613652535512654	0.912191041730704	0.58864130434776	0.102500000000006	56.8879256932042	35.0969902447752	0.2065	0.059125	4407.7	913.23	0.72	0.11	23.15	10.57	0.07	0.02	30.21	16.48	0.1	0.02	45.87	10.05	0.14	0.02	0.56481	0.948893	0.27	0.02	727.231584685427	520.001579145507	0.6	0.4	34.5302720505641	16.4892157315083	0.3	0.2	34.6792742333977	16.446367859831	0.3	0.2	0	0
chr6-143886800-143886801-C-A	Pending	1	5	0	3	0.26	0.429	0.112	7	0.285	1	protein_coding	missense	9	29.211	29.754	1.019	0.001	0.001	1.667	0	100.585	167.682	2088.205	2464.27	0.52	0.585	67	65	0.361847814172506	0.32267539948225	0.909571182826162	0.899139700867985	0.107173913043496	0.122663043478283	29.7540656065081	29.2111174724636	0.001375	0.000625	688.42	373.67	1.78	1.15	195.7	173	0.54	0.5	78.71	65.13	0.63	0.54	177.18	75.71	0.32	0.17	0.973034	0.962243	0.02	0.03	214.135722026058	246.476621392745	1	1.1	130.885036968402	93.7324567203933	0.8	0.6	158.183069990001	107.438515755747	0.9	0.7	0	0
chr6-166158390-166158391-A-T	Pending	1	5	0	0	0	0	0	0	0.051	0	protein_coding	missense	9	3171.758	1668.399	0.526	3.1	1.7	0.398	0	5476.286	2177.255	248.535	370.845	7.5	4.65	0.36	0.8	0.73203544691205	0.493312171660364	0.371403964241825	0.086874535083553	1.13385869565202	3.23874999999992	2120.84679589851	5826.05259092708	2.235875	3.4905	2140.94	4200.2	3.85	5.21	2213.57	5126.52	4.9	7.7	2664.09	6504.5	4.7	7.3	4522.42	10608.74	4.6	7.7	0.074159	0.020793	1.7	3.1	4288.48419012512	8119.75721135566	17	28	1668.39930399693	3171.75767906771	5.5	8.4	2046.58600499473	4436.39288389362	6.4	10	0	0
chr7-130398994-130398995-G-A	Pending	1	3	0	0	9.875	0.576	5.688	66	0.446	0	protein_coding	missense	11	401.44	460.54	1.147	0.72	1.8	2.783	0	1554.778	4326.834	590.19	2386.25	1.732	3.65	30.5	30.785	0.0901118756301002	0.0477961397264152	0.0338095761644096	0.0506102917510041	7.3480163043478	5.05404891304345	3756.16746529429	2087.35591103169	2.144125	1.6635	460.54	401.44	1.35	1.21	3574.04	1022.2	3.9	1.8	3254.47	548.91	3.4	1.5	4897.5	738.25	3	0.81	0.047822	0.184729	1.8	0.72	6469.40997042221	3343.70152488211	13	6	215184.01177191	215184.01177191	95	95	74741.1885826739	74741.1885826739	73	73	0	0
chr7-33099307-33099308-C-G	Pending	1	11	0	2	26.183	0.451	11.809	324	0.364	0	protein_coding	missense	11	2469.769	2169.046	0.878	2.8	4	1.428	0	7210.135	10299.662	637.73	637.43	5.2	6.624	49	49	0.390822939574718	0.585741464048624	0.0331896611186363	0.0857089554286499	7.3480163043478	3.26619565217382	11455.194362891	8283.20777094017	4.133375	3.2925	13439.48	5589.4	13.98	6.94	6707.91	6686.39	5.9	5.8	12860.25	7733.88	9.8	5.9	9144.13	8735.91	4.8	4.6	0.00947	0.018998	4	2.8	2169.04570370701	2469.76904535209	3.7	4.3	18357.3504977379	18655.6334478953	29	30	5439.51276175484	6274.22371600553	8.7	9.9	0	0
chr7-39988203-39988204-C-T	Pending	1	8	0	1	161.757	0.455	73.599	1531	0.386	0	protein_coding	missense	9	260.18	125.34	0.482	0.75	0.43	0.505	0	436.678	220.534	135.13	185.92	1.331	0.65	17	9.7	0.60729680582881	0.351969351060688	0.8286195218882	0.232444523323265	0.233451086956521	1.65130434782598	154.647201638057	1057.07543240514	0.495875	1.261875	2253.29	4981.2	3.83	6.4	141.75	309.8	0.43	0.75	125.34	260.18	0.8	1.2	335	814.04	0.5	0.84	0.395602	0.158597	0.35	0.82	221.200463253573	299.472668376634	1	1.4	240.375388963036	447.599919758403	1.1	1.8	219.866974346009	425.755238270096	1	1.8	0	0
chr8-102270063-102270064-T-G	Pending	1	1	0	3	97.215	0.231	22.457	476	0.179	0	protein_coding	missense	10	15.67	16.48	1.052	0.05	0.05	1.165	0	42.072	49.028	180.8	80	0.2	0.21	10.3	5.85	0.0559093637275509	0.0438831147039309	0.320031534992798	0.44799905477854	1.29679347826078	0.938097826086846	228.36250435176	124.735027470231	0.6285	0.4195	44.15	40.83	0.12	0.11	16.48	15.67	0.05	0.05	21.96	23.43	0.12	0.13	25.92	21.72	0.08	0.07	0.317511	0.488876	0.45	0.25	103.718954854251	165.163410461008	0.1	0.2	64.0943872521268	53.3113892473439	0.3	0.3	53.9051178682735	43.3141703266524	0.3	0.2	0	0
chr8-130836292-130836293-G-T	Pending	1	6	0	0	0.134	0	0	1	0.319	0	protein_coding	missense	9	8.085	13.479	1.667	0.17	0.21	1.398	0	718.689	1004.771	303.06	677.62	1.901	2.892	4.15	8.8	0.0463048336678184	0.103298476198688	0.0887478076161633	0.157478194704796	3.18451086956512	2.15494565217384	1116.33358971048	702.23538892537	2.4185	1.901875	32063.2	32938.63	34.22	39.01	814.27	639.78	0.21	0.17	1765.99	893.21	2.6	1.7	10811.06	8178.39	3.6	2.5	0.001458	0.003356	4.6	2.9	893.209148776166	735.142790762325	1.5	1.1	61.8258363501862	35.3321446685024	3.2	1.9	13.4793825832084	8.08481338684232	0.6	0.4	0	0
chr8-143599592-143599593-C-A	Pending	6	5	0	3	1.244	0.3	0.373	233	0.216	0	protein_coding	missense	9	9.2	11.2	1.217	0.012	0.011	1.722	0	14.127	24.325	1721.47	1672.355	0.1	0.162	6.01	5.75	0.242515970952809	0.114304622635245	0.853636290068952	0.787114315306336	0.194701086956513	0.297798913043437	33.7633279383546	33.8386310232921	0.0105	0.012125	98.47	45.61	0.35	0.13	13.55	9.21	0.05	0.03	12.78	10.35	0.13	0.07	11.2	9.2	0.04	0.03	0.959343	0.950648	0.03	0.03	72.5758484586572	68.0139975910683	0.3	0.2	24.0375388963036	13.9601472757577	0.2	0.2	24.6127420406223	14.2942047948243	0.2	0.2	0	0
chr8-54649146-54649147-C-T	Pending	5	6	0	0	0.215	0	0	0	0.161	0	protein_coding	missense	9	111.047	114.08	1.027	0.066	0.196	1.247	0	528.904	659.566	212.39	255.865	0.815	1.03	20	22	0.574756521731615	0.837537281215191	0.852742617685463	0.937742693984775	0.196277173913046	0.0657880434782782	114.079790157777	111.047131618337	0.221625	0.215625	2040.09	1588.21	1.27	1.09	1238.14	797.45	1.3	0.9	474.31	328.32	0.86	0.73	771.41	641.86	0.33	0.29	0.38979	0.420274	0.21	0.19	1073.58306648468	1276.49516119806	2.4	3	533.384019709036	415.948919041037	1.2	1	547.721766293447	394.057864990202	1.2	0.9	0	0
chr9-108854705-108854706-C-T	Pending	6	6	0	5	0.053	0	0	0	0.429	0	protein_coding	missense	9	29.25	24.87	0.85	0.031	0.014	0.768	0	78.496	60.285	998.075	988.08	0.18	0.165	36	29	0.26820389740169	0.204725665971637	0.834593773602012	0.783818697936285	0.223885869565194	0.302798913043446	43.0380731754078	47.9948665044016	0.014375	0.030625	70.4	135.48	0.2	0.28	25.71	37.66	0.08	0.12	24.87	29.25	0.13	0.16	68.37	87.56	0.06	0.07	0.903891	0.840876	0.02	0.04	598.537372158204	638.682611773156	1.1	1.2	65.92346101997	92.9051951686449	0.2	0.2	54.6462041187975	69.4320519012845	0.2	0.2	0	0
chr9-35090112-35090113-C-G	Pending	1	8	0	5	32.472	0.353	11.463	170	0.312	0	protein_coding	missense	9	10.41	9.29	0.892	0.032	0.016	0.77	0	20.536	15.809	104.985	137.57	0.07	0.053	7.1	11	0.598110131919384	0.12958165211603	0.951896066189479	0.778566673507782	0.0451630434782828	0.312364130434759	35.05461262779	37.6757753281374	0.016125	0.031625	41.99	24.48	0.11	0.04	9.85	10.87	0.04	0.04	9.29	10.41	0.06	0.07	12.62	13.13	0.04	0.04	0.924169	0.835561	0.04	0.07	52.4593640656587	53.606933103778	0.2	0.2	16.4774499063141	21.5223653782782	0.2	0.2	15.1411896773647	19.5505959368516	0.2	0.2	0	0
chr9-69013564-69013565-G-C	Pending	6	2	0	0	0	0	0	0	0.095	0	protein_coding	missense	9	373.072	18272.233	48.978	0.49	6.4	12.801	0	1742.265	22303.6	302.17	310.915	1.395	23.5	11.29	19.88	0.0667660008184611	0.349574805703014	0.0068823954263431	0.452301123869798	37.3590489130435	0.929673913043359	18272.2330633968	373.07226863201	4.48725	0.5035	26572.21	1333.25	32.31	0.99	21664.52	1981.25	17	1.8	22942.68	2327.08	24	2.1	29193.15	2584.17	23	0.82	0.002693	0.177404	6.4	0.49	11233.4238012277	1989.19309513165	29	5.5	32812.5513198024	1503.28041695717	28	2.8	21555.5942453558	1310.8711333963	22	2.5	0	0
chrX-112455020-112455021-T-C	Pending	6	5	0	0	0	0	0	0	0.201	0	protein_coding	missense	9	281.06	311.99	1.11	0.915	1.353	0.955	0	700.136	668.612	244.14	640.63	2.311	2.28	5.8	7.4	0.725619696080685	0.810986794531345	0.304049074160075	0.457510916158653	1.35263586956512	0.915244565217264	2827.07054864891	1960.24291795379	2.51675	2.162125	481.19	676.3	2.16	2.46	311.99	281.06	1.6	1.5	434.98	514.41	2.4	2.6	824.28	710.29	1.8	1.7	0.078122	0.163428	1.6	1.1	1109.00259611381	1039.29477233106	3.5	3.3	664.201726267641	693.904973073162	3.2	3.4	673.023145470479	706.366346636312	3.3	3.4	0	0
chrX-124737050-124737051-T-A	Pending	1	1	1	1	0.437	0	0	2	0.089	0	protein_coding	missense	9	66.982	44.166	0.659	0.205	0.066	0.315	1	287.079	90.356	257.26	143.11	1.08	0.444	24.5	15	0.0122449253685772	0.0016114294776343	0.66547760945194	0.561100230081497	0.49855978260868	0.692907608695563	44.1657503903636	66.98243699773	0.0655	0.2055	195.54	817.07	0.68	2	44.41	194.7	0.17	0.54	46.07	198.52	0.39	0.96	86.98	284.25	0.2	0.45	0.538212	0.092572	0.21	1.2	260.17800677216	289.908055013374	1.2	1.3	93.7324567203932	331.047261768959	0.6	1.4	109.184251200746	323.712895201682	0.7	1.4	1	0
chrX-37009895-37009896-T-C	Pending	6	10	0	0	0.116	0	0	0	0.384	0	protein_coding	missense	11	264.107	249.611	0.945	0.676	0.657	1.244	0	2225.668	2768.629	8308.1	8127.8	2.1	2.53	69.5	70.5	0.250407453160733	0.195056863129139	0.462100835373514	0.400697792968081	0.905923913043367	1.05470108695638	249.610948168372	264.106794930383	0.657375	0.676375	674.13	374.1	1.76	1.15	3632.32	2814.16	4	3.4	601.78	469.21	1.6	1.5	8014.76	6726.81	4.3	3.7	0.22161	0.162882	0.63	0.8	1904.93895517228	1637.17642763048	3.3	2.7	6106.74801623893	2997.85069885098	9.7	4.5	6376.17165016893	5254.84608476957	11	8.4	0	0
chrX-71564637-71564638-G-A	Pending	1	5	0	0	517.644	0.09	46.588	3172	0.056	0	protein_coding	missense	9	65.879	68.007	1.032	0.079	0.104	1.778	0	861.86	1532.501	96.765	101.715	1.295	2.15	2.1	1.4	0.549705052748322	0.652538973838091	0.897532883791259	0.928563334296134	0.12551630434784	0.0794021739130386	68.0071053333205	65.8791314354297	0.104125	0.099375	11103	11289.64	5.36	5.47	6109.32	2592.01	3.7	2.1	1785.2	588.9	1.8	0.99	1259.16	501.87	0.47	0.23	0.477592	0.6219	0.16	0.11	1332.9536643312	1085.26206538749	3.2	2.5	1330.5769630018	758.647445823449	2.5	1.6	1732.04830553774	965.072632307325	3.3	2	0	0
