ID	Evaluation	TSL	Pos	Prob.Pos	Num.Passing.Peptides	RNA.Expr	RNA.VAF	Allele.Expr	RNA.Depth	DNA.VAF	Ref.Match	Biotype	Variant.Type	Peptide.Length	Best.MT.IC50.Score	Corresponding.WT.IC50.Score	Corresponding.Fold.Change	Best.MT.Percentile	Corresponding.WT.Percentile	Median.Fold.Change	cysteine_count	IC50.MT.class1	IC50.WT.class1	IC50.MT.class2	IC50.WT.class2	percentile.MT.class1	percentile.WT.class1	percentile.MT.class2	percentile.WT.class2	MHCflurryEL.Processing.WT.Score	MHCflurryEL.Processing.MT.Score	MHCflurryEL.Presentation.WT.Score	MHCflurryEL.Presentation.MT.Score	MHCflurryEL.Presentation.WT.Percentile	MHCflurryEL.Presentation.MT.Percentile	MHCflurry.WT.IC50.Score	MHCflurry.MT.IC50.Score	MHCflurry.WT.Percentile	MHCflurry.MT.Percentile	MHCnuggetsI.WT.IC50.Score	MHCnuggetsI.MT.IC50.Score	MHCnuggetsI.WT.Percentile	MHCnuggetsI.MT.Percentile	NetMHC.WT.IC50.Score	NetMHC.MT.IC50.Score	NetMHC.WT.Percentile	NetMHC.MT.Percentile	NetMHCcons.WT.IC50.Score	NetMHCcons.MT.IC50.Score	NetMHCcons.WT.Percentile	NetMHCcons.MT.Percentile	NetMHCpan.WT.IC50.Score	NetMHCpan.MT.IC50.Score	NetMHCpan.WT.Percentile	NetMHCpan.MT.Percentile	NetMHCpanEL.WT.Score	NetMHCpanEL.MT.Score	NetMHCpanEL.WT.Percentile	NetMHCpanEL.MT.Percentile	PickPocket.WT.IC50.Score	PickPocket.MT.IC50.Score	PickPocket.WT.Percentile	PickPocket.MT.Percentile	SMM.WT.IC50.Score	SMM.MT.IC50.Score	SMM.WT.Percentile	SMM.MT.Percentile	SMMPMBEC.WT.IC50.Score	SMMPMBEC.MT.IC50.Score	SMMPMBEC.WT.Percentile	SMMPMBEC.MT.Percentile	Prob.match	driver_gene
chr1-118987628-118987629-G-A	Pending	5	1	0	2	1.058	0.9	0.952	20	0.246	0	protein_coding	missense	9	128.143	122.032	0.952	0.3	0.64	2.013	0	664.764	1338.058	280.345	327.555	0.459	0.67	24	21	0.385244555771351	0.279899381101131	0.7350308950853	0.645681714696283	0.382173913043459	0.531168478260824	122.03248046072	128.143456258117	0.369	0.387	4521.34	4578.28	0.56	0.75	800.15	292.56	0.64	0.3	489.96	223.61	0.72	0.31	1597.02	701.46	0.7	0.36	0.411933	0.347813	0.25	0.32	1290.38154414547	631.809457573781	2	0.8	2053.99792251064	954.113410281983	2.6	1.3	1385.73440576854	697.718116922806	1.9	0.9	0	0
chr1-18840251-18840252-C-T	Pending	2	10	0	0	0.063	0	0	2	0.166	0	protein_coding	missense	10	211.213	129.039	0.611	0.5	0.4	0.703	0	3123.783	2195.75	186.975	146.06	2.9	2.1	21	23	0.30771716311574	0.559848200529814	0.0188890162937831	0.0409622756325572	12.8054619565217	6.18413043478256	15350.2209279665	16931.6553086905	5.56175	6.343875	6051.2	5519.57	99.97	99.35	1609.58	2208.95	1.9	2.3	2781.92	3435.38	2.3	2.6	3808.73	7781.73	1.8	3.1	0.002145	0.005603	5.9	3.9	1550.96012730843	2812.1856201345	1.3	2.7	129.038706208532	211.212686225795	0.4	0.5	147.112643673781	478.244517431357	0.4	1.1	0	0
chr1-84182256-84182256-T-TG	Pending	1	1	0	0	48.731	0	0	524	0.216	0	protein_coding	FS	9	1967.786	NA	NA	0.74	NA	NA	0	7864.59	NA	238.415	74.735	4.6	NA	24	13	NA	0.0383639745414257	NA	0.0380217212979135	NA	6.63130434782606	NA	2744.32343391073	NA	2.806375	NA	22229.06	NA	37.88	NA	NA	NA	NA	NA	7864.59	NA	6.1	NA	15689.77	NA	4.6	NA	0.089746	NA	0.74	NA	1967.78648311005	NA	1.6	NA	NA	NA	NA	NA	NA	NA	NA	0	0
chr1-90007651-90007652-C-T	Pending	1	10	0	0	36.855	0.129	4.754	816	0.076	0	protein_coding	missense	10	58.918	7279.723	123.556	0.07	4.8	8.303	0	1942.925	16132.316	168.86	188.08	1.205	15.5	13	23	0.324463587254286	0.583950292319059	0.0404581247032869	0.919132759557564	6.18413043478256	0.0918750000000017	7279.72314653875	58.918356039051	4.872625	0.177	24261.71	2588.47	20.72	2.78	42129.41	18206.72	58	9.4	19611.42	1297.38	21	1.9	26716.08	772.48	18	0.51	0.005315	0.574768	4.8	0.07	12653.2128518332	1196.25937088688	15	0.3	7798.66023853936	6761.14110880511	6.7	4.7	11506.679057799	7887.69301969062	16	6.8	0	0
chr10-19146243-19146244-G-T	Pending	1	3	0	2	3.659	0	0	0	0.435	0	protein_coding	missense	9	55.933	199.375	3.565	2.4	28	2.762	0	5519.691	15242.947	715.115	620.915	11.69	30	31	30	0.005934327840805	0.0203136913478374	0.0046428961304792	0.0114747918918827	62.7446739130435	20.2322554347826	22007.0055593963	9071.5945206406	20.3175	6.883625	4874.55	1379.48	22.75	11.38	40071.77	9138.49	28	2.4	41151.77	34053.09	87	49	45461.86	40875.32	80	49	7e-06	7.2e-05	53	26	8478.88848885099	1967.78648311005	32	6.5	199.37467846152	55.9332429511753	13	5.6	865.505834772649	164.918736932727	25	12	0	0
chr11-107556824-107556825-T-C	Pending	1	7	0	1	18.697	0.507	9.479	223	0.155	0	protein_coding	missense	9	260.627	259.43	0.995	0.71	0.43	1.02	0	1302.984	1328.89	96.875	221.7	2.009	2.15	9.1	17	0.12919557839632	0.206187475472689	0.0850411617242925	0.117537344245768	3.29679347826078	2.61733695652164	1584.19724502547	1447.91548939912	1.4465	1.36925	417.12	621.69	38.12	45.95	3945.29	5612.03	0.43	0.71	1936.11	1765.99	1.2	1.1	8951.19	6407.06	1.8	1.3	0.02674	0.035801	1.6	1.4	1073.58306648468	1158.05301827804	4.7	5.1	213.38309007091	380.329489074853	2.5	5.3	259.429883124423	260.627357056874	3.3	3.3	0	0
chr11-20100975-20100976-C-T	Pending	1	9	0	3	50.454	0.234	11.806	734	0.099	0	protein_coding	missense	9	4.61	151.04	32.764	0.045	1.577	7.732	0	142.465	1101.595	18.55	21.55	0.16	3.25	1.6	1.9	0.022276584059	0.589857000857592	0.128244725997754	0.951067460425836	2.46326086956512	0.0451630434782828	668.921190086575	34.6509191805121	1.576875	0.0715	151.04	4.61	3.41	0.05	12899.82	533.63	3.3	0.22	6646.79	153.95	5.4	0.57	10716.03	130.98	2.8	0.1	0.008898	0.795573	3.2	0.09	1534.26953965883	942.861739365281	4.8	2.7	20.4960418892167	13.3865911661898	2.7	1.8	206.666459769732	156.052237491255	13	9.9	0	0
chr11-36098428-36098429-A-G	Pending	1	3	0	1	33.661	0.265	8.92	404	0.083	0	protein_coding	missense	8	4986.97	4980.31	0.999	18.796	16.284	0.965	0	29662.598	28617.774	2426.46	2576.645	55.03	41	7.3	6.7	0.0001057503245647	9.32740304051549e-05	0.0034415182426488	0.0033987424335125	99.2866032608696	99.2866032608696	29359.8582227341	29740.3053984523	16.284375	18.796	4980.31	4986.97	37.97	54.06	41103.26	43182.55	81	93	27875.69	29584.89	41	56	45202.4	45652.63	100	100	9e-06	6e-06	57	64	43911.9137028012	50000	41	45	17251.2274025469	20315.1484398051	25	28	23683.7244713288	27507.4289578015	31	35	0	0
chr11-61485338-61485339-G-T	Pending	1	7	0	1	4.04	0.125	0.505	48	0.082	0	protein_coding	missense	10	86.41	130.18	1.507	0.13	0.17	1.215	0	149.65	181.88	212.065	1056.41	0.3	0.3	17	44	0.17591168358922	0.265108019113541	0.649740244036536	0.690358583245803	0.524483695652137	0.454836956521717	86.1479989812601	98.6560965270012	0.24325	0.294125	4728.15	4754.88	2.05	2.42	130.18	86.41	0.17	0.13	375.87	253.23	0.49	0.36	233.58	176.05	0.17	0.14	0.541656	0.453733	0.17	0.23	801.610620817419	625.010268514176	0.3	0.3	69.9664759416627	95.2554866216586	0.3	0.3	89.0820084274202	123.250871831459	0.3	0.4	0	0
chr11-6411265-6411266-G-C	Pending	1	1	0	0	14.219	0.027	0.384	295	0.095	0	protein_coding	missense	8	72.289	68.84	0.952	0.113	0.095	0.751	0	1507.06	1132.22	68.49	72.96	0.5	0.43	9.1	8.28	0.0450286008417606	0.0636288374662399	0.592105033571609	0.596523787220493	0.631358695652096	0.623288043478183	68.8399160412069	72.2886324789234	0.094875	0.113	1464.91	5109.43	1.82	6.32	NA	NA	NA	NA	1132.22	1507.06	0.37	0.5	7861.19	8804.9	1.4	1.7	0.163683	0.192716	0.43	0.34	1121.06690721145	1332.9536643312	0.2	0.2	NA	NA	NA	NA	NA	NA	NA	NA	0	0
chr11-65585072-65585073-G-A	Pending	1	8	4	5	142.388	0.487	69.343	1004	0.185	0	protein_coding	missense	9	10.3	30.34	2.946	0.008	0.018	1.924	1	52.811	101.635	197.5	119.25	0.04	0.15	17	11	0.771562539041042	0.792447440326214	0.971571864489494	0.979096725479606	0.0176630434782936	0.0084239130434866	37.5676637407968	29.3042411956714	0.040625	0.00775	1667.66	710.78	0.11	0.04	106.07	23.33	0.19	0.04	79.57	19.49	0.31	0.07	30.34	10.3	0.05	0.02	0.76246	0.947717	0.07	0.01	97.199562876949	84.4457314436612	0.2	0.2	162.042897414198	76.3185305857549	0.3	0.3	190.967736268095	87.8941559593414	0.4	0.3	0	0
chr11-65617661-65617662-C-T	Pending	5	1	0	2	102.852	0.236	24.273	1324	0.077	0	protein_coding	missense	9	12.01	64.42	5.364	0.008	0.015	4.293	0	59.098	253.732	183.57	2743.45	0.13	0.67	8.1	46	0.455885097384453	0.683814741671085	0.940183647245537	0.973694924493331	0.0617934782608813	0.0153804347826422	26.4681912715884	25.1377546929621	0.0145	0.008	135.64	70.26	3.19	2.03	2074.46	121.78	0.64	0.09	386.17	25.41	0.82	0.17	64.42	12.01	0.06	0.02	0.965119	0.991743	0.02	0.01	371.823292618383	228.498283614918	0.7	0.3	58.032328950697	47.936906015622	5.7	5.1	474.536912210437	142.321332097767	19	9.4	0	0
chr11-6626811-6626812-G-A	Pending	1	10	0	0	117.628	0.258	30.348	1545	0.106	0	protein_coding	missense	11	223.61	141.95	0.635	0.48	0.31	0.531	0	1640.083	870.089	179.835	188.82	1.672	0.954	26	13	0.087635476142168	0.0733367539942264	0.144196986024086	0.072113399587348	2.28182065217383	3.7201086956521	738.05888982437	1553.97512725564	1.03775	1.444125	5105.79	5245.5	0.87	3.13	434.86	802.55	0.69	1.2	141.95	223.61	0.31	0.48	1002.12	1726.19	0.67	0.94	0.068874	0.026356	1.1	1.9	638.682611773156	776.008632837805	0.5	0.7	2636.81706074426	4256.76818479856	5.2	13	5082.88167701209	5496.80081595107	16	18	0	0
chr11-77040374-77040375-C-A	Pending	1	6	0	1	0.068	0	0	0	0.177	0	protein_coding	missense	10	910.86	840.345	0.923	1.141	1.099	0.823	0	4796.437	3948.265	609.13	808.395	4.05	2.8	18	18	0.432591896504164	0.213519476354122	0.334827692398162	0.176563551123239	1.24649456521728	1.99782608695644	840.344789967076	910.860174876857	1.09925	1.140875	5331.44	5310.15	15.2	9.37	4044.23	8265.12	3.5	6.1	4219.45	7054.34	3	4.5	6085.84	9271.96	2.6	3.6	0.028767	0.025416	1.8	1.9	2099.77032163072	2523.79620595976	1.8	2.3	3852.29910682612	4282.72314003714	6.1	6.6	3354.67150692528	4005.43787365402	5.6	6.3	0	0
chr12-121445378-121445379-C-T	Pending	1	1	0	0	74.696	0.231	17.255	666	0.095	0	protein_coding	missense	9	382.534	388.75	1.016	13.667	10.524	1.22	0	11073.71	13513.134	3308.01	3201.31	19.875	32.18	34	34	0.0003265915383963	0.0002360437792958	0.0068869834631217	0.0056419723842965	37.3590489130435	46.2246739130435	14334.7679442183	17618.1208901992	10.52375	13.666875	12691.5	4529.3	44.38	21.75	35872.25	33685.53	19	16	38357.05	35176.57	68	53	46680.09	42806.68	91	60	3e-06	2.5e-05	66	36	6829.03790868801	3932.89229682844	27	16	388.74964012669	382.533963245307	17	17	618.400739141976	424.883631145926	21	18	0	0
chr12-53200331-53200332-G-A	Pending	1	7	0	3	1.727	0.25	0.432	36	0.109	0	protein_coding	missense	10	305.344	386.18	1.265	0.23	0.22	1.339	0	380.72	509.83	432.185	472.95	0.689	0.717	12	12	0.192879106849432	0.147063381969929	0.397219802940444	0.328168094804299	1.0654619565216	1.26923913043468	265.961943528592	306.347584464343	0.634499999999999	0.678749999999999	4790.32	4928.26	2.95	6.12	748.69	318.4	0.61	0.32	511.63	388.27	0.63	0.52	350.92	373.17	0.22	0.23	0.319965	0.134253	0.34	0.62	1332.9536643312	1170.65092555888	0.8	0.7	508.030750019848	412.942896765867	1.5	1.3	386.180197218961	305.34442849779	1.1	0.9	0	0
chr13-20704130-20704131-G-C	Pending	1	2	0	1	3.264	0.719	2.347	57	0.249	0	protein_coding	missense	9	73.206	969.42	13.242	0.05	0.35	8.452	0	532.71	4502.36	21.86	148.66	0.18	2.971	1.4	18	0.0358031578361988	0.0295022167265415	0.0971665054444748	0.564147770252361	2.97065217391297	0.687499999999915	969.419634403196	73.2056217079505	1.579	0.116375	27558.01	8123.66	53.58	10.45	NA	NA	NA	NA	4502.36	474.64	3	0.18	3224.53	532.71	0.35	0.05	0.040706	0.294154	1.7	0.16	6903.32775987199	1469.28411373604	14	1.1	NA	NA	NA	NA	NA	NA	NA	NA	0	0
chr13-26214557-26214558-G-A	Pending	1	6	6	0	29.133	0.163	4.749	618	0.065	0	protein_coding	missense	9	277.87	653.21	2.351	2.712	3.563	1.977	1	4060.438	8028.698	76.645	57.3	18.5	27	6	4.3	0.0125595703721046	0.126515369862318	0.0135898722216054	0.0295252932449526	17.305597826087	8.26921195652172	7393.02807509207	4953.25844990011	3.563125	2.712125	653.21	277.87	46.94	30.4	33010.47	30088.81	26	20	23828.16	22942.68	28	26	23752.22	19970.51	7.8	5.5	0.001629	0.001163	6.6	7.7	8664.36747969986	3167.61691360185	37	17	4821.25386466498	3049.01808250753	66	47	2128.23705266424	1390.01664237143	35	24	1	0
chr13-51252142-51252143-C-T	Pending	1	2	0	1	3.42	0.084	0.287	83	0.085	0	protein_coding	missense	8	3529.575	30396.066	8.612	2.1	12	2.693	0	11812.785	31814.993	3296.52	4477.99	6.75	30	65	69.66	0.258775945752859	0.154198277741671	0.0102004950342521	0.0146441971583894	22.1923097826087	16.1575543478261	24440.8277534126	11455.0296215231	20.966625	6.80075	33233.92	12170.54	40.47	8.82	47906.04	42066.54	98	58	23957.42	4358.65	26	6.2	35590.43	14179.69	34	6.7	0.000753	0.024395	12	2.1	30396.0663708854	3529.57450109899	36	2.2	NA	NA	NA	NA	NA	NA	NA	NA	0	0
chr13-71630615-71630616-G-C	Pending	1	3	0	0	5.006	0.062	0.31	130	0.086	0	protein_coding	missense	9	122.35	1289.59	10.54	3.2	93	6.468	0	5194.403	33597.717	140.725	145.99	7.45	71.5	4.31	4.7	0.0093409270048141	0.0185605287551879	0.0037783438895284	0.0123403779704586	99.2866032608696	18.6179891304348	27571.7712496629	8356.09800226683	25.687125	3.9105	1289.59	122.35	60.4	16.69	36503.8	17620.86	36	5.2	37535.94	26123.53	69	33	45409.76	34547.8	74	23	2.9e-05	0.002658	32	5.3	50000	2032.70746949495	83	9.6	11862.0568199932	250.12666926746	93	3.2	30691.6332533115	385.496110008932	100	5.3	0	0
chr14-21395079-21395080-G-A	Pending	1	7	0	0	73.985	0.237	17.534	773	0.088	0	protein_coding	missense	11	677.47	221.905	0.328	0.2	0.3	1.247	0	1577.77	1967.19	34.62	80	1.9	0.86	3.7	6.4	0.13598608225584	0.0755158253014087	0.391159063625957	0.149244776164257	1.080733695652	2.23160326086948	221.905198992527	677.470292260565	0.56925	1.281375	10295.21	7011.96	13.72	8.86	NA	NA	NA	NA	1967.19	1577.77	0.82	0.68	9709	9415.91	2	1.9	0.07635	0.025689	0.86	2.4	1550.96012730843	1376.93031903257	0.3	0.2	NA	NA	NA	NA	NA	NA	NA	NA	0	0
chr14-65077834-65077836-ACT-A	Pending	1	1	0	4	81.037	0.119	9.643	67	0.114	0	protein_coding	FS	9	61.898	NA	NA	0.18	NA	NA	0	516.004	NA	56.155	NA	1.31	NA	4.7	NA	NA	0.365692537277937	NA	0.83347737997447	NA	0.225298913043474	NA	61.8980184330387	NA	0.192125	NA	5439.98	NA	4.54	NA	1018.45	NA	0.62	NA	628.4	NA	2	NA	316.12	NA	0.27	NA	0.361534	NA	0.18	NA	2812.1856201345	NA	5.9	NA	295.080153020741	NA	2	NA	403.608217565033	NA	2.5	0	0
chr14-76498311-76498312-C-A	Pending	1	10	0	1	0.414	0.125	0.052	16	0.18	0	protein_coding	missense	11	45.535	68.888	1.513	0.032	0.164	1.04	0	313.675	326.375	130.375	144.77	0.14	0.232	9	7.2	0.159516874700785	0.57910467684269	0.685048785857358	0.934854890065007	0.463016304347803	0.069728260869553	68.8878665377782	45.5346837787579	0.16425	0.0315	4786.52	3023.35	2.89	0.16	704.21	711.85	0.59	0.59	45.58	54.19	0.13	0.14	143.88	175.58	0.13	0.14	0.763888	0.835308	0.07	0.04	508.869852753973	451.770691174733	0.3	0.3	NA	NA	NA	NA	NA	NA	NA	NA	0	0
chr15-33859595-33859596-G-A	Pending	1	7	0	0	3.557	0.089	0.317	124	0.117	0	protein_coding	missense	9	695.01	572.6	0.824	0.46	0.39	1.092	0	1530.953	1671.49	75.465	138.885	2.976	2.343	5.6	7	0.347704891115427	0.0728195756673812	0.142263334597944	0.103747107659508	2.30184782608688	2.85152173913036	1934.3796776588	1029.1977045809	2.384625	1.77275	1408.6	3371.04	1.94	3.3	572.6	695.01	0.39	0.46	776.01	973.97	2.3	2.6	1308.18	808.08	0.78	0.53	0.012589	0.01237	3.1	3.1	1946.61023738087	2032.70746949495	3.3	3.5	4885.84854187735	9793.54673213601	14	20	2534.89514727464	4580.99692230538	9.1	14	0	0
chr16-4884756-4884757-C-T	Pending	1	8	0	0	3.158	0.163	0.515	172	0.095	0	protein_coding	missense	9	1526.441	1957.402	1.282	0.27	0.6	0.923	0	4855.256	4482.96	146.665	290.34	2.7	2.55	1.67	2.4	0.0179605148732662	0.0305910930037498	0.0149452870638905	0.0192642029403455	16.1575543478261	12.1872282608695	6827.23419775116	5479.7715440148	2.4315	2.175125	4535.95	4230.74	0.6	0.27	2236.73	3950.12	1.5	2.2	4429.97	6365.26	2.6	3.3	5533.17	6332.63	2	2.2	0.004246	0.006826	4	3.2	2664.09147713626	2693.07285958329	5.2	5.3	13791.134690236	12519.8752062488	12	9.8	1957.40187502356	1526.44092053806	2.5	2	0	0
chr16-4895274-4895275-A-C	Pending	1	1	0	2	3.158	0.459	1.45	61	0.337	0	protein_coding	missense	8	1904.939	1746.986	0.917	1.4	1.3	1.08	0	5060.651	5463.305	576.385	753.155	3.338	5.7	21.94	23	0.0112804919481277	0.0043065249919891	0.0094176341707778	0.010484688212818	24.5792391304348	22.1923097826087	10780.9465284947	9400.57531379385	3.127875	2.87625	4674.24	4691.05	1.43	1.61	19818.55	19507.51	12	12	3000.81	2858.2	2	1.9	16095.55	14852.26	6.2	5.5	0.002509	0.004835	5.2	3.8	1746.98551063258	1904.93895517228	1.3	1.4	5673.09426594	5430.25219725455	9.3	8.4	5253.51528298365	2639.06447134944	7.7	2.1	0	0
chr17-42856295-42856296-G-T	Pending	1	5	0	2	6.324	0.16	1.012	100	0.211	0	protein_coding	missense	10	167.78	181.324	1.081	0.39	0.36	0.896	0	424.122	379.969	23.75	58.525	0.74	0.685	0.03	0.19	0.271425805985928	0.30774125084281	0.557973298242025	0.607504695071649	0.699592391304236	0.601766304347777	181.323782750624	167.780182369945	0.493	0.465875	5026.16	4867.72	0.67	0.52	287.15	607.35	0.46	0.87	312.72	398.91	0.5	0.61	376.54	437.36	0.36	0.39	0.038474	0.05792	1.5	1.2	1121.06690721145	1145.59068280975	0.9	1	397.850584097913	410.884728515954	0.9	1	383.398138560145	406.115906495872	0.9	1	0	0
chr17-4596878-4596879-G-A	Pending	1	1	0	1	19.972	0.97	19.373	67	0.389	0	protein_coding	missense	9	90.875	155.641	1.713	0.02	0.05	3.203	0	508.61	1629.15	13.15	13.35	0.186	0.587	0.64	0.73	0.296620141714811	0.511552039533854	0.615488158145964	0.852399183450226	0.586820652173856	0.196277173913046	155.64059142536	90.8754866619639	0.40725	0.185625	22768.33	23521.82	39.32	41.36	NA	NA	NA	NA	1629.15	438.79	0.84	0.16	1565.86	508.61	0.15	0.05	0.504797	0.710338	0.05	0.02	5099.02725598475	3380.0760613847	7.8	3.9	NA	NA	NA	NA	NA	NA	NA	NA	0	0
chr17-7674887-7674888-T-C	Pending	1	6	0	1	233.976	0.923	215.96	1201	0.419	0	protein_coding	missense	11	27.4	247.71	9.041	0.22	0.77	1.29	0	1475.089	1902.783	170.35	227.465	2.149	2.986	9	18	0.215165436267853	0.221250496804714	0.0815460969103161	0.138613491657285	3.38978260869555	2.34546195652166	2271.29579898475	1258.98780409479	2.58275	1.952	247.71	27.4	0.77	0.22	9588.33	7684.01	4.5	3.7	209.55	352.24	0.78	1.3	7675.37	8012.24	3.6	3.7	0.008093	0.008676	3.9	3.8	1534.26953965883	1691.18996491218	0.4	0.5	NA	NA	NA	NA	NA	NA	NA	NA	0	1
chr18-580767-580768-G-T	Pending	6	8	0	3	0	0	0	0	0.097	0	protein_coding	missense	9	35.811	45.711	1.276	0.04	0.04	1.641	0	175.812	288.441	137.085	114.865	0.783	0.825	3.3	3	0.0096323527395725	0.0022256597876548	0.48681369056797	0.397225056294537	0.849211956521643	1.0654619565216	93.7688105052177	132.804791400832	0.24675	0.3435	267.53	67.32	29.71	9.02	610.2	716.58	0.04	0.04	2483.17	2551.25	1.6	1.7	11683.66	11323.72	2.5	2.4	0.052739	0.033973	1.1	1.4	309.352836369049	218.820024417617	0.8	0.5	75.5370465172691	72.3036130894528	0.4	0.4	45.7109239788602	35.8112928432719	0.2	0.2	0	0
chr19-19638007-19638008-G-T	Pending	1	4	0	2	45.56	0.079	3.599	391	0.052	0	protein_coding	missense	9	113.84	173.56	1.525	0.66	0.74	2.339	0	553.418	1294.508	561.135	561.135	3.061	4.575	25	25	0.0378243699669837	0.0187952555716037	0.0469439472360709	0.150471360553305	5.44942934782604	2.22214673913037	2183.57341879398	545.580689515478	1.695125	0.83075	173.56	113.84	22.19	15.65	5757.8	5354.54	0.74	0.66	16404.99	15044.73	16	15	25532.22	22114.5	9.2	6.7	0.01018	0.029615	2.7	1.5	405.441642325188	280.648918037273	1.3	0.7	394.602652288706	561.254711825243	5.5	8.5	287.091278940032	297.865359833819	3.7	3.9	0	0
chr19-22976007-22976008-T-G	Pending	3	7	0	0	0.125	0	0	6	0.078	0	protein_coding	missense	9	168.64	553.299	3.281	0.34	1.4	2.06	0	1560.472	3214.05	58.255	43.815	2.107	3.8	8.1	5.7	0.0725275613367557	0.115490060299635	0.0387199266203169	0.0619708372377207	6.47915760869564	4.27116847826083	3048.02451295346	2141.69357314262	2.97225	2.514375	26887.47	8488.19	24.93	6.37	2277.19	480.79	1.4	0.34	4129.12	979.25	6.5	2.6	7280.22	2473.67	3.4	1.4	0.016873	0.03628	2.6	1.6	3380.0760613847	2289.62075429042	7.8	4.3	864.848427295921	252.894858515143	4.2	1.7	553.299146134201	168.639769526787	3	1.3	0	0
chr19-35351921-35351921-T-TG	Pending	6	1	0	3	0	0	0	0	0.255	0	protein_coding	FS	9	124.402	NA	NA	0.21	NA	NA	0	450.24	NA	37.645	NA	0.705	NA	3.7	NA	NA	0.0823260024189949	NA	0.482470735022165	NA	0.860706521739047	NA	124.40199342261	NA	0.37275	NA	3172.58	NA	0.21	NA	463.14	NA	0.71	NA	437.34	NA	0.95	NA	470.41	NA	0.41	NA	0.400578	NA	0.26	NA	1017.04648403787	NA	2.3	NA	323.318086618918	NA	0.7	NA	435.471763406817	NA	0.8	0	0
chr19-4793141-4793142-A-G	Pending	6	1	0	1	11.691	0.224	2.619	777	0.067	0	protein_coding	missense	9	128.18	95.37	0.744	0.17	0.14	0.925	0	432.117	399.917	26.255	30.41	0.535	0.592	0.91	1	0.223374560475349	0.23204380646348	0.576107929311422	0.54387182606103	0.663532608695576	0.728559782608585	141.062748713604	166.587129963037	0.40575	0.465875	5145.98	4910.56	1.07	0.55	322.95	217.15	0.52	0.36	141.95	164.27	0.45	0.52	95.37	128.18	0.14	0.17	0.342286	0.456884	0.31	0.22	476.884165661415	652.654042870543	1.1	1.5	684.904469016424	684.904469016424	1.2	1.2	662.15551411649	647.083014455763	1.1	1.1	0	0
chr19-746460-746461-C-T	Pending	1	7	0	1	42.701	0.225	9.608	338	0.078	0	protein_coding	missense	9	40.3	13027.95	323.274	0.1	0.84	5.481	0	326.177	1787.72	49.29	71.33	0.31	3.55	4.16	7.71	0.0476330816745758	0.308208778500557	0.423306719479373	0.823259293074615	0.999320652173779	0.2409510869565	140.22781264247	54.0610007637402	0.52375	0.1525	13027.95	40.3	9.44	0.28	7167.75	482.7	3.4	0.34	3325.66	454.22	5.7	1.7	1475.67	82.19	0.84	0.1	0.183395	0.514446	0.42	0.1	2099.77032163072	1017.04648403787	3.7	1.1	977.102219970123	479.667175589527	4.6	2.8	749.825144703939	198.134452882588	3.8	1.4	0	0
chr2-200853439-200853440-G-C	Pending	1	5	0	1	93.946	0.104	9.77	1038	0.06	0	protein_coding	missense	9	181.963	198.293	1.09	0.4	0.29	0.828	0	710.991	588.37	192.27	187.955	0.698	0.78	1.6	1.7	0.125705935060978	0.302660070359707	0.408654294068238	0.584199257842882	1.03413043478248	0.646739130434725	198.292516637406	181.962523571208	0.536875	0.5105	4582.93	4650.25	0.78	1.21	271.68	427.98	0.29	0.4	356.07	434.98	0.54	0.62	560.6	800.5	0.31	0.4	0.085816	0.092511	0.78	0.75	1332.9536643312	1262.75821593613	2	1.9	617.447448050683	733.83766733354	0.8	1	616.140845212418	688.145065474201	0.8	0.9	0	0
chr22-22487839-22487840-A-G	Pending	2	7	0	1	1.639	0.104	0.17	115	0.079	0	protein_coding	missense	9	26.117	27.393	1.049	0.013	0.02	1.392	0	78.629	109.476	34.775	35.68	0.33	0.51	2.31	2.01	0.476742800325155	0.527291376143694	0.942417857172432	0.953488756476602	0.058288043478285	0.0427173913043645	27.3929196526061	26.1165118754808	0.02	0.013125	33.08	30.88	1.1	1.03	735.82	330.97	0.27	0.16	301.1	126.7	0.75	0.5	62.18	53.68	0.06	0.05	0.878181	0.919163	0.06	0.05	605.048575185664	520.001579145507	1.6	1.2	59.9335496267296	34.2507432315891	5.8	4.1	156.772541891989	103.578591255534	9.9	8.1	0	0
chr22-26623269-26623270-C-T	Pending	1	6	0	2	0.066	0	0	0	0.089	0	protein_coding	missense	9	56.532	129.406	2.289	0.09	0.33	5.413	0	240.754	1303.152	1206.93	2386.55	0.27	0.995	27	33.28	0.168282423168421	0.4230139516294	0.548763138512099	0.870045952506331	0.719048913043366	0.168750000000003	129.405707674489	56.5322595359115	0.384375	0.137875	4681.9	3469.83	0.43	0.23	3085.92	229.64	2.9	0.37	1050.6	83.54	1.6	0.31	1590.87	85.14	0.89	0.12	0.309945	0.714412	0.33	0.09	466.675458100716	251.868393564755	1.1	0.5	1229.22108171166	352.882401239321	2.1	0.7	1377.0826290555	413.009460661224	2.4	0.8	0	0
chr22-29489237-29489238-C-T	Pending	1	6	0	0	11.104	0.311	3.453	222	0.067	0	protein_coding	missense	8	1185.277	1185.277	1	0.7	0.7	1.158	0	3016.513	3493.721	692.255	1482.47	2.4	2.45	27	39	0.0380179733037948	0.0889499597251415	0.0457191730508325	0.0758353813291025	5.55494565217388	3.5994836956521	2248.37165920636	1555.41105177064	1.5105	1.311125	5178.24	5004.44	99.94	99.51	14554.46	14618.06	7.2	7.2	4018.93	3454.02	2.4	2.2	16748.82	14286.1	6.5	5.3	0.011686	0.010844	2.5	2.6	2968.51216632858	2579.00523176605	2.1	1.8	1185.27738997987	1185.27738997987	0.7	0.7	1319.62337570548	1292.55788101474	0.9	0.9	0	0
chr22-39887543-39887544-G-A	Pending	1	1	1	2	0.257	0	0	0	0.173	0	protein_coding	missense	9	61.143	58.325	0.954	0.05	0.07	1.554	1	517.53	804.48	77.93	68.21	0.19	0.135	12	9.2	0.490512475371361	0.236366003751755	0.891857240146214	0.762208122583774	0.135353260869579	0.338559782608684	58.3252835264727	61.142923324385	0.055	0.064125	2581.39	1453.15	3.16	1.81	NA	NA	NA	NA	766.37	517.24	0.39	0.19	804.48	517.53	0.07	0.05	0.581528	0.381965	0.03	0.09	922.677802760882	611.630610489998	0.5	0.2	NA	NA	NA	NA	NA	NA	NA	NA	1	0
chr3-112827455-112827456-G-A	Pending	1	1	0	3	0.012	0.671	0.008	70	0.318	0	protein_coding	missense	9	2.677	2.696	1.007	0.14	1.9	13.534	0	223.535	3025.297	228.71	668.23	0.71	3.674	4	9	0.117786735296249	0.538147006183863	0.0446777932725188	0.749213138614027	5.67187499999996	0.359293478260838	3082.08237057545	197.339144691033	3.448375	0.773624999999999	23130.14	11223.33	75.08	40.22	6648.16	219.8	1.9	0.14	2327.08	227.27	2.6	0.63	17662.85	2660.58	5.5	0.75	0.009878	0.128888	3	0.67	2968.51216632858	1262.75821593613	12	3.8	2.69569032543501	2.67713332376256	0.3	0.3	32.3050189402007	11.5949798967604	3.9	1.6	0	0
chr3-134478615-134478616-C-T	Pending	1	5	0	2	24.662	0.319	7.867	923	0.158	0	protein_coding	missense	10	175.29	163.39	0.932	0.3	0.3	1.007	0	831.076	837.063	136.51	287.54	1.322	1.17	3.6	7.3	0.013009387999773	0.0145932547748088	0.0948405010317272	0.0805482330843259	3.03728260869558	3.42187499999991	917.144317523369	1109.11759429486	1.140875	1.244875	5020.78	5267.32	0.67	4.27	1243.49	832.97	1.6	1.2	163.39	175.29	0.35	0.37	468.69	510.3	0.41	0.44	0.061297	0.044915	1.2	1.4	359.94793166265	396.762312086394	0.3	0.3	821.712701373458	903.067057145302	1.8	2	852.412873518109	829.182256226486	1.9	1.8	0	0
chr3-147413414-147413415-C-T	Pending	1	3	0	3	102.589	0.216	22.159	1962	0.072	0	protein_coding	missense	9	93.816	107.112	1.142	0.085	0.324	1.162	0	305.566	355.209	51.12	94.1	0.3	0.362	3.6	4.8	0.315645344555378	0.73254493996501	0.711099133777519	0.924457638692619	0.419565217391295	0.0847826086956331	107.111600432821	93.8158516503293	0.324	0.276	4814.5	4880.94	3.33	4.56	539.52	448.18	0.47	0.41	161.63	169.69	0.24	0.25	799.84	638.13	0.4	0.34	0.513514	0.506945	0.19	0.19	371.823292618383	299.472668376634	0.3	0.3	278.355623757743	238.561303993092	0.3	0.3	338.594578497407	311.659234775884	0.5	0.4	0	0
chr3-157045520-157045521-A-G	Pending	5	2	0	1	0.741	0	0	0	0.074	0	protein_coding	missense	10	814.023	530.404	0.652	0.11	0.21	1.448	0	1273.91	1844.099	17.39	20.12	1.431	0.46	0.72	1.2	0.163974117487669	0.0777928531169891	0.23328681570485	0.128886178477784	1.64714673913032	2.46326086956512	530.404218619864	814.022974918534	1.10425	1.431375	10375.96	19833.82	13.85	32.03	NA	NA	NA	NA	1452.6	1006.18	0.46	0.29	2068.65	1273.91	0.21	0.11	0.170754	0.171501	0.41	0.4	1844.09866318303	6262.78876057716	0.4	2.5	NA	NA	NA	NA	NA	NA	NA	NA	0	0
chr3-48590256-48590257-C-T	Pending	1	10	0	0	36.566	0.566	20.696	602	0.19	0	protein_coding	missense	10	1443.91	1467.03	1.016	1.7	1.8	0.965	0	5010.324	4833.113	69.215	71.255	4.5	4.393	6.1	6.1	0.500715997070074	0.315591298043728	0.0561581152423949	0.0190610497879346	4.58573369565214	12.1872282608695	9703.91867878144	15647.2771533105	3.725875	5.7035	6026.18	5930.24	99.96	99.92	1467.03	1443.91	1.8	1.7	4288.48	5869.13	3.1	3.9	5851.89	6423.03	2.5	2.7	0.004625	0.003465	4.2	4.8	5099.02725598475	4151.51779043547	5.3	4.2	2481.53268618897	1544.25849827198	4.6	3.2	4567.19968452345	3432.81184444055	6.8	5.7	0	0
chr3-52787603-52787604-C-T	Pending	1	6	0	5	0.02	0	0	4	0.053	0	protein_coding	missense	10	20.38	22.98	1.128	0.04	0.04	1.122	0	83.945	94.189	25.58	119.695	0.2	0.19	1.3	13	0.102607265114784	0.0335426181554794	0.583761380849379	0.478478331715795	0.646739130434725	0.869782608695559	87.9676392870662	105.878451299686	0.2515	0.3195	2467.78	2301.69	0.14	0.13	22.98	20.38	0.04	0.04	100.41	100.41	0.18	0.18	102.26	67.48	0.09	0.08	0.654204	0.442032	0.12	0.24	743.140059082542	688.934419119916	0.3	0.3	22.023685668898	32.5754182112469	0.2	0.2	28.4964001119963	49.5210677310009	0.2	0.2	0	0
chr3-88466267-88466268-C-A	Pending	4	4	0	1	0	0	0	0	0.18	0	protein_coding	missense	9	291.56	258.98	0.888	0.25	0.23	0.89	0	1381.785	1229.707	70.71	102.635	2.281	2.805	4.1	3.8	0.14698826521635	0.394310496747494	0.0641730184598893	0.211894278313859	4.10201086956516	1.76711956521731	2311.64596797393	1394.06968484373	2.610875	2.042625	983.9	2217.52	1.59	2.52	2561.26	2200.79	1.5	1.3	1209.27	1369.5	3	3.2	258.98	291.56	0.23	0.25	0.095978	0.164535	0.76	0.46	4778.52115918281	5154.49714516903	14	15	972.612843064465	1039.77650547269	4.5	4.8	1250.14388240834	1199.38883026834	5.4	5.3	0	0
chr4-73836777-73836778-C-G	Pending	1	3	0	0	0.375	0.889	0.333	9	0.244	0	protein_coding	missense	9	734.548	11220.701	15.276	3.649	5.939	2.632	0	5181.186	13634.889	53.935	52.075	16.809	36	9.7	8.6	0.229011908173561	0.0089915096759796	0.0164482284394998	0.0129578805590431	14.2770380434783	18.6179891304348	13322.4331278958	7669.2997356729	5.938875	3.64925	1665	2613.76	65.31	73.64	37492.52	37470.21	40	40	38565.12	38565.12	75	75	33440.43	34790.11	21	23	0.000286	0.000224	14	15	13947.3450041095	2693.07285958329	49	14	1946.07691079928	780.117463482389	32	14	11220.7012635109	734.547694549659	92	13	0	0
chr5-141350402-141350402-C-CTT	Pending	1	1	0	5	1.361	0	0	27	0.087	0	protein_coding	FS	9	46.18	NA	NA	0.13	NA	NA	0	266.598	NA	25.605	NA	0.894	NA	2.5	NA	NA	0.112342301756144	NA	0.265103181195501	NA	1.50288043478253	NA	368.823512432467	NA	1.038625	NA	46.18	NA	0.31	NA	282.62	NA	0.22	NA	132.31	NA	0.7	NA	123.54	NA	0.13	NA	0.097234	NA	0.75	NA	1318.60914342724	NA	1.7	NA	250.576304515941	NA	1.7	NA	311.860233697583	NA	2	0	0
chr6-31557746-31557747-G-A	Pending	1	1	0	0	3.835	0.212	0.813	170	0.077	0	protein_coding	missense	10	1194.61	1931.032	1.616	1.187	1.428	0.784	0	9613.314	7534.954	525.535	831.085	8.35	7.65	30	33	0.0002699292681427	0.000963553558904	0.0463442957440111	0.0720730187903809	5.44942934782604	3.7201086956521	1931.03160917681	1194.61044704483	1.42825	1.187	4988.47	4974.18	59.94	17.46	29226.64	29309.92	26	26	16763.86	17316.93	9.4	9.7	30598.66	31239.61	27	28	0.001987	0.001334	5.9	7	10081.4370738872	14252.4486128885	12	17	901.342812653957	1267.33083012439	2.8	3.6	1516.31698589644	2117.33706443749	4.3	5.6	0	0
chr6-31767487-31767488-C-T	Pending	5	6	0	0	0.17	0.316	0.054	38	0.137	0	protein_coding	missense	9	305.506	152.062	0.498	1.5	0.65	0.332	0	2886.722	958.837	546.06	619.71	4.55	1.7	37	34	0.0336080566048622	0.155276726931333	0.0995397008578441	0.0661345861725187	2.930679347826	3.996902173913	935.564533793937	2304.79836917657	1.092	1.742875	278.24	493.09	30.42	41.35	10706.41	20983.94	2.1	7.5	3272.12	10757.62	2.2	8.2	3200.41	7037.95	0.65	1.5	0.06802	0.031816	0.91	1.5	299.472668376634	1133.26246020407	0.8	5	982.10969896239	3468.64616562961	17	53	152.061755514638	305.506180077125	1.3	4.1	0	0
chr6-55579035-55579036-G-A	Pending	1	7	0	0	0.192	0	0	6	0.342	0	protein_coding	missense	9	324.84	107.071	0.33	4.833	5.648	1.061	0	5457.612	5792.814	104.87	116.245	17.5	18.5	5	5.8	0.12366858497262	0.252877809107304	0.0213334860941189	0.0414673465870349	11.1157880434782	6.04790760869562	6909.40132714168	5462.4349422687	5.6485	4.8335	4435.9	5452.79	21.48	24.36	25418.12	28811.88	8	12	37132	37535.94	62	64	30094.36	30350.72	18	19	0.000171	0.000315	19	15	4676.22687348547	5441.03041320878	19	22	107.070541724931	324.840372626174	8.2	16	563.988177163189	705.131311434308	20	23	0	0
chr6-70556811-70556812-C-G	Pending	1	6	0	2	36.901	0.302	11.144	609	0.147	0	protein_coding	missense	10	40.7	29.14	0.716	0.06	0.06	1.161	0	163.881	190.227	176.215	42.325	0.226	0.234	13	2.9	0.437132004648447	0.547063015401363	0.806804009084803	0.885257025625971	0.268396739130395	0.144782608695664	96.7514513354612	76.7578962721327	0.295125	0.222875	860.06	861.93	0.06	0.06	29.14	40.7	0.06	0.08	57.2	107.14	0.09	0.23	71.17	105.98	0.11	0.15	0.377865	0.349095	0.27	0.3	283.701963961855	375.868181143635	0.2	0.3	312.406455884112	250.449402542984	0.7	0.6	288.170818465769	220.622600828232	0.7	0.5	0	0
chr6-83168122-83168123-G-C	Pending	1	3	0	1	33.996	0.129	4.385	1352	0.078	0	protein_coding	missense	9	61.347	85.042	1.386	0.132	0.238	2.529	0	1081.707	2735.606	227	309.385	1.025	1.9	6.7	10.32	0.0562632493674755	0.0712805688381195	0.551593893612307	0.640490216574764	0.712989130434678	0.541929347826041	85.0423967014732	61.3470657092775	0.2385	0.1315	4843.97	4909.92	3.83	5.35	2681.24	655.12	1.7	0.55	3033.45	1376.93	2.2	1.5	3376.86	968.76	1.4	0.48	0.201282	0.379644	0.49	0.28	1347.4542324467	1085.26206538749	2.1	1.7	2789.97299740827	1195.63879998812	3.2	1.7	2273.42169447461	1078.15201772135	2.8	1.5	0	0
chr6-88144730-88144731-G-A	Pending	1	1	1	3	4.604	0.468	2.155	389	0.181	0	protein_coding	missense	9	55.42	54.534	0.984	0.28	0.15	1.4	1	273.226	382.472	95.105	41.175	1.206	1.074	1.77	0.64	0.491082310676575	0.0837941206991672	0.521899435101224	0.380076081034834	0.774945652173784	1.1116576086955	468.693602985261	192.540133613364	1.29775	0.763249999999999	1818.97	198	13.14	4.03	283.21	787.37	0.15	0.28	1936.11	5099.03	2.3	4.3	3111.84	3547.95	0.85	0.95	0.148743	0.045106	0.61	1.3	296.249906725841	348.451848177232	0.5	0.7	54.5343322813251	55.4204438974728	5.5	5.6	111.242310353665	115.949798967604	8.4	8.6	1	0
chr7-135189439-135189440-G-C	Pending	1	2	0	3	86.087	0.071	6.112	1266	0.06	0	protein_coding	missense	9	26.475	29.185	1.102	0.005	0.013	1.199	0	148.798	178.342	136.33	123.29	0.2	0.275	6.1	5.6	0.619983665645123	0.661940071731806	0.962329682585945	0.97021773930623	0.0298641304348024	0.018722826087	29.1850415441553	26.4746699684008	0.01275	0.0049999999999999	515.57	189.29	42.22	23.65	2135.42	2614.49	0.15	0.2	874.09	942.86	0.47	0.49	144.46	101.68	0.08	0.06	0.951742	0.975496	0.03	0.01	184.036320672013	108.306372899854	0.4	0.2	172.647383130384	220.373820067344	1.7	2.7	72.7813320807138	71.1246267000188	0.4	0.4	0	0
chr7-150337207-150337208-A-C	Pending	1	9	0	0	19.911	0.944	18.796	514	0.357	0	protein_coding	missense	9	314.536	314.536	1	4.2	4.2	0.986	0	13620.958	13429.111	358.56	1062.01	17.5	19.595	8.6	19.09	0.0168794319033622	0.0210716053843498	0.0060039690971693	0.0060091870579637	46.2246739130435	37.3590489130435	17551.7767837355	17805.8194541155	13.666875	13.88675	3320.31	7861.58	18.19	30.94	16100.6	16129.38	4.2	4.2	25982.58	27875.69	28	31	33671.7	28727.53	25	16	0.000236	0.00073	17	11	10757.6215960582	11112.5358162574	39	40	314.535739633577	314.535739633577	15	15	612.73120708717	483.359212091343	21	19	0	0
chr7-150371970-150371971-C-T	Pending	1	1	1	1	171.165	0.786	134.536	2193	0.376	0	protein_coding	missense	9	586.222	418.817	0.714	0.936	0.795	0.475	1	1354.942	643.68	74.92	153.275	1.85	0.8	11	19	0.0576323010027408	0.0089732035994529	0.208060548526913	0.137590304588776	1.78961956521732	2.35676630434774	418.816730576393	586.221860848708	0.795249999999999	0.936499999999999	4825.56	5382.03	0.5	50.77	583.35	1592.45	0.84	1.9	704.01	1376.93	1.4	1.9	1090.58	3437.76	0.7	1.7	0.173265	0.028531	0.56	1.8	784.45046119223	1332.9536643312	1.8	3.2	452.511895190274	844.559011044235	0.8	1.5	445.615203830338	1037.43286032002	0.8	1.8	1	0
chr7-152146678-152146695-AGCATTTCAGACTTTTTT-A	Pending	1	1	0	4	301.554	0.406	122.431	401	0.238	0	protein_coding	FS	9	38.711	NA	NA	0.006	NA	NA	0	236.67	NA	1022.39	NA	0.345	NA	39	NA	NA	0.906245015561581	NA	0.98163794384377	NA	0.006168478260875	NA	38.7110981641296	NA	0.066625	NA	229.72	NA	0.73	NA	232.14	NA	0.19	NA	241.2	NA	1.2	NA	159.8	NA	0.16	NA	0.82387	NA	0.02	NA	751.224325876238	NA	0.5	NA	399.889499168632	NA	2.5	NA	512.814149887508	NA	2.9	0	0
chr7-23522348-23522349-A-C	Pending	2	6	0	0	113.103	0.048	5.429	710	0.07	0	nonsense_mediated_decay	missense	11	249.16	236.04	0.947	0.82	0.65	0.919	0	1979.76	1818.99	89.43	71.65	1.587	1.004	4	3.6	0.629530433565378	0.546042837202549	0.647870219691307	0.355611273597963	0.5279076086956	1.1791847826086	453.416233266058	1155.60129412217	1.168625	1.874625	2632.26	2538.21	2.8	2.75	21265.3	21891.19	13	14	236.04	249.16	0.84	0.88	1005.72	1421.31	0.65	0.82	0.116625	0.05337	0.65	1.3	3416.84629914709	3454.01654281483	2	2.1	NA	NA	NA	NA	NA	NA	NA	NA	0	0
chr8-112265521-112265522-TG-T	Pending	1	9	0	4	2.041	0	0	10	0.071	0	protein_coding	FS	11	7.18	141.72	19.738	0.15	3.28	0.87	0	322.102	280.269	549.125	915	0.41	0.585	31	34	0.219569060951471	0.189039506018162	0.739070499329336	0.62431230665572	0.37529891304348	0.570570652173856	65.3240323628337	101.203546473992	0.277875	0.45675	141.72	7.18	3.28	0.15	4508.94	1067.92	1.4	0.37	136.67	61.7	0.38	0.25	3761.3	2253.91	0.99	0.66	0.101325	0.232122	0.79	0.45	418.817926575128	543.000891385649	0.2	0.3	NA	NA	NA	NA	NA	NA	NA	NA	0	0
chr8-120413990-120413991-G-A	Pending	1	9	0	3	46.377	0.144	6.678	890	0.088	0	protein_coding	missense	9	51.229	4679.411	91.343	0.01	0.61	57.295	0	147.34	8441.82	643.36	1599.77	0.023	3.787	16	37	0.846314340829849	0.821229390799999	0.290995941887039	0.967890966915944	1.39877717391296	0.0225815217391556	4679.41078201278	51.229244398616	3.787	0.028375	34892.78	21587.02	81.69	36.25	NA	NA	NA	NA	8441.82	135.37	6.8	0.02	7946.11	147.34	1.4	0.02	0.111582	0.811676	0.61	0.01	17505.3143476997	5869.13289643332	43	9.6	NA	NA	NA	NA	NA	NA	NA	NA	0	0
chr8-132814840-132814841-G-T	Pending	5	2	0	1	148.939	0.257	38.277	1243	0.182	0	protein_coding	missense	9	46.113	19360.785	419.854	0.04	30.11	49.878	0	670.075	33422.164	30.81	527.94	0.76	34	0.99	17	0.018982570618391	0.49761626124382	0.0055018402547538	0.913977362169466	46.2246739130435	0.099510869565222	19360.7849102	46.1131497304005	7.616875	0.084625	5359.07	676.82	30.11	0.04	34348.01	636.6	37	0.91	33144.32	663.33	36	1.3	35499.65	873.06	31	0.61	0.001181	0.695612	7.5	0.11	20149.1404424056	514.405605540615	37	1.2	33700.0076920993	754.449195902183	34	1.3	34116.1488040575	716.077454004712	34	1.2	0	0
chr8-143921424-143921425-C-T	Pending	1	3	0	1	408.989	0.188	76.89	6067	0.147	0	protein_coding	missense	9	50.47	61.53	1.219	0.135	1.238	10.149	0	519.031	5267.56	54.905	51.675	1.7	4.15	1.47	1.25	0.0825127437710762	0.149346474558115	0.0949903536513393	0.708849071375313	3.03728260869558	0.423233695652158	1179.24918331531	59.1089029810624	1.23825	0.1345	61.53	50.47	8.05	6.16	16858.81	10090.49	4.8	1.9	5324.55	2352.4	3.5	1.5	12433.23	2880.18	2.7	0.6	0.045122	0.336717	1.2	0.29	5210.57046486107	618.284248621816	25	2.3	2183.53420740775	325.207086036346	36	4.5	11885.5696124754	419.778315051702	93	6	0	0
chr8-31031830-31031831-C-T	Pending	3	3	0	1	1.567	0.58	0.909	69	0.108	0	protein_coding	missense	9	87.57	89.562	1.023	0.12	0.2	1.599	0	659.692	1054.805	240.545	505.21	0.77	0.925	5.3	5.3	0.0509064458310604	0.244231674820185	0.534410196084704	0.699248122737131	0.749374999999887	0.439701086956504	89.5622909637509	87.5699819571325	0.272625	0.263125	4947.66	4895.44	0.58	0.54	2907.89	1413.48	2.8	1.7	1249.17	677.84	1.8	1.3	1089.54	417.99	0.7	0.38	0.494487	0.665443	0.2	0.12	487.31619267946	437.341955446153	1.1	1	1020.07005810333	669.314139921827	1.8	1.2	882.998569499462	650.069813943203	1.5	1.1	0	0
chr8-54459776-54459777-C-T	Pending	1	1	0	0	1.487	0.043	0.064	46	0.119	0	protein_coding	missense	9	136.53	83.66	0.613	18.34	11.54	1.051	0	18286.006	19217.471	1717.52	1714.87	47	58	52.77	51.2	0.0041818208992481	0.0027395859360694	0.0037755310655126	0.0039874052594355	99.2866032608696	99.2866032608696	27079.3152871172	25459.4756760308	23.472375	18.61875	83.66	136.53	11.54	18.34	40628.82	39926.77	55	51	42740.04	38984.65	98	77	47964.13	47759.58	97	96	3e-06	1e-06	61	81	11355.6268690153	11112.5358162574	43	43	4520.22444925446	2723.70457310596	63	43	2371.48291397114	1127.24936673198	39	19	0	0
chr8-7860393-7860394-G-A	Pending	1	1	0	1	0	0	0	0	0.088	0	protein_coding	missense	8	2403.445	2714.425	1.129	2.068	1.737	2.417	0	5575.726	13475.486	112.41	195.72	4.56	8.5	15	16	0.585926201194525	0.462045587599277	0.217065875777432	0.167568074046505	1.73722826086949	2.06812499999994	2714.42518282146	2403.44469573181	2.80825	2.65175	19038.62	5407.96	14.48	4.52	42367.57	38540.09	60	43	7568.32	3167.62	9	5	16423.64	9957.63	8	4.6	0.007801	0.009278	4	3.6	10527.3321026536	5743.49177498518	13	5	NA	NA	NA	NA	NA	NA	NA	NA	0	0
chr9-101362632-101362633-T-C	Pending	1	6	0	2	0.396	0	0	7	0.098	0	protein_coding	missense	9	254.806	269.424	1.057	0.42	0.54	2.092	0	1051.92	2200.18	160.29	157.485	0.7	1.1	24	24	0.169648583978415	0.175581660121679	0.37476783609456	0.392541695444929	1.12491847826072	1.07567934782594	269.423518104754	254.806148474948	0.672125	0.64025	2200.18	1051.92	2.7	1.34	NA	NA	NA	NA	4845.11	4286.63	3.2	2.8	6700.37	5156.23	1.1	0.68	0.12442	0.167393	0.54	0.42	1039.29477233106	1050.60076521104	0.6	0.7	NA	NA	NA	NA	NA	NA	NA	NA	0	0
chr9-108900327-108900328-G-T	Pending	1	9	0	1	29.441	0.737	21.698	605	0.253	0	protein_coding	missense	9	46.903	41.582	0.887	0.016	0.007	0.681	0	1079.87	735.01	109.83	105.27	0.1	0.07	13	13	0.905605182051659	0.786818005144596	0.980299077805561	0.966751670214294	0.0072554347826212	0.0240489130435008	41.5815066449958	46.9027307814525	0.0075	0.016125	7181.74	16706.68	9.1	25.2	NA	NA	NA	NA	1719.85	1964	0.92	1.2	735.01	1079.87	0.07	0.1	0.603883	0.469374	0.02	0.05	401.078500327613	392.492572310797	0.2	0.2	NA	NA	NA	NA	NA	NA	NA	NA	0	0
chr9-91757400-91757401-G-A	Pending	1	9	0	2	22.164	0.204	4.521	285	0.096	0	protein_coding	missense	9	73.501	8263.738	112.43	0.04	0.98	44.319	0	590.46	26168.375	68.365	153.34	0.404	20.5	4.2	8.2	0.0635874941945076	0.306632682681084	0.0145952814613783	0.774626193906083	16.1575543478261	0.318369565217367	8263.73843846862	73.5013615597161	2.671375	0.1855	4620.17	607.38	0.98	0.04	24909.82	573.54	18	0.49	27426.93	1445.63	39	1.5	29031.56	421.76	23	0.24	0.007913	0.829139	3	0.04	9865.62273093003	573.185760166311	24	0.6	157253.384007691	643.576236837642	51	0.8	66785.1644953512	1673.70918707071	33	2.2	0	0
chr9-98371549-98371550-C-T	Pending	1	3	0	4	0.211	0	0	4	0.243	0	protein_coding	missense	9	3.13	11.45	3.658	0.01	0.05	5.657	0	27.632	156.309	32	32.885	0.1	0.301	4.9	5	0.251210946589708	0.231101617217064	0.78478137328492	0.864826438735185	0.302798913043446	0.177472826086941	56.5178895538211	29.4445938517774	0.16375	0.022	11.45	3.13	0.1	0.02	27.84	5.61	0.05	0.01	118.1	15.03	0.65	0.11	339.61	30.97	0.28	0.04	0.226499	0.524745	0.33	0.09	605.048575185664	263.008359402047	0.3	0.2	272.86007866369	32.2804811957582	1.8	0.3	194.518091558871	25.8202236663411	1.4	0.3	0	0
chrX-10128074-10128074-T-TGAAC	Pending	1	3	0	4	15.405	0	0	310	0.18	0	protein_coding	FS	11	42.944	NA	NA	0.018	NA	NA	0	389.116	NA	148.965	757.98	0.165	NA	15	26	NA	0.466928288340568	NA	0.910827537780766	NA	0.105461956521765	NA	42.9438904611562	NA	0.018125	NA	4483.28	NA	0.48	NA	927.5	NA	0.73	NA	88.18	NA	0.22	NA	111.3	NA	0.11	NA	0.707227	NA	0.1	NA	666.931104469387	NA	0.4	NA	NA	NA	NA	NA	NA	NA	NA	0	0
