ID	Evaluation	TSL	Pos	Prob.Pos	Num.Passing.Peptides	RNA.Expr	RNA.VAF	Allele.Expr	RNA.Depth	DNA.VAF	Ref.Match	Biotype	Variant.Type	Peptide.Length	Best.MT.IC50.Score	Corresponding.WT.IC50.Score	Corresponding.Fold.Change	Best.MT.Percentile	Corresponding.WT.Percentile	Median.Fold.Change	cysteine_count	IC50.MT.class1	IC50.WT.class1	IC50.MT.class2	IC50.WT.class2	percentile.MT.class1	percentile.WT.class1	percentile.MT.class2	percentile.WT.class2	MHCflurryEL.Processing.WT.Score	MHCflurryEL.Processing.MT.Score	MHCflurryEL.Presentation.WT.Score	MHCflurryEL.Presentation.MT.Score	MHCflurryEL.Presentation.WT.Percentile	MHCflurryEL.Presentation.MT.Percentile	MHCflurry.WT.Score	MHCflurry.MT.Score	MHCflurry.WT.Percentile	MHCflurry.MT.Percentile	MHCnuggetsI.WT.Score	MHCnuggetsI.MT.Score	MHCnuggetsI.WT.Percentile	MHCnuggetsI.MT.Percentile	NetMHC.WT.Score	NetMHC.MT.Score	NetMHC.WT.Percentile	NetMHC.MT.Percentile	NetMHCcons.WT.Score	NetMHCcons.MT.Score	NetMHCcons.WT.Percentile	NetMHCcons.MT.Percentile	NetMHCpan.WT.Score	NetMHCpan.MT.Score	NetMHCpan.WT.Percentile	NetMHCpan.MT.Percentile	NetMHCpanEL.WT.Score	NetMHCpanEL.MT.Score	NetMHCpanEL.WT.Percentile	NetMHCpanEL.MT.Percentile	PickPocket.WT.Score	PickPocket.MT.Score	PickPocket.WT.Percentile	PickPocket.MT.Percentile	SMM.WT.Score	SMM.MT.Score	SMM.WT.Percentile	SMM.MT.Percentile	SMMPMBEC.WT.Score	SMMPMBEC.MT.Score	SMMPMBEC.WT.Percentile	SMMPMBEC.MT.Percentile	Prob.match	driver_gene
chr1-24391568-24391569-G-A	Review	2	3	0	1	9.767	0.65	6.349	177	0.349	0	protein_coding	missense	8	22.031	33.039	1.5	0.09	0.09	0.698	0	261.759	182.834	41.84	101.57	0.385	0.435	1.37	3	0.0736079476773738	0.504336722195148	0.530495943396174	0.84987769949274	0.757336956521598	0.199375000000003	98.870513730889	90.350535523395	0.179125	0.154375	455.6	849.89	1.36	2.07	148.51	275.97	0.34	0.52	193.22	184.04	0.09	0.09	550.14	610.82	0.53	0.59	0.395985	0.385008	0.24	0.25	2635.42197653288	3380.0760613847	1.8	2.7	33.0392362944458	22.0307864107848	0.3	0.2	172.448729860971	247.548329510683	1.7	2.2	0	0
chr1-46184995-46184996-G-A	Pending	1	5	0	1	9.949	0.205	2.04	146	0.103	0	protein_coding	missense	10	322.21	366.91	1.139	0.81	0.48	0.677	0	1041.857	704.836	282.645	444.015	2.301	1.949	1.8	1.8	0.167843703180552	0.181993506848812	0.189642713973486	0.144072357231322	1.9055434782608	2.29201086956516	704.835725635678	1041.8574649171	1.94875	2.32725	3943.57	6114.41	13.94	17.77	NA	NA	NA	NA	366.91	322.21	2.5	2.3	390.49	926.41	0.48	0.81	0.092703	0.039865	0.69	1.2	7208.65719926761	7446.48439236199	8.8	9.3	NA	NA	NA	NA	NA	NA	NA	NA	0	0
chr1-46194620-46194621-G-T	Review	6	5	0	2	93.628	0.092	8.614	1191	0.131	0	nonsense_mediated_decay	missense	9	54.78	53.607	0.979	0.2	0.12	0.514	0	161.38	82.89	6.41	11.47	1.1	0.685	0.12	0.3	0.289535850286484	0.24357583001256	0.82558810211584	0.627005415169351	0.238179347826076	0.565706521739074	49.6766068360119	121.99049344555	0.35225	0.682749999999999	921.61	1453.02	0.12	0.2	80.65	125.92	0.72	1	80.87	165.16	2	2.7	84.91	157.6	0.65	1.2	0.724445	0.524183	0.12	0.25	53.606933103778	54.77960566194	1.8	1.8	275.492639474665	369.071066661647	3.4	4.1	282.767830642082	375.344451218561	3.5	4.1	0	0
chr10-17590435-17590436-T-A	Accept	1	3	0	8	45.068	0.127	5.724	395	0.108	0	protein_coding	missense	9	5.95	10.5	1.765	0.02	0.32	1.834	0	36.343	66.651	10.69	10.69	0.055	0.113	0.03	0.03	0.522921614348888	0.702650554478168	0.897771148409121	0.941578449386415	0.12551630434784	0.0601358695652436	61.5213516700469	63.3683381969308	0.071	0.077	71.78	9.13	0.32	0.02	10.5	5.95	0.04	0.02	27.11	15.78	0.1	0.05	34.07	18.47	0.04	0.03	0.763716	0.851608	0.05	0.03	293.061826679596	198.51637314368	0.2	0.2	95.6202775595795	58.0162962407333	0.4	0.2	103.307059476707	54.216315509843	0.4	0.2	0	0
chr10-7381807-7381808-G-T	Pending	1	1	0	0	35.526	0.148	5.258	1032	0.113	0	protein_coding	missense	9	973.969	1121.067	1.151	1.5	2.3	1.379	0	2602.52	3589.67	158.15	182.21	6.199	7.5	0.17	0.24	0.017033252865076	0.0204919800162315	0.0352444320610784	0.0501565874487414	6.96279891304346	5.05404891304345	2753.55518630815	1908.28698808213	3.639375	3.057625	3589.67	2602.52	13.27	11.2	NA	NA	NA	NA	19461.13	20194.97	28	29	28464.53	27758.61	17	16	0.00062	0.001017	7.5	6.2	1121.06690721145	973.968525934644	2.3	1.5	NA	NA	NA	NA	NA	NA	NA	NA	0	0
chr10-8013756-8013757-C-G	Pending	1	11	0	0	15.387	0.16	2.462	169	0.1	0	protein_coding	missense	11	115.92	581.71	5.018	0.7	1.7	5.236	0	1765.99	9246.21	415.15	584.85	1.3	4	4.449	6.82	0.44489136710763	0.476187162101269	0.0424190857485076	0.179123334762429	5.91374999999996	1.98277173913036	10728.6218287439	2328.84152536768	8.26275	3.353	20105.11	6579.51	39.62	18.52	NA	NA	NA	NA	581.71	115.92	3.2	1.2	9246.21	1698.23	4	1.3	0.004982	0.053326	3.3	0.96	2635.42197653288	1765.99013402768	1.7	0.7	NA	NA	NA	NA	NA	NA	NA	NA	0	0
chr11-64226860-64226861-C-T	Accept	1	9	0	7	49.038	0.184	9.023	588	0.133	0	protein_coding	missense	9	43.67	8600.708	196.949	0.214	4.871	72.561	0	96.346	6990.96	4.67	6.65	0.68	18.153	0.06	0.12	0.0462881401181221	0.286538369953632	0.0132243358421604	0.841476852907086	17.305597826087	0.213750000000004	8600.70760946297	43.6697245813818	4.870625	0.309625	5711.58	2309.3	97.26	0.29	12503.24	90.09	23	0.79	13797.25	77.86	19	2	7489.15	74.18	12	0.57	0.012269	0.563214	4.5	0.23	828.057266653624	102.602787986748	14	3.1	6296.65647122033	233.942970458104	19	3.1	6492.76972058481	239.568657957037	20	3.1	0	0
chr11-68042843-68042844-G-A	Pending	1	3	0	1	113.153	0.011	1.245	529	0.181	0	protein_coding	missense	10	274.641	767.658	2.795	0.53	4.2	2.354	0	942.646	2219.394	17.68	29.9	3.449	5.7	0.54	0.97	0.187822390347719	0.205649640411139	0.0822126179755937	0.358902811217536	3.35877717391296	1.17062499999987	2037.30200566286	329.555664262919	2.312125	1.124875	5526.47	4036.23	4.2	0.53	4384.76	3294.75	12	8.7	3083.08	563.96	7.7	3.8	2014.06	1382.23	4.7	3.8	0.202703	0.272152	0.77	0.6	767.657650839511	274.64103826736	6.7	3.1	2401.48567283694	1087.62704940107	15	8.3	1878.53806655717	797.664014678055	13	6.5	0	0
chr11-89047531-89047532-C-T	Pending	1	7	0	1	0.128	0	0	6	0.182	0	protein_coding	missense	10	777.6	509.12	0.655	2.043	1.715	0.853	0	1158.47	987.823	76.12	100.52	2.699	2.273	0.03	0.05	0.313968274742365	0.234716724604368	0.220424287688641	0.170633101696357	1.71461956521732	2.04293478260864	987.823426254726	1026.75698207558	2.27275	2.31525	509.12	777.6	4.48	5.8	NA	NA	NA	NA	489.43	1158.47	2.9	4.7	2889.32	5708.12	1.7	2.7	0.015254	0.008297	1.9	2.6	4429.96936959386	4727.09731866074	4.1	4.4	NA	NA	NA	NA	NA	NA	NA	NA	0	0
chr12-120324986-120324987-G-A	Pending	1	6	0	5	0.023	0	0	0	0.323	0	protein_coding	missense	10	10.22	39.42	3.857	0.09	0.35	1.431	0	49.252	70.473	89.25	276.35	0.39	0.595	1.43	5.8	0.191334307193756	0.0697048902511596	0.765484253711295	0.698207792206969	0.333152173913007	0.440923913043463	50.9319078094933	46.6100727023199	0.358625	0.33	4667.96	5167.7	0.76	1.17	67.92	15.85	0.62	0.15	22.44	11.47	0.57	0.24	39.42	10.22	0.35	0.09	0.427287	0.419047	0.33	0.34	95.118802004836	51.894824978829	1.3	0.7	73.0264182190599	59.3581012146138	1.1	0.9	88.6788392828402	67.2697788595796	1.3	1	0	0
chr12-131138194-131138195-G-A	Pending	1	3	0	1	5.392	0.477	2.572	44	0.173	0	protein_coding	missense	10	109.98	432.07	3.929	0.76	1.4	6.71	0	865.239	5805.972	24.56	69	1.9	5.87	0.63	1.76	0.0029480829834938	0.0069882608950138	0.0145911457355131	0.0979133487220726	16.1575543478261	2.97065217391297	6627.95061744914	865.238709780736	5.86975	2.1405	37933.87	30695.06	77.12	59.51	NA	NA	NA	NA	432.07	109.98	2.7	1.2	2038.48	856.58	1.4	0.76	0.004527	0.016728	3.4	1.9	5805.97248675531	2664.09147713626	6.2	1.6	NA	NA	NA	NA	NA	NA	NA	NA	0	0
chr12-71584400-71584401-T-G	Review	1	6	0	5	0.864	0.429	0.371	14	0.061	0	protein_coding	missense	9	69.269	23.907	0.345	0.16	0.06	0.149	0	197.285	29.341	13.13	15.87	1.3	0.185	0.04	0.06	0.259651042521	0.333469361066818	0.896539617923028	0.800142487348008	0.1272282608696	0.277826086956495	23.9069474161577	69.2685872620776	0.139875	0.4645	689.3	1101.76	0.06	0.16	19.81	165.49	0.18	1.4	20.69	226.04	0.78	3.1	21.47	168.53	0.19	1.2	0.642667	0.273604	0.17	0.6	34.7746014625987	126.02003385118	1.1	3.6	77.4657981707607	242.164233319404	1.4	3.2	79.1461875760719	263.894294073757	1.4	3.3	0	0
chr13-48456232-48456239-AAAAAAGG-A	Accept	1	5	0	2	30.579	0.317	9.694	252	0.193	0	protein_coding	FS	9	4.596	NA	NA	0.04	NA	NA	0	73.25	NA	165.915	568.56	0.168	NA	19.062	50	NA	0.41783782467246	NA	0.890936532408107	NA	0.135353260869579	NA	45.2006406728196	NA	0.12	NA	61.14	NA	0.24	NA	106.36	NA	0.06	NA	85.36	NA	0.34	NA	141.22	NA	0.09	NA	0.717054	NA	0.04	NA	4625.90386831785	NA	18	NA	4.59642311489304	NA	0.2	NA	11.8252409869324	NA	0.3	0	1
chr14-53055810-53055811-C-T	Pending	1	6	0	2	21.583	0.053	1.144	455	0.05	0	protein_coding	missense	10	209.187	352.837	1.687	0.06	0.09	1.08	0	748.744	808.549	80.85	163.62	0.126	0.17	4.102	8.4	0.849242761731148	0.867271929979324	0.836262975738172	0.900453206595997	0.221249999999983	0.121195652173924	352.836770581254	209.18737393791	0.487625	0.33075	1552.32	1436.83	0.14	0.13	356.68	534	0.05	0.07	365.84	398.91	0.09	0.1	704.35	532.88	0.09	0.06	0.598811	0.714113	0.13	0.07	912.748447087475	963.487207450801	0.5	0.5	1462.34552351574	1455.62665614733	0.2	0.2	1751.66075520206	1696.09432094401	0.3	0.3	0	0
chr14-70523334-70523335-G-A	Pending	1	3	6	0	10.064	0.303	3.049	257	0.156	0	protein_coding	missense	9	837.065	828.057	0.989	5.793	6.612	1.111	1	8191.923	9100.078	636.75	881.14	20	21.5	7.539	10.7	0.0452584773302078	0.0043054521083831	0.0091339168372407	0.0091921516295112	24.5792391304348	24.5792391304348	12595.3859979303	10778.5369816229	6.61175	5.793125	5604.77	5605.31	73.38	74.09	13770.71	10896.55	24	20	20478.82	17505.31	27	23	19020.84	18696.82	24	23	0.000495	0.000431	19	20	828.057266653624	837.065307307968	14	14	3335.10875154925	2249.62432834059	15	13	3129.17606732296	2120.45958783998	15	12	0	0
chr15-52611230-52611231-C-G	Review	1	4	0	4	48.23	0.305	14.71	393	0.157	1	protein_coding	missense	9	38.2	40.474	1.06	0.028	0.045	0.991	0	130.44	129.24	53.11	35.2	0.24	0.23	0.63	0.31	0.63237539678812	0.699552718549967	0.951046205300429	0.963050154304754	0.0451630434782828	0.0282065217391647	40.4742724732941	38.1999267096658	0.073625	0.057625	102.6	62.72	1.16	0.63	NA	NA	NA	NA	240.65	181.7	2.4	2.1	129.24	130.44	0.23	0.24	0.590834	0.618479	0.07	0.07	2314.52844807955	1654.98649030649	7.3	4.4	NA	NA	NA	NA	NA	NA	NA	NA	0	0
chr16-52439880-52439881-T-C	Review	2	6	0	2	21.713	0.518	11.247	170	0.311	0	protein_coding	missense	9	109.97	104.85	0.953	0.24	0.16	0.647	0	161.995	104.85	91.42	28.87	1.1	0.742	1.48	0.21	0.026307675987482	0.0413386262953281	0.538427833210551	0.384226911468893	0.74154891304336	1.10002717391288	80.5357471141016	161.994603508217	0.4015	0.82775	1226.04	1600.91	7.53	8.67	NA	NA	NA	NA	104.85	109.97	1.5	1.5	69.93	130.58	0.16	0.24	0.125556	0.074908	0.52	0.79	1290.38154414547	1422.35784649154	2.9	3.3	NA	NA	NA	NA	NA	NA	NA	NA	0	0
chr17-50536769-50536770-C-T	Pending	2	2	0	1	39.335	0.28	11.014	457	0.16	0	protein_coding	missense	10	324	204.83	0.632	0.5	0.2	0.462	0	1037.05	478.81	34.52	132.95	1.85	0.78	0.92	2.96	0.10200085118413	0.0384778305888175	0.0104166234973252	0.0078607237550786	22.1923097826087	31.6431793478261	13509.536732198	14360.7283642337	6.01275	6.341	204.83	324	0.76	1.06	468.88	2133.99	0.8	2.6	365.84	902.93	0.39	0.91	488.74	603.54	0.48	0.58	0.033531	0.035477	2.8	2.7	2314.52844807955	2551.25138296514	1.4	1.6	493.878363033046	1171.17016389179	0.5	2.1	234.163930916164	508.768248748919	0.2	0.5	0	0
chr17-75570397-75570398-G-A	Accept	1	5	0	5	356.811	0.631	225.148	2214	0.3	0	protein_coding	missense	9	69.884	49.44	0.707	0.063	0.029	0.405	0	218.041	88.294	70.91	161.34	0.715	0.22	1.81	3.4	0.766250528395176	0.71853493526578	0.962528587780861	0.939403124429496	0.0298641304348024	0.0631249999999994	49.4403345696691	69.8842733843372	0.02925	0.096	83.45	210.07	0.36	0.77	28.41	93.57	0.08	0.23	59.09	198.52	0.24	0.75	170.01	720.61	0.2	0.68	0.861555	0.626509	0.02	0.08	1824.25347836465	1485.26775588534	4.8	3.5	106.549152585163	248.056150645133	0.4	0.9	93.1386631351415	226.011220206215	0.3	0.8	0	0
chr17-7673802-7673803-G-T	Accept	1	10	0	1	146.947	0.936	137.542	1937	0.395	0	protein_coding	missense	11	56.587	65.133	1.151	0.7	0.8	1.283	0	1321.71	1696.166	610.27	795.4	2.604	3.328	12.211	15.1	0.127712532877922	0.0465276017785072	0.0305315651140003	0.0269210968952277	8.01565217391304	9.15535326086956	4801.05698103434	4081.69073864891	3.435375	3.165	5505.38	5438.64	3.22	2.04	2109.47	936.63	6.6	4.1	150.65	88.66	1.5	0.93	417.1	143.63	2.1	0.97	0.061498	0.106873	1.9	1.3	65.133200907097	56.5868881409458	0.8	0.7	3220.40134979526	3621.67937614955	27	29	1282.86217436268	1706.7896475378	15	18	0	1
chr17-78451527-78451528-C-T	Pending	5	3	0	3	1.595	0.333	0.531	12	0.104	1	protein_coding	missense	10	59.41	45.82	0.771	0.34	0.27	0.734	0	108.969	79.96	30.02	81.59	0.678	0.767	0.79	2.04	0.0097993165254592	0.0910428538918495	0.493880206954316	0.590374865442663	0.833967391304242	0.63521739130428	91.1338621880151	82.0033171000256	0.5715	0.526624999999999	2113.73	2755.88	0.27	0.34	78.67	80.61	0.7	0.72	45.82	59.41	1.2	1.3	75.01	80.22	0.58	0.61	0.345694	0.365605	0.46	0.41	74.1634734344795	135.93534130779	1.1	1.9	88.6094416563998	153.278061758156	1.3	1.9	81.249369591174	154.106160398253	1.1	1.9	0	0
chr18-10705437-10705438-C-T	Accept	1	6	0	1	16.975	0.157	2.665	108	0.136	0	protein_coding	missense	9	78.539	118.976	1.515	0.37	0.81	3.463	0	269.32	932.55	378.06	3483.05	0.773	1	6.051	22.97	0.0016373768448829	0.0021140612661838	0.42254946653968	0.523183772728105	0.999320652173779	0.772581521738999	118.976308944778	78.5389929829676	0.63625	0.38275	6355.1	3433.53	18.17	12.97	NA	NA	NA	NA	754.47	269.32	4.2	2.5	932.55	263.49	0.81	0.37	0.048668	0.140911	1	0.48	1804.62185661009	1196.25937088688	5.1	2.5	NA	NA	NA	NA	NA	NA	NA	NA	0	0
chr18-58607355-58607356-C-G	Pending	1	2	0	2	2.636	0	0	0	0.166	0	protein_coding	missense	9	25.715	741.478	28.834	0.006	0.569	56.69	0	60.821	3447.951	75.51	101.45	0.795	8.5	1.06	1.53	0.737150959670544	0.798217698931694	0.625444008739853	0.981908157278791	0.568586956521685	0.006168478260875	741.477973127186	25.7154969842872	1.559625	0.15575	5605.98	5353.65	74.95	1.59	8991.18	74.05	18	0.68	7131.08	26.25	13	0.91	5565.11	27.72	8.6	0.26	0.045305	0.813553	2.2	0.07	442.099590302049	47.5918176110943	8.4	1.6	1330.79144395407	74.4920626757942	8.6	1.4	1087.50183891737	74.7188191977565	7.6	1.4	0	0
chr19-15227556-15227559-AGCG-A	Accept	1	8	0	4	2.256	0.627	1.415	59	0.255	0	protein_coding	inframe_del	10	20.14	6978.43	346.496	0.18	9.1	99.058	0	39.93	3955.418	61.76	157.83	0.41	13	1.61	3.35	0.171875480562449	0.0184589698910713	0.0951258397093025	0.692120997827899	3.01372282608688	0.450978260869562	1630.2901060861	39.8342032336926	2.112375	0.28175	5606.85	1362.9	76.03	0.19	9435.4	36.18	19	0.32	6978.43	20.14	13	0.52	6115.94	20.19	9.1	0.18	0.014717	0.397652	4.1	0.37	1709.58761513716	40.0266064796863	13	0.6	2303.98687109623	88.4056455958709	14	1.3	2112.6132534364	81.0625012266564	14	1.1	0	0
chr19-49653599-49653605-GGAGGAC-G	Pending	2	2	0	1	89.747	0.684	61.387	952	0.373	0	protein_coding	inframe_del	11	67.35	16012.486	237.752	0.301	12.284	11.258	0	1422.358	16012.486	206.4	2775.4	3.5	20.232	4.898	23.54	0.167932640761137	0.204457383602858	0.0111433151018105	0.72272386054225	20.2322554347826	0.400054347826085	16012.4860647205	67.3496343398682	12.28425	0.3015	8782.34	3882.07	22.02	13.82	NA	NA	NA	NA	40682.73	1157.39	62	4.7	40387.78	17570.02	39	7.7	0.000179	0.004239	12	3.5	9146.0108795381	1422.35784649154	14	0.5	NA	NA	NA	NA	NA	NA	NA	NA	0	0
chr19-6213066-6213067-C-T	Pending	1	9	0	4	60.568	0.144	8.722	1067	0.1	0	protein_coding	missense	9	485.758	1564.66	3.221	12	12	0.912	0	21186.881	19318.66	636.185	536.03	40.5	35.5	51	46	0.0248106563522014	0.0177184902131557	0.0045062664296799	0.004326141296766	62.7446739130435	62.7446739130435	24312.9457075715	24713.7114245834	31.956	32.785125	16902.84	19626.84	53.72	66.27	22907.46	22746.92	12	12	21734.48	27725.29	34	44	37261.59	42983.97	41	65	1e-04	1.1e-05	26	49	9550.53265102175	9550.53265102175	37	37	1564.66007164058	485.758042757335	39	23	563.391123261606	707.63613209629	24	27	0	0
chr20-59868526-59868527-C-T	Pending	1	1	0	0	133.113	0.067	8.919	1472	0.083	0	protein_coding	missense	9	50.399	42.798	0.849	0.67	1.4	2.38	0	2048.77	4876.42	2.08	8.89	4.469	8.949	0	0.21	0.0193936750292778	0.0025830417871475	0.0131672877837538	0.048188375220427	17.305597826087	5.2477717391304	7833.36590777678	1866.97005770564	8.597625	4.0335	913.8	255.13	3.23	1.12	4570.38	2230.57	1.4	0.67	5182.46	2952.5	12	7.4	25569.55	14049.42	19	7.1	0.001583	0.006544	9.3	4.9	5681.68344658443	4106.84141846427	23	16	42.7976576125929	50.3987772572877	2.5	3	64.2406608612895	64.5371822791707	3.9	3.9	0	0
chr21-36278028-36278029-G-C	Accept	1	3	0	6	62.018	0.248	15.38	509	0.114	0	protein_coding	missense	9	47.937	38.109	0.795	0.07	0.03	0.311	0	223.67	69.47	33.49	41.79	0.33	0.16	0.28	0.42	0.465663261711597	0.411352958530188	0.91948127730939	0.882912321351504	0.0918750000000017	0.148016304347834	38.1093043701126	47.9371689396146	0.057625	0.138	266.6	223.67	2.84	2.48	NA	NA	NA	NA	69.47	178.87	1.2	2.1	68.93	233.65	0.16	0.33	0.761916	0.594587	0.03	0.07	1407.05120650257	1422.35784649154	3.3	3.3	NA	NA	NA	NA	NA	NA	NA	NA	0	0
chr21-43690353-43690354-T-C	Pending	1	4	0	3	33.736	0.25	8.434	1169	0.162	0	protein_coding	missense	9	87.185	97.429	1.117	0.17	0.2	0.319	0	575.98	183.49	47.98	63.66	0.446	0.509	0.54	0.85	0.32333679497242	0.518649220466614	0.734967979022267	0.860437125829403	0.382173913043459	0.184021739130444	97.4288478187753	87.1849338925154	0.509	0.44625	183.49	575.98	2.1	4.85	NA	NA	NA	NA	648.9	801.48	3.9	4.3	107.22	138.27	0.21	0.24	0.351684	0.39113	0.2	0.17	3033.44952712265	4576.12241190687	12	19	NA	NA	NA	NA	NA	NA	NA	NA	0	0
chr22-29050111-29050112-G-T	Accept	1	8	0	0	31.014	0.315	9.769	426	0.142	0	protein_coding	missense	8	171.54	20149.14	117.46	0.56	31	5.369	0	4539.528	24371.733	213.16	346.26	3.699	41	4.129	5.71	0.001150656491518	0.0026209503412246	0.0035436966577677	0.0189920547982709	99.2866032608696	12.8054619565217	28594.3255095126	5023.445235599	50.901375	6.561875	11442.69	4055.61	32.07	11	42625.05	10497.88	57	3.2	20149.14	171.54	31	0.56	39387.86	8838.88	49	4.2	4.8e-05	0.017245	33	3	9972.94614226821	3848.70047370434	16	2.4	NA	NA	NA	NA	NA	NA	NA	NA	0	0
chr22-37922138-37922139-C-A	Pending	1	3	0	0	336.582	0.33	111.072	3427	0.146	0	protein_coding	missense	9	427.98	140.42	0.328	2.841	1.125	0.305	0	4527.187	1381.685	472.67	508.68	15	5.1	6.969	7.3	0.017154611647129	0.0011704862117767	0.223404563952181	0.0287172477790593	1.69836956521731	8.54532608695651	329.177922094937	3231.36507562737	1.124875	2.8405	5595.45	5649.43	59.18	93.83	2149	8555.84	6.7	17	2635.42	13212.86	7.6	19	2481.45	15669.07	5.2	20	0.100647	0.007914	1.4	5.6	140.420104526777	427.979731978361	3.9	8.2	548.415852489424	3404.94420691566	5	15	614.369998980795	3391.79815808239	5.4	15	0	0
chr3-126157408-126157409-C-A	Pending	2	5	0	1	0.535	0.4	0.214	5	0.154	0	nonsense_mediated_decay	missense	9	9.791	9.927	1.014	0.09	0.3	1.607	0	1427.69	2294.181	393.49	1356.23	2.35	4.2	33	69	0.0031123347580432	0.015302013605833	0.0110261795345431	0.0243100203469345	20.2322554347826	9.84945652173911	8881.90439833302	4057.4798149574	9.425875	5.87425	12374.88	8188.89	35.4	21.82	843.05	200.37	0.3	0.09	3150.53	1304.42	7.6	4.7	5783.65	1899.77	2.7	0.97	0.004842	0.040677	5.7	1.8	1437.8310001274	1550.96012730843	2.3	2.9	18.4255304689344	17.7590610416267	0.7	0.7	9.92681663947893	9.79061560914062	0.3	0.3	0	0
chr3-39411905-39411906-A-C	Pending	1	2	0	0	575.582	0.011	6.331	7320	0.05	1	protein_coding	missense	9	36.543	292.961	8.017	2	16	2.816	0	6333.171	17834.741	201.15	382.99	8.727	32.5	1.4	3.13	0.0112229995429515	0.0037155635654926	0.0136946672080628	0.0243258558732777	17.305597826087	9.84945652173911	7298.37251248086	3887.13194295709	8.2395	5.745375	23116.15	17401.88	81.86	55.95	23016.27	8779.21	12	2.6	34798.02	13648.77	59	22	44907.97	29311.19	77	24	2e-05	0.000485	42	16	12653.2128518332	2635.42197653288	46	7.6	477.99130878601	39.7575853550153	23	2.3	292.961128578556	36.5434882102898	16	2	0	0
chr4-168221799-168221800-T-C	Accept	1	7	0	4	15.44	0.078	1.204	449	0.156	0	protein_coding	missense	9	47.563	48.735	1.025	0.02	0.02	0.551	0	185.11	101.95	20.91	29.17	0.5	0.281	0.65	0.95	0.254394501447678	0.504361864179373	0.809833684524289	0.913487645628443	0.261956521739123	0.10138586956522	48.7350110448619	47.5634567172708	0.027	0.024625	26.89	355.92	0.11	1.14	128.8	280.51	0.3	0.53	114.33	203.96	0.52	0.77	102.01	166.26	0.13	0.19	0.859783	0.870621	0.02	0.02	1158.05301827804	1050.60076521104	2.2	1.9	100.588886357072	123.751365575901	0.4	0.5	101.88963348276	127.095449078651	0.4	0.5	0	0
chr4-42588303-42588304-C-T	Pending	1	1	0	2	12.577	0.343	4.314	239	0.147	0	protein_coding	missense	11	102.554	1520.749	14.829	0.646	3.674	2.545	0	2749.521	6998.626	440.4	1244.16	2.35	10.55	9.25	18.74	0.0707436762750148	0.0641932189464569	0.0729082697535454	0.513321289372512	3.7201086956521	0.794456521738994	1520.74941306208	102.55362936928	3.674125	0.645625	6469.76	1566.15	17.08	4.97	38983.4	33879.26	41	27	4174.04	545.95	8.7	2.3	31924.38	12020.51	29	5.9	0.001012	0.038553	12	1.9	7527.49114979243	3932.89229682844	9.1	2.4	NA	NA	NA	NA	NA	NA	NA	NA	0	0
chr5-141403339-141403340-G-A	Pending	1	1	0	2	9.628	0.328	3.158	125	0.159	0	protein_coding	missense	9	56.436	66.694	1.182	0.014	0.013	1.347	0	646.048	870.075	236.91	270.89	0.545	1.35	4.898	5.69	0.966582760214806	0.912849172949791	0.975010902808339	0.974322468168739	0.0130978260869767	0.0141576086956831	66.6943257863996	56.4357060705443	0.08575	0.053625	3404.46	2796.42	5.32	4.6	933.75	256.76	1.5	0.49	1202.75	731.18	2.3	1.7	597.37	345.64	0.58	0.37	0.721325	0.793587	0.06	0.04	776.008632837805	560.91551463325	1.2	0.6	806.399036130603	737.140036835831	2.6	2.4	1159.12427192537	914.386909485563	3.5	2.9	0	0
chr6-142367779-142367780-G-C	Pending	1	6	0	0	6.952	0.533	3.705	105	0.26	0	protein_coding	missense	9	471.752	531.377	1.126	2.797	2.824	1.023	0	4322.381	4423.63	588.09	470.21	12.5	13	2.029	1.43	0.0029985234141349	0.0030184611678123	0.0289676702236074	0.0295934664642514	8.54532608695651	8.26921195652172	3223.15034167565	3151.14107814162	2.824125	2.796875	5624.11	5619.47	89.11	86.99	6651.04	5493.62	15	13	5712.5	5965.16	12	12	9673.88	9823.13	14	14	0.028154	0.02009	3	3.5	531.376816391114	471.752198162359	9.3	8.7	2704.64332121398	2582.91431959175	14	13	2967.76835716838	2886.88843024867	14	14	0	0
chr7-102822182-102822183-C-G	Accept	1	8	0	4	16.776	0.67	11.24	279	0.154	0	protein_coding	missense	9	29.094	15.269	0.525	0.15	0.05	0.317	0	283.75	89.84	87.48	148.65	1.5	0.42	0.28	0.87	0.109100829809904	0.0226549729704856	0.687616565219162	0.338819798295061	0.459891304347806	1.23336956521727	56.6312790312858	185.346741673946	0.236375	1.1625	87.92	213.65	0.38	0.96	91.76	353.85	0.05	0.15	182.06	727.23	0.88	3.2	616.99	3197.75	0.35	1.6	0.380608	0.052295	0.21	1.6	1602.12922627967	2169.04570370701	3.1	5.6	22.5642030923088	57.2031572836814	1.1	3.5	15.2689790774519	29.0944398354873	0.5	1.4	0	0
chr8-144436857-144436858-C-T	Pending	1	1	0	0	38.943	0.342	13.319	549	0.148	0	protein_coding	missense	10	1946.87	7025.033	3.608	2.6	6.2	2.034	0	3454.017	7025.033	54.46	544.12	4.398	8.4	1.76	10.7	0.17806513234973	0.183402016758919	0.0253432613695413	0.0843859407007615	9.49423913043476	3.29679347826078	7025.03329914432	1946.87018251898	6.075875	3.0895	11980.52	9179.07	26.88	22.66	NA	NA	NA	NA	5344.22	2481.82	13	7	18960.85	10506.28	8.4	4.5	0.001554	0.002496	5.2	4.4	5805.97248675531	3454.01654281483	6.2	2.6	NA	NA	NA	NA	NA	NA	NA	NA	0	0
chr8-144440436-144440437-C-T	Accept	1	1	0	2	38.943	0.3	11.683	333	0.157	0	protein_coding	missense	9	48.113	262.526	5.456	0.149	1.436	5.781	0	708.641	4096.666	14.99	28.3	1.545	12	0.08	0.28	0.0410432033240795	0.0395856313407421	0.280567830392944	0.668495392053383	1.43584239130423	0.493315217391284	262.525846794102	48.1128902106141	1.49375	0.1495	4625.36	544.33	12.36	2.14	9399.02	1680.54	2.8	0.52	5530.06	763.52	12	3.3	18380.71	1858.86	12	0.95	0.007649	0.199987	4.5	0.51	3567.97106119069	1864.15973431607	13	4.1	923.464064384024	653.762491410912	31	26	1056.35526200945	505.603416581086	33	23	0	0
chr8-144442302-144442303-C-G	Reject	1	4	5	1	38.943	0.277	10.787	692	0.166	0	protein_coding	missense	9	159.283	77.98	0.49	0.59	0.31	0.507	1	641.2	325.33	249.17	362.53	1.179	0.766	25	31	0.0031307153403759	0.0017350651323795	0.525811679355854	0.355403068611064	0.765951086956406	1.1791847826086	77.979866146056	159.283303394255	0.38275	0.821375	4008.34	17815.28	14.07	35.89	NA	NA	NA	NA	247.39	414.93	2.5	3.1	325.33	641.2	0.43	0.64	0.225048	0.111116	0.31	0.59	1376.93031903257	1550.96012730843	3.2	3.9	NA	NA	NA	NA	NA	NA	NA	NA	0	0
chr8-144443168-144443169-C-G	Accept	1	5	0	5	38.943	0.277	10.787	566	0.137	0	protein_coding	missense	9	6.79	27.68	4.077	0.019	0.011	0.926	0	31.291	28.961	59.4	63.03	0.08	0.04	0.01	0.01	0.669869229197502	0.149177212268114	0.968460144612374	0.818622393269494	0.0214130434782759	0.249918478260838	28.961487282858	31.2906897770928	0.01075	0.0195	256.23	200	2.75	2.26	NA	NA	NA	NA	27.68	6.79	0.5	0.08	12.7	7.62	0.04	0.03	0.812934	0.738823	0.03	0.04	503.393672721951	423.37404734272	0.5	0.3	NA	NA	NA	NA	NA	NA	NA	NA	0	0
chr8-144881803-144881804-G-C	Reject	1	8	8	3	43.526	0.542	23.591	437	0.29	0	protein_coding	missense	9	35.73	11.17	0.313	0.07	0.02	0.522	1	74.82	39.085	50.52	25.91	0.509	0.199	1.64	0.83	0.274458583444357	0.0953136757016182	0.849957453918116	0.658994007283349	0.199375000000003	0.509429347826057	39.0845792634702	61.5818431525255	0.063625	0.25675	2175.62	2283.28	10.2	10.46	NA	NA	NA	NA	17.68	74.82	0.3	1.3	11.17	35.73	0.04	0.1	0.891077	0.600338	0.02	0.07	437.341955446153	598.537372158204	0.4	0.7	NA	NA	NA	NA	NA	NA	NA	NA	1	0
chr8-22601039-22601040-C-T	Review	2	5	0	6	18.782	0.3	5.635	413	0.166	0	protein_coding	missense	9	10.36	161.49	15.588	0.067	0.317	6.689	0	16.612	111.117	75.38	208.24	0.275	1.11	1.11	4.24	0.0071590095758438	0.143022302538157	0.660493482420948	0.88797513780312	0.507717391304325	0.140054347826123	44.3622653683452	17.1347970481286	0.317125	0.067	5041.05	4728.82	1.02	0.79	136.5	16.09	1.2	0.15	83.09	10.69	2	0.41	161.49	10.36	1.2	0.09	0.333188	0.686743	0.48	0.14	29.5649814848543	13.7135767371574	0.9	0.4	103.54043852073	23.9392202263121	1.7	0.5	118.694337295661	24.9706587724982	1.9	0.5	0	0
chr8-38976734-38976735-C-T	Pending	1	4	0	4	6.994	0.724	5.064	152	0.477	0	protein_coding	missense	10	136.66	828.82	6.065	0.94	3	1.649	0	512.972	845.815	13.22	29.04	4.949	4.35	0.06	0.3	0.0072974972426891	0.0055829435586929	0.0191225717281223	0.008098243941697	12.1872282608695	27.6173913043478	5073.15325567167	12351.5989417302	3.5365	6.478375	5603.24	5600.05	71.3	66.64	862.81	206.66	3.9	1.6	1073.58	1332.95	5.1	5.5	828.82	136.66	3	0.94	0.006291	0.024087	6.2	3.2	423.37404734272	560.91551463325	4.4	5.6	446.149078183536	465.028960298455	4.3	4.4	357.948049302332	382.66610861489	3.5	3.7	0	0
chr8-47837381-47837391-AACCTAGTTTC-A	Accept	1	10	0	2	348.232	0.081	28.207	2981	0.066	0	protein_coding	FS	10	401.08	22573.33	56.281	0.27	16	18.64	0	856.632	15967.68	63.44	695.78	0.55	15.5	0.85	13.61	0.0055480599403381	0.142889644950628	0.0032297925216082	0.015645374027824	99.2866032608696	15.1609510869565	31977.6728401931	10258.5294770485	29.65775	1.563125	9175.41	8475.78	11.1	7.61	23226.41	597.14	15	0.29	22573.33	401.08	18	0.31	29551.62	926.06	16	0.27	2.5e-05	0.06597	47	0.99	5869.13289643332	912.748447087475	7.7	0.3	7739.0918315541	712.344376211245	9	0.5	9362.02938646301	800.515969341273	12	0.6	0	0
chr8-52674011-52674012-T-C	Pending	1	7	0	0	52.442	0.184	9.649	1497	0.104	0	protein_coding	missense	9	228.46	137.978	0.604	13	8.7	0.889	0	17599.762	15642.846	1977.41	1951.99	42.281	29.365	10.289	10.14	0.0013822838664054	0.0006023794412612	0.0049553747233736	0.0047822844915526	62.7446739130435	62.7446739130435	20234.7518666125	20933.3334064198	22.245375	23.513625	11050.94	14266.19	30.73	42.54	20699.13	24179.3	8.7	13	30068.96	30893.41	48	50	39688.61	41573.34	50	58	8.4e-05	2e-05	28	42	8758.62300723931	11604.0356333116	34	43	573.350241800278	821.145278351918	24	30	137.978049076163	228.459909278435	8.5	14	0	0
chr8-73046128-73046129-G-A	Pending	1	8	0	0	27.312	0.128	3.496	600	0.102	0	protein_coding	missense	9	1145.591	864.682	0.755	13.857	11.316	0.692	0	18858.771	13052.525	55.035	71.955	31	25.5	2.189	2.7	0.008871853351593	0.0146734826266765	0.0053198457342	0.0048925448192346	46.2246739130435	62.7446739130435	19321.922754755	21520.7137108473	11.31575	13.856625	5693.9	5646.93	96.61	93.57	25932.04	32634.03	45	63	21500.59	26694.99	29	39	22163.61	26185.21	28	34	0.00029	2e-04	23	26	864.681670102131	1145.59068280975	14	16	5024.69841158535	11617.4282786777	18	25	6783.12780583953	16196.8291082257	20	28	0	0
chr8-73081207-73081208-G-A	Reject	1	7	3	2	0.353	0.231	0.082	26	0.104	0	protein_coding	missense	10	31.14	38.63	1.241	0.09	0.13	1.126	2	404.441	455.54	20.77	38.4	0.664	0.499	0.13	0.4	0.279761634767056	0.044679470360279	0.705910001424642	0.409279295633647	0.427663043478233	1.03413043478248	96.4508093421572	147.222417524148	0.596125	0.9475	38.63	31.14	0.13	0.09	6712.05	4915.02	1.9	1.4	163.39	113.71	0.57	0.26	747.69	661.66	0.42	0.38	0.042507	0.038773	1.8	1.9	1584.88798467302	1567.83228391243	0.2	0.2	NA	NA	NA	NA	NA	NA	NA	NA	0	0
chr9-124799324-124799324-A-AATTC	Pending	1	4	0	0	5.382	0	0	111	0.405	0	protein_coding	FS	9	1255.481	NA	NA	0.583	NA	NA	0	3089.702	NA	124.56	116.29	1.55	NA	18.75	16.72	NA	0.225554749369621	NA	0.0721891821743696	NA	3.7201086956521	NA	2702.29396359118	NA	0.583374999999999	NA	11799.77	NA	43.47	NA	4043.04	NA	1.4	NA	6095.65	NA	3.1	NA	3477.11	NA	0.73	NA	0.070323	NA	0.93	NA	1785.20149967003	NA	5.3	NA	1299.00253919232	NA	1.6	NA	1255.48058186304	NA	1.5	0	0
